D_hat,D_hi_dchi1,D_hi_dchi384,D_lo_dchi1,D_lo_dchi384,ablation,chi2_min,chi2_red,dc_resid_std,dc_sigma_max,dc_sigma_max_nL_s,dc_sigma_min,dc_sigma_min_nL_s,dof,h1_resid_rms,h1_sigma_max,h1_sigma_max_nL_s,h1_sigma_min,h1_sigma_min_nL_s,h2_resid_rms,h2_sigma_max,h2_sigma_max_nL_s,h2_sigma_min,h2_sigma_min_nL_s,harmonics,location,max_delta_chi2,n_dc,n_h1,n_h2,n_obs,n_params,objective,profile_flat,tile_id,weight_mode,width_decades_dchi1,width_decades_dchi384
0.001,0.0023713737056616554,0.005623413251903491,1e-06,1e-06,mosaic_flow_free_boundary,0.032239072983672214,2.8913966801499744e-05,1.3180156186561615e-14,2.90007820315413e-14,0.029000782031541297,2.90007820315413e-14,0.029000782031541297,1115,0.009018726929421688,2.90007820315413e-14,0.029000782031541297,2.90007820315413e-14,0.029000782031541297,0.0073566877342922665,2.90007820315413e-14,0.029000782031541297,2.90007820315413e-14,0.029000782031541297,H1+H2,periphery,10.970928319374774,238,238,238,1190,75,ordinary_least_squares,False,1,constant_average_sigma,3.375,3.75
0.001,0.0023713737056616554,0.005623413251903491,1e-06,1e-06,mosaic_flow_free_boundary,0.03115803772270928,1.816795202490337e-05,9.621176591824061e-08,2.90017802016321e-14,0.0290017802016321,2.90017802016321e-14,0.0290017802016321,1715,0.007094266042726695,2.90017802016321e-14,0.0290017802016321,2.90017802016321e-14,0.0290017802016321,0.005781829747321692,2.90017802016321e-14,0.0290017802016321,2.90017802016321e-14,0.0290017802016321,H1+H2,periphery,12.277910024843589,372,372,372,1860,145,ordinary_least_squares,False,2,constant_average_sigma,3.375,3.75
0.001,0.005623413251903491,0.01778279410038923,1e-06,1e-06,mosaic_flow_free_boundary,0.006978607816881952,5.452037356939025e-06,1.2122639813137965e-07,2.900469866167101e-14,0.02900469866167101,2.900469866167101e-14,0.02900469866167101,1280,0.004311147990560884,2.900469866167101e-14,0.02900469866167101,2.900469866167101e-14,0.02900469866167101,0.002517459500129613,2.900469866167101e-14,0.02900469866167101,2.900469866167101e-14,0.02900469866167101,H1+H2,periphery,6.614157875693653,280,280,280,1400,120,ordinary_least_squares,False,3,constant_average_sigma,3.75,4.25
0.001,0.004216965034285823,0.01,1e-06,1e-06,mosaic_flow_free_boundary,0.007092090434079488,3.4511388973622813e-06,1.2321683780709957e-14,2.900588840236161e-14,0.029005888402361613,2.900588840236161e-14,0.029005888402361613,2055,0.0032494455723006076,2.900588840236161e-14,0.029005888402361613,2.900588840236161e-14,0.029005888402361613,0.0022960101213404293,2.900588840236161e-14,0.029005888402361613,2.900588840236161e-14,0.029005888402361613,H1+H2,periphery,9.05258269683,448,448,448,2240,185,ordinary_least_squares,False,4,constant_average_sigma,3.625,4.0
1e-06,7.498942093324559e-05,0.00023713737056616554,1e-06,1e-06,mosaic_flow_free_boundary,2392.323353578909,0.8731107129850033,0.941890950780502,2.9073954081271496e-14,0.029073954081271496,2.9073954081271496e-14,0.029073954081271496,2740,1.479654051813669,2.9073954081271496e-14,0.029073954081271496,2.9073954081271496e-14,0.029073954081271496,0.9777855447490487,2.9073954081271496e-14,0.029073954081271496,2.9073954081271496e-14,0.029073954081271496,H1+H2,interior,788.9689826079689,593,593,593,2965,225,ordinary_least_squares,False,5,constant_average_sigma,1.875,2.375
1e-06,0.0001333521432163324,0.00042169650342858224,1e-06,1e-06,mosaic_flow_free_boundary,2358.9283373677213,1.5673942440981536,1.2498492465569726,2.912898009530212e-14,0.02912898009530212,2.912898009530212e-14,0.02912898009530212,1505,1.95554255208569,2.912898009530212e-14,0.02912898009530212,2.912898009530212e-14,0.02912898009530212,1.3006897270101632,2.912898009530212e-14,0.02912898009530212,2.912898009530212e-14,0.02912898009530212,H1+H2,interior,1021.5310821060989,333,333,333,1665,160,ordinary_least_squares,False,6,constant_average_sigma,2.125,2.625
0.001,0.001333521432163324,0.0017782794100389228,0.00042169650342858224,1e-06,mosaic_flow_free_boundary,0.40448248189884106,0.0010112062047471027,6.339012365366636e-14,2.920254672621016e-14,0.02920254672621016,2.920254672621016e-14,0.02920254672621016,400,0.048012957786430416,2.920254672621016e-14,0.02920254672621016,2.920254672621016e-14,0.02920254672621016,0.04027120897075031,2.920254672621016e-14,0.02920254672621016,2.920254672621016e-14,0.02920254672621016,H1+H2,interior,663.1541902562756,103,103,103,515,115,ordinary_least_squares,False,7,constant_average_sigma,0.5,3.25
0.001333521432163324,0.0031622776601683794,0.005623413251903491,1e-06,1e-06,mosaic_flow_free_boundary,0.34000853043384677,0.00033664210934044236,2.222333310662331e-13,2.902711570363204e-14,0.029027115703632037,2.902711570363204e-14,0.029027115703632037,1010,0.033003251971882475,2.902711570363204e-14,0.029027115703632037,2.902711570363204e-14,0.029027115703632037,0.02185508971688713,2.902711570363204e-14,0.029027115703632037,2.902711570363204e-14,0.029027115703632037,H1+H2,periphery,77.34607653224575,217,217,217,1085,75,ordinary_least_squares,False,8,constant_average_sigma,3.5,3.75
0.001,0.001333521432163324,0.0017782794100389228,0.00042169650342858224,1e-06,mosaic_flow_free_boundary,0.4667465306924345,0.00032300797971794777,1.0489735339042251e-13,2.907054495196841e-14,0.02907054495196841,2.907054495196841e-14,0.02907054495196841,1445,0.029673150443273972,2.907054495196841e-14,0.02907054495196841,2.907054495196841e-14,0.02907054495196841,0.02423345886571076,2.907054495196841e-14,0.02907054495196841,2.907054495196841e-14,0.02907054495196841,H1+H2,interior,818.2501398726066,318,318,318,1590,145,ordinary_least_squares,False,9,constant_average_sigma,0.5,3.25
0.001,0.0031622776601683794,0.005623413251903491,1e-06,1e-06,mosaic_flow_free_boundary,0.0254307114304939,1.564966857261163e-05,8.806071005739375e-14,2.9019914351862e-14,0.029019914351862,2.9019914351862e-14,0.029019914351862,1625,0.00727448006578758,2.9019914351862e-14,0.029019914351862,2.9019914351862e-14,0.029019914351862,0.004396393870393664,2.9019914351862e-14,0.029019914351862,2.9019914351862e-14,0.029019914351862,H1+H2,periphery,23.883103641124833,352,352,352,1760,135,ordinary_least_squares,False,10,constant_average_sigma,3.5,3.75
0.001,0.0031622776601683794,0.005623413251903491,1e-06,1e-06,mosaic_flow_free_boundary,0.02018785226452261,1.2656960667412296e-05,5.946353366701351e-14,2.9024263235291777e-14,0.029024263235291777,2.9024263235291777e-14,0.029024263235291777,1595,0.006350487383670968,2.9024263235291777e-14,0.029024263235291777,2.9024263235291777e-14,0.029024263235291777,0.004106177440814307,2.9024263235291777e-14,0.029024263235291777,2.9024263235291777e-14,0.029024263235291777,H1+H2,periphery,30.671143593617074,353,353,353,1765,170,ordinary_least_squares,False,11,constant_average_sigma,3.5,3.75
0.001,0.0017782794100389228,0.0023713737056616554,0.0001333521432163324,1e-06,mosaic_flow_free_boundary,0.07174447600632305,3.796004021498574e-05,9.206681210736495e-14,2.90396846851902e-14,0.029039684685190203,2.90396846851902e-14,0.029039684685190203,1890,0.009600282258722235,2.90396846851902e-14,0.029039684685190203,2.90396846851902e-14,0.029039684685190203,0.008914711602757239,2.90396846851902e-14,0.029039684685190203,2.90396846851902e-14,0.029039684685190203,H1+H2,interior,128.2293610002033,418,418,418,2090,200,ordinary_least_squares,False,12,constant_average_sigma,1.125,3.375
1e-06,5.623413251903491e-05,0.00017782794100389227,1e-06,1e-06,mosaic_flow_free_boundary,4649.881134611456,3.1957945942346777,1.9887106497361868,2.938191961049584e-14,0.029381919610495837,2.938191961049584e-14,0.029381919610495837,1455,2.7039886485516336,2.938191961049584e-14,0.029381919610495837,2.938191961049584e-14,0.029381919610495837,1.8032234477806224,2.938191961049584e-14,0.029381919610495837,2.938191961049584e-14,0.029381919610495837,H1+H2,interior,632.8966177468637,320,320,320,1600,145,ordinary_least_squares,False,13,constant_average_sigma,1.75,2.25
0.004216965034285823,0.004216965034285823,0.004216965034285823,0.004216965034285823,0.004216965034285823,mosaic_flow_free_boundary,5812.193361690241,7.4515299508849235,3.06712952686197,3.051595081013202e-14,0.030515950810132017,3.051595081013202e-14,0.030515950810132017,780,3.8027205810988964,3.051595081013202e-14,0.030515950810132017,3.051595081013202e-14,0.030515950810132017,2.496456590039132,3.051595081013202e-14,0.030515950810132017,3.051595081013202e-14,0.030515950810132017,H1+H2,interior,767.1798844324849,193,193,193,965,185,ordinary_least_squares,False,14,constant_average_sigma,0.0,0.0
0.001,0.0017782794100389228,0.0031622776601683794,1e-06,1e-06,mosaic_flow_free_boundary,0.04220210789878335,2.364263747831e-05,3.8270208276308587e-13,2.9093165824159045e-14,0.029093165824159044,2.9093165824159045e-14,0.029093165824159044,1785,0.006415170167391959,2.9093165824159045e-14,0.029093165824159044,2.9093165824159045e-14,0.029093165824159044,0.008021898869367688,2.9093165824159045e-14,0.029093165824159044,2.9093165824159045e-14,0.029093165824159044,H1+H2,interior,61.91381523546385,400,400,400,2000,215,ordinary_least_squares,False,15,constant_average_sigma,3.25,3.5
0.001,0.007498942093324558,0.023713737056616554,1e-06,1e-06,mosaic_flow_free_boundary,0.00473008470935702,2.570698211607076e-06,7.98664700461866e-14,2.901220054476708e-14,0.02901220054476708,2.901220054476708e-14,0.02901220054476708,1840,0.0020137005882039146,2.901220054476708e-14,0.02901220054476708,2.901220054476708e-14,0.02901220054476708,0.0027250317558836883,2.901220054476708e-14,0.02901220054476708,2.901220054476708e-14,0.02901220054476708,H1+H2,periphery,8.021450046220233,412,412,412,2060,220,ordinary_least_squares,False,16,constant_average_sigma,3.875,4.375
0.001,0.01333521432163324,0.1,1e-06,1e-06,mosaic_flow_free_boundary,0.001987948867778428,1.169381686928487e-06,2.6531816503408406e-14,2.9007545653636055e-14,0.029007545653636054,2.9007545653636055e-14,0.029007545653636054,1700,0.001517164755499682,2.9007545653636055e-14,0.029007545653636054,2.9007545653636055e-14,0.029007545653636054,0.001756589425649086,2.9007545653636055e-14,0.029007545653636054,2.9007545653636055e-14,0.029007545653636054,H1+H2,periphery,3.2943962068098154,369,369,369,1845,145,ordinary_least_squares,False,17,constant_average_sigma,4.125,5.0
0.001,0.01333521432163324,0.1,1e-06,1e-06,mosaic_flow_free_boundary,0.002842873551867728,1.702319492136364e-06,1.5001735964375198e-14,2.900684244940873e-14,0.029006842449408734,2.900684244940873e-14,0.029006842449408734,1670,0.001998841942285403,2.900684244940873e-14,0.029006842449408734,2.900684244940873e-14,0.029006842449408734,0.0019586317853704785,2.900684244940873e-14,0.029006842449408734,2.900684244940873e-14,0.029006842449408734,H1+H2,periphery,3.1783413463141406,363,363,363,1815,145,ordinary_least_squares,False,18,constant_average_sigma,4.125,5.0
0.001,0.0031622776601683794,0.005623413251903491,1e-06,1e-06,mosaic_flow_free_boundary,0.019671981599079753,1.221862211122966e-05,1.0470782831089399e-13,2.9047559465193e-14,0.029047559465193003,2.9047559465193e-14,0.029047559465193003,1610,0.004953593392619527,2.9047559465193e-14,0.029047559465193003,2.9047559465193e-14,0.029047559465193003,0.005431925808824482,2.9047559465193e-14,0.029047559465193003,2.9047559465193e-14,0.029047559465193003,H1+H2,interior,59.104027277955915,364,364,364,1820,210,ordinary_least_squares,False,19,constant_average_sigma,3.5,3.75
0.001,0.001333521432163324,0.0017782794100389228,0.0005623413251903491,1e-06,mosaic_flow_free_boundary,0.18017993168389873,0.00015269485735923622,3.291487696896768e-13,2.9602584631146743e-14,0.029602584631146744,2.9602584631146743e-14,0.029602584631146744,1180,0.018407872379603216,2.9602584631146743e-14,0.029602584631146744,2.9602584631146743e-14,0.029602584631146744,0.01867779155499614,2.9602584631146743e-14,0.029602584631146744,2.9602584631146743e-14,0.029602584631146744,H1+H2,interior,591.1027861575484,262,262,262,1310,130,ordinary_least_squares,False,20,constant_average_sigma,0.37499999999999994,3.25
1e-06,0.00023713737056616554,0.0005623413251903491,1e-06,1e-06,mosaic_flow_free_boundary,3048.278669775503,2.7095810398004474,2.9886087732064377,3.026486318634564e-14,0.030264863186345643,3.026486318634564e-14,0.030264863186345643,1125,1.474358183190353,3.026486318634564e-14,0.030264863186345643,3.026486318634564e-14,0.030264863186345643,0.6752244218125986,3.026486318634564e-14,0.030264863186345643,3.026486318634564e-14,0.030264863186345643,H1+H2,interior,1209.464978700396,263,263,263,1315,190,ordinary_least_squares,False,21,constant_average_sigma,2.375,2.75
0.001,0.0017782794100389228,0.0023713737056616554,3.1622776601683795e-05,1e-06,mosaic_flow_free_boundary,0.11861954019529125,7.413721262205703e-05,6.276286021745851e-14,2.9125607532745436e-14,0.029125607532745436,2.9125607532745436e-14,0.029125607532745436,1600,0.011614540796294075,2.9125607532745436e-14,0.029125607532745436,2.9125607532745436e-14,0.029125607532745436,0.01411531055050194,2.9125607532745436e-14,0.029125607532745436,2.9125607532745436e-14,0.029125607532745436,H1+H2,interior,215.71482790184123,355,355,355,1775,175,ordinary_least_squares,False,22,constant_average_sigma,1.75,3.375
0.001,0.0031622776601683794,0.005623413251903491,1e-06,1e-06,mosaic_flow_free_boundary,0.01741369415294615,1.1609129435297433e-05,2.955097732983092e-14,2.902549827807231e-14,0.02902549827807231,2.902549827807231e-14,0.02902549827807231,1500,0.005583572563203026,2.902549827807231e-14,0.02902549827807231,2.902549827807231e-14,0.02902549827807231,0.004409639595752626,2.902549827807231e-14,0.02902549827807231,2.902549827807231e-14,0.02902549827807231,H1+H2,interior,39.94431060177862,344,344,344,1720,220,ordinary_least_squares,False,23,constant_average_sigma,3.5,3.75
0.001,0.004216965034285823,0.007498942093324558,1e-06,1e-06,mosaic_flow_free_boundary,0.015112455423023842,1.0176737658601913e-05,5.726099184907648e-14,2.9035616764369963e-14,0.029035616764369963,2.9035616764369963e-14,0.029035616764369963,1485,0.005692891832444127,2.9035616764369963e-14,0.029035616764369963,2.9035616764369963e-14,0.029035616764369963,0.0037157021669313294,2.9035616764369963e-14,0.029035616764369963,2.9035616764369963e-14,0.029035616764369963,H1+H2,periphery,26.074615042887462,327,327,327,1635,150,ordinary_least_squares,False,24,constant_average_sigma,3.625,3.875
0.001,0.007498942093324558,0.023713737056616554,1e-06,1e-06,mosaic_flow_free_boundary,0.003843216340973191,3.099368016913864e-06,5.5362875402466405e-14,2.9045392018933946e-14,0.029045392018933944,2.9045392018933946e-14,0.029045392018933944,1240,0.0030086274633202913,2.9045392018933946e-14,0.029045392018933944,2.9045392018933946e-14,0.029045392018933944,0.0021846464242729737,2.9045392018933946e-14,0.029045392018933944,2.9045392018933946e-14,0.029045392018933944,H1+H2,periphery,10.156108547729652,278,278,278,1390,150,ordinary_least_squares,False,25,constant_average_sigma,3.875,4.375
0.001,0.005623413251903491,0.01333521432163324,1e-06,1e-06,mosaic_flow_free_boundary,0.0030106010209685783,1.9937755105752173e-06,1.92738102682216e-14,2.9021223190548335e-14,0.029021223190548336,2.9021223190548335e-14,0.029021223190548336,1510,0.001916559556156071,2.9021223190548335e-14,0.029021223190548336,2.9021223190548335e-14,0.029021223190548336,0.00223671256571381,2.9021223190548335e-14,0.029021223190548336,2.9021223190548335e-14,0.029021223190548336,H1+H2,interior,13.220015567246076,347,347,347,1735,225,ordinary_least_squares,False,26,constant_average_sigma,3.75,4.125
0.001,0.0023713737056616554,0.004216965034285823,1e-06,1e-06,mosaic_flow_free_boundary,0.031581983734027506,1.879879984168304e-05,9.991715881197693e-14,2.909534348174265e-14,0.029095343481742652,2.909534348174265e-14,0.029095343481742652,1680,0.007144520160522064,2.909534348174265e-14,0.029095343481742652,2.909534348174265e-14,0.029095343481742652,0.005798795508918357,2.909534348174265e-14,0.029095343481742652,2.909534348174265e-14,0.029095343481742652,H1+H2,interior,65.41862334502763,373,373,373,1865,185,ordinary_least_squares,False,27,constant_average_sigma,3.375,3.625
0.001333521432163324,0.0023713737056616554,0.0031622776601683794,1.333521432163324e-05,1e-06,mosaic_flow_free_boundary,0.2676052917483304,0.00022487839642716843,1.8888692426158556e-13,2.980963575034911e-14,0.02980963575034911,2.980963575034911e-14,0.02980963575034911,1190,0.026197953892455834,2.980963575034911e-14,0.02980963575034911,2.980963575034911e-14,0.02980963575034911,0.01745846276244732,2.980963575034911e-14,0.02980963575034911,2.980963575034911e-14,0.02980963575034911,H1+H2,interior,477.5285405947071,270,270,270,1350,160,ordinary_least_squares,False,28,constant_average_sigma,2.25,3.5
0.001,0.0017782794100389228,0.0031622776601683794,1e-06,1e-06,mosaic_flow_free_boundary,0.09261396534042393,6.784905885745342e-05,9.77620911562083e-14,2.9275472096691095e-14,0.029275472096691096,2.9275472096691095e-14,0.029275472096691096,1365,0.013726361252004894,2.9275472096691095e-14,0.029275472096691096,2.9275472096691095e-14,0.029275472096691096,0.01087454671169497,2.9275472096691095e-14,0.029275472096691096,2.9275472096691095e-14,0.029275472096691096,H1+H2,interior,145.16347194945672,302,302,302,1510,145,ordinary_least_squares,False,29,constant_average_sigma,3.25,3.5
0.001,0.004216965034285823,0.007498942093324558,1e-06,1e-06,mosaic_flow_free_boundary,0.016687946556102756,1.1352344595988269e-05,3.433408731199597e-14,2.903162571639383e-14,0.029031625716393828,2.903162571639383e-14,0.029031625716393828,1470,0.005438100501370849,2.903162571639383e-14,0.029031625716393828,2.903162571639383e-14,0.029031625716393828,0.004532219826853098,2.903162571639383e-14,0.029031625716393828,2.903162571639383e-14,0.029031625716393828,H1+H2,interior,27.989883303232695,333,333,333,1665,195,ordinary_least_squares,False,30,constant_average_sigma,3.625,3.875
0.001,0.023713737056616554,0.1,1e-06,1e-06,mosaic_flow_free_boundary,0.0017000107114508998,1.1971906418668308e-06,1.480228011751561e-14,2.90042965067151e-14,0.029004296506715103,2.90042965067151e-14,0.029004296506715103,1420,0.0018587562994341615,2.90042965067151e-14,0.029004296506715103,2.90042965067151e-14,0.029004296506715103,0.001405833967919055,2.90042965067151e-14,0.029004296506715103,2.90042965067151e-14,0.029004296506715103,H1+H2,periphery,1.8956749471901202,313,313,313,1565,145,ordinary_least_squares,False,31,constant_average_sigma,4.375,5.0
0.001,0.05623413251903491,0.1,1e-06,1e-06,mosaic_flow_free_boundary,0.0005620918908400734,4.408563849726066e-07,1.2954889156216186e-14,2.900254781112213e-14,0.029002547811122128,2.900254781112213e-14,0.029002547811122128,1275,0.0012326541526788714,2.900254781112213e-14,0.029002547811122128,2.900254781112213e-14,0.029002547811122128,0.0007088561322910842,2.900254781112213e-14,0.029002547811122128,2.900254781112213e-14,0.029002547811122128,H1+H2,periphery,1.1838688431784499,278,278,278,1390,115,ordinary_least_squares,False,32,constant_average_sigma,4.75,5.0
0.001,0.004216965034285823,0.01333521432163324,1e-06,1e-06,mosaic_flow_free_boundary,0.0036413469547770423,1.9420517092144226e-06,3.4381913485281326e-14,2.9001510905184664e-14,0.029001510905184665,2.9001510905184664e-14,0.029001510905184665,1875,0.0024951517724679344,2.9001510905184664e-14,0.029001510905184665,2.9001510905184664e-14,0.029001510905184665,0.0016163039306925145,2.9001510905184664e-14,0.029001510905184665,2.9001510905184664e-14,0.029001510905184665,H1+H2,interior,8.573833861039414,412,412,412,2060,185,ordinary_least_squares,False,33,constant_average_sigma,3.625,4.125
0.001,0.004216965034285823,0.01,1e-06,1e-06,mosaic_flow_free_boundary,0.008765330050648201,9.960602330282047e-06,3.1286353147430775e-14,2.9008652702516233e-14,0.029008652702516232,2.9008652702516233e-14,0.029008652702516232,880,0.005476583202133476,2.9008652702516233e-14,0.029008652702516232,2.9008652702516233e-14,0.029008652702516232,0.0037193664357455343,2.9008652702516233e-14,0.029008652702516232,2.9008652702516233e-14,0.029008652702516232,H1+H2,interior,9.114000768379096,200,200,200,1000,120,ordinary_least_squares,False,34,constant_average_sigma,3.625,4.0
0.001,0.0023713737056616554,0.004216965034285823,1e-06,1e-06,mosaic_flow_free_boundary,0.04643269070809464,2.8750892079315566e-05,1.2438562555946847e-13,2.911281434928657e-14,0.02911281434928657,2.911281434928657e-14,0.02911281434928657,1615,0.009934530279736354,2.911281434928657e-14,0.02911281434928657,2.911281434928657e-14,0.02911281434928657,0.005730835503312657,2.911281434928657e-14,0.02911281434928657,2.911281434928657e-14,0.02911281434928657,H1+H2,interior,66.90388803067665,353,353,353,1765,150,ordinary_least_squares,False,35,constant_average_sigma,3.375,3.625
0.001,0.007498942093324558,0.023713737056616554,1e-06,1e-06,mosaic_flow_free_boundary,0.002941619151568283,2.1162727709124337e-06,2.2044246963781814e-14,2.902752533047366e-14,0.029027525330473664,2.902752533047366e-14,0.029027525330473664,1390,0.00239533611524457,2.902752533047366e-14,0.029027525330473664,2.902752533047366e-14,0.029027525330473664,0.0018897847127986474,2.902752533047366e-14,0.029027525330473664,2.902752533047366e-14,0.029027525330473664,H1+H2,interior,8.8321242398599,316,316,316,1580,190,ordinary_least_squares,False,36,constant_average_sigma,3.875,4.375
0.001,0.023713737056616554,0.07498942093324558,1e-06,1e-06,mosaic_flow_free_boundary,0.0021042036381934775,1.7462270856377406e-06,1.7850973104297922e-14,2.904288150486632e-14,0.029042881504866322,2.904288150486632e-14,0.029042881504866322,1205,0.0022445809951367316,2.904288150486632e-14,0.029042881504866322,2.904288150486632e-14,0.029042881504866322,0.001694814488219747,2.904288150486632e-14,0.029042881504866322,2.904288150486632e-14,0.029042881504866322,H1+H2,periphery,4.851399970359145,266,266,266,1330,125,ordinary_least_squares,False,37,constant_average_sigma,4.375,4.875
0.001,0.023713737056616554,0.1,1e-06,1e-06,mosaic_flow_free_boundary,0.0003895986866356796,3.9754968024048934e-07,1.8291745191830776e-14,2.903338688999357e-14,0.029033386889993566,2.903338688999357e-14,0.029033386889993566,980,0.0010330173039990406,2.903338688999357e-14,0.029033386889993566,2.903338688999357e-14,0.029033386889993566,0.0008245935737720586,2.903338688999357e-14,0.029033386889993566,2.903338688999357e-14,0.029033386889993566,H1+H2,periphery,3.7560120047881043,223,223,223,1115,135,ordinary_least_squares,False,38,constant_average_sigma,4.375,5.0
0.001,0.023713737056616554,0.1,1e-06,1e-06,mosaic_flow_free_boundary,0.0012602817982731856,9.962701962633878e-07,1.2660194314472238e-14,2.900450711020982e-14,0.02900450711020982,2.900450711020982e-14,0.02900450711020982,1265,0.0019573738875521816,2.900450711020982e-14,0.02900450711020982,2.900450711020982e-14,0.02900450711020982,0.000748273507672301,2.900450711020982e-14,0.02900450711020982,2.900450711020982e-14,0.02900450711020982,H1+H2,interior,1.7442183630303998,287,287,287,1435,170,ordinary_least_squares,False,39,constant_average_sigma,4.375,5.0
0.001,0.01,0.1,1e-06,1e-06,mosaic_flow_free_boundary,0.0017591456844550611,1.3584136559498541e-06,5.515264319480375e-14,2.900432366459458e-14,0.029004323664594583,2.900432366459458e-14,0.029004323664594583,1295,0.002348511907438843,2.900432366459458e-14,0.029004323664594583,2.900432366459458e-14,0.029004323664594583,0.0007559769238474178,2.900432366459458e-14,0.029004323664594583,2.900432366459458e-14,0.029004323664594583,H1+H2,interior,3.061449675769883,289,289,289,1445,150,ordinary_least_squares,False,40,constant_average_sigma,4.0,5.0
0.001,0.05623413251903491,0.1,1e-06,1e-06,mosaic_flow_free_boundary,0.0007799275071690235,7.463421121234675e-07,5.520656158306759e-14,2.9001210121975294e-14,0.029001210121975294,2.9001210121975294e-14,0.029001210121975294,1045,0.0017311798939619438,2.9001210121975294e-14,0.029001210121975294,2.9001210121975294e-14,0.029001210121975294,0.0005160534699208264,2.9001210121975294e-14,0.029001210121975294,2.9001210121975294e-14,0.029001210121975294,H1+H2,interior,1.1591870373691104,239,239,239,1195,150,ordinary_least_squares,False,41,constant_average_sigma,4.75,5.0
0.001,0.05623413251903491,0.1,1e-06,1e-06,mosaic_flow_free_boundary,0.0005738216078236081,4.2663316566811015e-07,2.8505028490200005e-14,2.9000599481116196e-14,0.029000599481116197,2.9000599481116196e-14,0.029000599481116197,1345,0.001292620597089766,2.9000599481116196e-14,0.029000599481116197,2.9000599481116196e-14,0.029000599481116197,0.0004982647931555944,2.9000599481116196e-14,0.029000599481116197,2.9000599481116196e-14,0.029000599481116197,H1+H2,interior,1.1735723315087643,299,299,299,1495,150,ordinary_least_squares,False,42,constant_average_sigma,4.75,5.0
0.001,0.1,0.1,1e-06,1e-06,mosaic_flow_free_boundary,0.00025068128712719316,2.7247965992086213e-07,1.1408872294466571e-14,2.900159280124348e-14,0.029001592801243477,2.900159280124348e-14,0.029001592801243477,920,0.0010231149293170266,2.900159280124348e-14,0.029001592801243477,2.900159280124348e-14,0.029001592801243477,0.00044071795100190144,2.900159280124348e-14,0.029001592801243477,2.900159280124348e-14,0.029001592801243477,H1+H2,periphery,0.8504149290860988,202,202,202,1010,90,ordinary_least_squares,True,43,constant_average_sigma,5.0,5.0
0.001,0.1,0.1,1e-06,1e-06,mosaic_flow_free_boundary,0.0009513994013837725,1.068988091442441e-06,4.8416148012495787e-14,2.900117981463065e-14,0.02900117981463065,2.900117981463065e-14,0.02900117981463065,890,0.0020932563199425164,2.900117981463065e-14,0.02900117981463065,2.900117981463065e-14,0.02900117981463065,0.0006125969196295198,2.900117981463065e-14,0.02900117981463065,2.900117981463065e-14,0.02900117981463065,H1+H2,periphery,0.6922942722549107,200,200,200,1000,110,ordinary_least_squares,True,44,constant_average_sigma,5.0,5.0
0.001,0.1,0.1,1e-06,1e-06,mosaic_flow_free_boundary,0.0012640124620230551,9.875097359555117e-07,1.030361596813784e-13,2.9001081794645506e-14,0.029001081794645507,2.9001081794645506e-14,0.029001081794645507,1280,0.002054105069655802,2.9001081794645506e-14,0.029001081794645507,2.9001081794645506e-14,0.029001081794645507,0.0004645253583059416,2.9001081794645506e-14,0.029001081794645507,2.9001081794645506e-14,0.029001081794645507,H1+H2,interior,0.7444416824296801,285,285,285,1425,145,ordinary_least_squares,True,45,constant_average_sigma,5.0,5.0
0.001,0.07498942093324558,0.1,1e-06,1e-06,mosaic_flow_free_boundary,0.0010623259133023502,7.534226335477662e-07,3.293928015569333e-14,2.9001433069190596e-14,0.029001433069190594,2.9001433069190596e-14,0.029001433069190594,1410,0.0017593673359448127,2.9001433069190596e-14,0.029001433069190594,2.9001433069190596e-14,0.029001433069190594,0.0004626587277914192,2.9001433069190596e-14,0.029001433069190594,2.9001433069190596e-14,0.029001433069190594,H1+H2,interior,1.0029816761315133,321,321,321,1605,195,ordinary_least_squares,False,46,constant_average_sigma,4.875,5.0
0.001,0.1,0.1,1e-06,1e-06,mosaic_flow_free_boundary,0.0007046603739316648,5.318191501371055e-07,1.9031005897720123e-14,2.900215848296477e-14,0.029002158482964772,2.900215848296477e-14,0.029002158482964772,1325,0.0014564809834800394,2.900215848296477e-14,0.029002158482964772,2.900215848296477e-14,0.029002158482964772,0.0004687510106469048,2.900215848296477e-14,0.029002158482964772,2.900215848296477e-14,0.029002158482964772,H1+H2,interior,0.6390476531390417,301,301,301,1505,180,ordinary_least_squares,True,47,constant_average_sigma,5.0,5.0
0.001,0.023713737056616554,0.05623413251903491,1e-06,1e-06,mosaic_flow_free_boundary,0.0005190443104480646,5.014920873894344e-07,3.4914795359744057e-14,2.9034099824287056e-14,0.029034099824287056,2.9034099824287056e-14,0.029034099824287056,1035,0.0011955579793826202,2.9034099824287056e-14,0.029034099824287056,2.9034099824287056e-14,0.029034099824287056,0.0009042047250536157,2.9034099824287056e-14,0.029034099824287056,2.9034099824287056e-14,0.029034099824287056,H1+H2,periphery,4.914262053408779,231,231,231,1155,120,ordinary_least_squares,False,48,constant_average_sigma,4.375,4.75
0.001,0.07498942093324558,0.1,1e-06,1e-06,mosaic_flow_free_boundary,0.0006500001059797594,9.352519510500136e-07,9.572927607832073e-14,2.902469502052038e-14,0.02902469502052038,2.902469502052038e-14,0.02902469502052038,695,0.0015774903479320317,2.902469502052038e-14,0.02902469502052038,2.902469502052038e-14,0.02902469502052038,0.0013057845431074897,2.902469502052038e-14,0.02902469502052038,2.902469502052038e-14,0.02902469502052038,H1+H2,periphery,1.1889114910540024,155,155,155,775,80,ordinary_least_squares,False,49,constant_average_sigma,4.875,5.0
0.001,0.1,0.1,1e-06,1e-06,mosaic_flow_free_boundary,0.00030606890592933627,2.458384786581014e-07,6.705677025011573e-14,2.9003823266927334e-14,0.029003823266927332,2.9003823266927334e-14,0.029003823266927332,1245,0.0009340560710496182,2.9003823266927334e-14,0.029003823266927332,2.9003823266927334e-14,0.029003823266927332,0.00048629678949539185,2.9003823266927334e-14,0.029003823266927332,2.9003823266927334e-14,0.029003823266927332,H1+H2,periphery,0.4676446973680818,276,276,276,1380,135,ordinary_least_squares,True,50,constant_average_sigma,5.0,5.0
0.001,0.1,0.1,1e-06,1e-06,mosaic_flow_free_boundary,0.00048149171956502585,4.41735522536721e-07,7.813896720473563e-14,2.9002354862629764e-14,0.029002354862629764,2.9002354862629764e-14,0.029002354862629764,1090,0.0013753278490471268,2.9002354862629764e-14,0.029002354862629764,2.9002354862629764e-14,0.029002354862629764,0.0003386573575503879,2.9002354862629764e-14,0.029002354862629764,2.9002354862629764e-14,0.029002354862629764,H1+H2,periphery,0.16109265159311031,240,240,240,1200,110,ordinary_least_squares,True,51,constant_average_sigma,5.0,5.0
0.0007498942093324559,0.1,0.1,1e-06,1e-06,mosaic_flow_free_boundary,0.0009300581007430005,1.3382130945942453e-06,1.2835063940784048e-13,2.9001889700611045e-14,0.029001889700611044,2.9001889700611045e-14,0.029001889700611044,695,0.0023493204207473578,2.9001889700611045e-14,0.029001889700611044,2.9001889700611045e-14,0.029001889700611044,0.000574556853506278,2.9001889700611045e-14,0.029001889700611044,2.9001889700611045e-14,0.029001889700611044,H1+H2,periphery,0.16721706836567948,159,159,159,795,100,ordinary_least_squares,True,52,constant_average_sigma,5.0,5.0
0.001,0.1,0.1,1e-06,1e-06,mosaic_flow_free_boundary,0.0009825806636765955,1.8715822165268486e-06,1.3597099697952412e-13,2.900139361764133e-14,0.02900139361764133,2.900139361764133e-14,0.02900139361764133,525,0.0027348018874986933,2.900139361764133e-14,0.02900139361764133,2.900139361764133e-14,0.02900139361764133,0.0007136661099079238,2.900139361764133e-14,0.02900139361764133,2.900139361764133e-14,0.02900139361764133,H1+H2,periphery,0.24956496401524672,123,123,123,615,90,ordinary_least_squares,True,53,constant_average_sigma,5.0,5.0
