D_hat,D_hi_dchi1,D_hi_dchi384,D_lo_dchi1,D_lo_dchi384,ablation,chi2_min,chi2_red,dc_resid_std,dc_sigma_max,dc_sigma_max_nL_s,dc_sigma_min,dc_sigma_min_nL_s,dof,h1_resid_rms,h1_sigma_max,h1_sigma_max_nL_s,h1_sigma_min,h1_sigma_min_nL_s,h2_resid_rms,h2_sigma_max,h2_sigma_max_nL_s,h2_sigma_min,h2_sigma_min_nL_s,harmonics,location,max_delta_chi2,n_dc,n_h1,n_h2,n_obs,n_params,objective,observation_source,profile_flat,tile_id,weight_mode,width_decades_dchi1,width_decades_dchi384
0.0031622776601683794,0.0031622776601683794,0.0031622776601683794,0.0023713737056616554,0.0023713737056616554,measured_flow_free_boundary,3623.1182558209334,7.928048699826988,0.7133887624370627,2.4618282922168153e-13,0.24618282922168153,6.10003471737225e-14,0.061000347173722505,457,4.358902905450232,1.2000000000000001e-14,0.012,1.2000000000000001e-14,0.012,nan,nan,nan,nan,nan,H1+H2,periphery,1108.5663102045332,202,185,0,572,115,weighted_least_squares,measured_graph,False,1,sigma,0.12499999999999999,0.12499999999999999
0.0023713737056616554,0.0023713737056616554,0.0023713737056616554,0.0023713737056616554,0.0023713737056616554,measured_flow_free_boundary,6315.553922778808,7.618279762097476,0.4269587208546952,2.4240236698906224e-13,0.24240236698906223,6.100003888261715e-14,0.061000038882617146,829,4.520855934859534,1.2000000000000001e-14,0.012,1.2000000000000001e-14,0.012,nan,nan,nan,nan,nan,H1+H2,periphery,1285.8807728791726,337,306,0,949,120,weighted_least_squares,measured_graph,False,2,sigma,0.0,0.0
0.007498942093324558,0.007498942093324558,0.007498942093324558,0.007498942093324558,0.007498942093324558,measured_flow_free_boundary,7213.502191024682,12.12353309415913,0.49549644283575,2.4240236698906224e-13,0.24240236698906223,6.10000971679431e-14,0.06100009716794311,595,5.412864703404164,1.2000000000000001e-14,0.012,1.2000000000000001e-14,0.012,nan,nan,nan,nan,nan,H1+H2,periphery,1767.7902614438817,262,244,0,750,155,weighted_least_squares,measured_graph,False,3,sigma,0.0,0.0
0.023713737056616554,0.023713737056616554,0.023713737056616554,0.023713737056616554,0.023713737056616554,measured_flow_free_boundary,11609.953511363665,17.27671653476736,0.5223848486732353,1.6089271424506338e-13,0.16089271424506338,6.100000208355837e-14,0.06100000208355837,672,6.63420025184224,1.2000000000000001e-14,0.012,1.2000000000000001e-14,0.012,nan,nan,nan,nan,nan,H1+H2,periphery,1710.0755372264193,288,262,0,812,140,weighted_least_squares,measured_graph,False,4,sigma,0.0,0.0
0.005623413251903491,0.005623413251903491,0.005623413251903491,0.005623413251903491,0.005623413251903491,measured_flow_free_boundary,6139.436462416642,12.817195119867728,0.554554497720108,1.6089271424506338e-13,0.16089271424506338,6.100000308243764e-14,0.061000003082437644,479,5.4961211020788445,1.2000000000000001e-14,0.012,1.2000000000000001e-14,0.012,nan,nan,nan,nan,nan,H1+H2,periphery,1287.2045474586712,217,201,0,619,140,weighted_least_squares,measured_graph,False,5,sigma,0.0,0.0
1e-06,0.00023713737056616554,0.0007498942093324559,1e-06,1e-06,measured_flow_free_boundary,881.3738402784273,2.214507136377958,0.5482713758349039,2.5212445174036553e-13,0.2521244517403655,6.100011312759212e-14,0.06100011312759212,398,2.172628401961335,1.2000000000000001e-14,0.012,1.2000000000000001e-14,0.012,nan,nan,nan,nan,nan,H1+H2,periphery,800.9427564404986,183,175,0,533,135,weighted_least_squares,measured_graph,False,6,sigma,2.375,2.875
1e-06,7.498942093324559e-05,0.00023713737056616554,1e-06,1e-06,measured_flow_free_boundary,1141.89449495265,2.927934602442692,0.6882626319613476,2.5212445174036553e-13,0.2521244517403655,6.100010711762986e-14,0.061000107117629855,390,2.5516143745232642,1.2000000000000001e-14,0.012,1.2000000000000001e-14,0.012,nan,nan,nan,nan,nan,H1+H2,periphery,800.8188478340483,171,162,0,495,105,weighted_least_squares,measured_graph,False,7,sigma,1.875,2.375
1e-06,4.216965034285822e-05,0.0001333521432163324,1e-06,1e-06,measured_flow_free_boundary,4118.730430962845,9.382073874630628,0.831207345674552,1.0895633366229116e-12,1.0895633366229116,6.100010711762986e-14,0.061000107117629855,439,4.612533522764927,1.2000000000000001e-14,0.012,1.2000000000000001e-14,0.012,nan,nan,nan,nan,nan,H1+H2,periphery,783.0675585799017,200,187,0,574,135,weighted_least_squares,measured_graph,False,8,sigma,1.625,2.125
0.001333521432163324,0.001333521432163324,0.001333521432163324,0.001,0.0007498942093324559,measured_flow_free_boundary,14039.461177112094,21.665835149864343,0.676462545175815,2.5384856371729417e-13,0.2538485637172942,6.100091534475301e-14,0.061000915344753014,648,6.885417836458457,1.2000000000000001e-14,0.012,1.2000000000000001e-14,0.012,nan,nan,nan,nan,nan,H1+H2,interior,2476.361530040198,317,293,0,903,255,weighted_least_squares,measured_graph,False,9,sigma,0.12499999999999999,0.25
0.042169650342858224,0.042169650342858224,0.042169650342858224,0.042169650342858224,0.042169650342858224,measured_flow_free_boundary,570723.6903103634,1181.6225472264252,0.8578422971152195,3.4723469743028504e-12,3.4723469743028503,6.100000308243764e-14,0.061000003082437644,483,52.75628087811652,1.2000000000000001e-14,0.012,1.2000000000000001e-14,0.012,nan,nan,nan,nan,nan,H1+H2,interior,153593.60962480726,218,205,0,628,145,weighted_least_squares,measured_graph,False,10,sigma,0.0,0.0
0.0017782794100389228,0.0017782794100389228,0.0017782794100389228,0.0017782794100389228,0.0017782794100389228,measured_flow_free_boundary,137214.0086121349,189.00001186244478,0.8180998001383945,5.231828541585842e-13,0.5231828541585842,6.100000208355837e-14,0.06100000208355837,726,21.660312775621446,1.2000000000000001e-14,0.012,1.2000000000000001e-14,0.012,nan,nan,nan,nan,nan,H1+H2,interior,27647.138668030937,322,292,0,906,180,weighted_least_squares,measured_graph,False,11,sigma,0.0,0.0
1e-06,4.216965034285822e-06,1.333521432163324e-05,1e-06,1e-06,measured_flow_free_boundary,23385.18467536447,35.64814737098243,0.5974043001063148,5.231828541585842e-13,0.5231828541585842,6.100003888261715e-14,0.061000038882617146,656,9.052431514422251,1.2000000000000001e-14,0.012,1.2000000000000001e-14,0.012,nan,nan,nan,nan,nan,H1+H2,interior,10230.979911546674,308,284,0,876,220,weighted_least_squares,measured_graph,False,12,sigma,0.625,1.125
1e-06,1e-05,4.216965034285822e-05,1e-06,1e-06,measured_flow_free_boundary,8020.767924846455,11.093731569635484,0.6851733869926989,3.0593014195884764e-13,0.30593014195884766,6.100044415062524e-14,0.06100044415062524,723,5.102611562296603,1.2000000000000001e-14,0.012,1.2000000000000001e-14,0.012,nan,nan,nan,nan,nan,H1+H2,interior,1633.9151113385024,319,302,0,923,200,weighted_least_squares,measured_graph,False,13,sigma,1.0,1.625
0.01778279410038923,0.01778279410038923,0.01778279410038923,0.01778279410038923,0.01778279410038923,measured_flow_free_boundary,3528.887715358283,6.645739576945919,0.9874255013797443,1.1447914476325633e-12,1.1447914476325634,6.100005327021932e-14,0.06100005327021932,531,3.8626458789061187,1.2000000000000001e-14,0.012,1.2000000000000001e-14,0.012,nan,nan,nan,nan,nan,H1+H2,periphery,1107.5186260074202,231,220,0,671,140,weighted_least_squares,measured_graph,False,14,sigma,0.0,0.0
0.023713737056616554,0.023713737056616554,0.023713737056616554,0.023713737056616554,0.023713737056616554,measured_flow_free_boundary,145804.78408046253,260.3656858579688,0.8879479968280234,1.6670091516771512e-12,1.6670091516771512,6.100005327021932e-14,0.06100005327021932,560,25.327118306338413,1.2000000000000001e-14,0.012,1.2000000000000001e-14,0.012,nan,nan,nan,nan,nan,H1+H2,periphery,9150.915051736112,241,227,0,695,135,weighted_least_squares,measured_graph,False,15,sigma,0.0,0.0
0.00031622776601683794,0.00042169650342858224,0.0005623413251903491,0.00023713737056616554,5.623413251903491e-05,measured_flow_free_boundary,36944.45336583739,52.702501235146066,1.0261991347033281,2.324520444533678e-12,2.324520444533678,6.100000121537205e-14,0.06100000121537205,701,10.953972358400101,1.2000000000000001e-14,0.012,1.2000000000000001e-14,0.012,nan,nan,nan,nan,nan,H1+H2,interior,21118.818588046342,321,305,0,931,230,weighted_least_squares,measured_graph,False,16,sigma,0.25,1.0
0.0017782794100389228,0.0017782794100389228,0.0017782794100389228,0.0017782794100389228,0.0017782794100389228,measured_flow_free_boundary,219715.36030449174,481.83193049230647,1.32835333005755,3.7529163113808234e-12,3.7529163113808233,6.100013875907053e-14,0.06100013875907053,456,32.31669544630195,1.2000000000000001e-14,0.012,1.2000000000000001e-14,0.012,nan,nan,nan,nan,nan,H1+H2,interior,25101.40641068606,221,210,0,641,185,weighted_least_squares,measured_graph,False,17,sigma,0.0,0.0
1e-06,1e-06,1.778279410038923e-06,1e-06,1e-06,measured_flow_free_boundary,1215615.7041604389,4748.498844376714,2.1048050753312464,4.22806240016171e-12,4.2280624001617095,6.100013875907053e-14,0.06100013875907053,256,101.90485648515283,1.2000000000000001e-14,0.012,1.2000000000000001e-14,0.012,nan,nan,nan,nan,nan,H1+H2,interior,153260.14522448694,122,117,0,356,100,weighted_least_squares,measured_graph,False,18,sigma,0.0,0.25000000000000006
1e-06,1.333521432163324e-06,2.3713737056616552e-06,1e-06,1e-06,measured_flow_free_boundary,2841574.9883305486,31927.808857646614,2.242185373151589,6.099465913326564e-12,6.099465913326564,6.100056786420349e-14,0.06100056786420349,89,215.81632649696618,1.2000000000000001e-14,0.012,1.2000000000000001e-14,0.012,nan,nan,nan,nan,nan,H1+H2,interior,1604873.8571013622,62,61,0,184,95,weighted_least_squares,measured_graph,False,19,sigma,0.12500000000000006,0.37500000000000006
1e-06,1.333521432163324e-06,2.3713737056616552e-06,1e-06,1e-06,measured_flow_free_boundary,2843031.603301805,30902.517427193532,2.2543194496961614,6.099465913326564e-12,6.099465913326564,6.100056786420349e-14,0.06100056786420349,92,214.12357927119314,1.2000000000000001e-14,0.012,1.2000000000000001e-14,0.012,nan,nan,nan,nan,nan,H1+H2,interior,1620004.0191165893,63,62,0,187,95,weighted_least_squares,measured_graph,False,20,sigma,0.12500000000000006,0.37500000000000006
0.1,0.1,0.1,0.1,0.1,measured_flow_free_boundary,29964.768730115036,78.64768695568252,0.9432956300452242,1.4195582952750691e-12,1.4195582952750692,6.100181013097432e-14,0.06100181013097432,381,12.794620458483204,1.2000000000000001e-14,0.012,1.2000000000000001e-14,0.012,nan,nan,nan,nan,nan,H1+H2,interior,17847.099056125087,192,182,0,556,175,weighted_least_squares,measured_graph,False,21,sigma,0.0,0.0
1e-06,1e-05,3.1622776601683795e-05,1e-06,1e-06,measured_flow_free_boundary,7790.1659588911325,11.506892110622056,0.8561159618082801,2.20510697052759e-13,0.220510697052759,6.100015831214508e-14,0.06100015831214508,677,5.154275136115592,1.2000000000000001e-14,0.012,1.2000000000000001e-14,0.012,nan,nan,nan,nan,nan,H1+H2,interior,3183.2473210105645,297,285,0,867,190,weighted_least_squares,measured_graph,False,22,sigma,1.0,1.5
1e-06,7.498942093324558e-06,3.1622776601683795e-05,1e-06,1e-06,measured_flow_free_boundary,4056.0328765436943,7.44226215879577,0.7805969538064111,1.267928766489738e-12,1.267928766489738,6.100015831214508e-14,0.06100015831214508,545,4.2483790492129145,1.2000000000000001e-14,0.012,1.2000000000000001e-14,0.012,nan,nan,nan,nan,nan,H1+H2,periphery,2542.781421259746,226,217,0,660,115,weighted_least_squares,measured_graph,False,23,sigma,0.875,1.5
0.0023713737056616554,0.0023713737056616554,0.0023713737056616554,0.0023713737056616554,0.0023713737056616554,measured_flow_free_boundary,38917.73915628983,99.02732609742958,0.8072782800985197,1.634071908760734e-12,1.634071908760734,6.100027550758323e-14,0.06100027550758323,393,15.018945226087338,1.2000000000000001e-14,0.012,1.2000000000000001e-14,0.012,nan,nan,nan,nan,nan,H1+H2,periphery,18515.643758324833,184,172,0,528,135,weighted_least_squares,measured_graph,False,24,sigma,0.0,0.0
0.0023713737056616554,0.0023713737056616554,0.0023713737056616554,0.0023713737056616554,0.0017782794100389228,measured_flow_free_boundary,25387.480503229246,52.023525621371405,0.9247328839551814,1.0104052041948146e-12,1.0104052041948146,6.100027550758323e-14,0.06100027550758323,488,10.554953683938871,1.2000000000000001e-14,0.012,1.2000000000000001e-14,0.012,nan,nan,nan,nan,nan,H1+H2,interior,39241.855692458135,241,226,0,693,205,weighted_least_squares,measured_graph,False,25,sigma,0.0,0.12500000000000006
0.07498942093324558,0.07498942093324558,0.07498942093324558,0.07498942093324558,0.07498942093324558,measured_flow_free_boundary,5400.2731812379,19.015046412809507,0.949423966445438,1.056508062276181e-12,1.056508062276181,6.101133736549597e-14,0.06101133736549597,284,5.876437601726812,1.2000000000000001e-14,0.012,1.2000000000000001e-14,0.012,nan,nan,nan,nan,nan,H1+H2,interior,1698.8224938971043,160,152,0,464,180,weighted_least_squares,measured_graph,False,26,sigma,0.0,0.0
0.01778279410038923,0.01778279410038923,0.01778279410038923,0.01778279410038923,0.01778279410038923,measured_flow_free_boundary,36980.44624471787,2311.2778902948667,1.7992239330067574,1.3395961871872652e-12,1.3395961871872653,6.116391577877699e-14,0.06116391577877699,16,35.05112268701142,1.2000000000000001e-14,0.012,1.2000000000000001e-14,0.012,nan,nan,nan,nan,nan,H1+H2,interior,2593.204566981047,31,30,0,91,75,weighted_least_squares,measured_graph,False,27,sigma,0.0,0.0
1e-06,1.333521432163324e-05,5.623413251903491e-05,1e-06,1e-06,measured_flow_free_boundary,182893.97481284162,7951.911948384419,1.9278777785355272,4.22806240016171e-12,4.2280624001617095,6.100025748983157e-14,0.06100025748983157,23,79.38426070840038,1.2000000000000001e-14,0.012,1.2000000000000001e-14,0.012,nan,nan,nan,nan,nan,H1+H2,interior,7955.34007630212,35,29,0,93,70,weighted_least_squares,measured_graph,False,28,sigma,1.125,1.75
0.1,0.1,0.1,0.1,0.1,measured_flow_free_boundary,481525.794483945,2360.4205611958087,1.7225951170887444,4.22806240016171e-12,4.2280624001617095,6.100155179386896e-14,0.06100155179386896,204,63.85603364996655,1.2000000000000001e-14,0.012,1.2000000000000001e-14,0.012,nan,nan,nan,nan,nan,H1+H2,interior,26712.416299041826,123,118,0,359,155,weighted_least_squares,measured_graph,False,29,sigma,0.0,0.0
1e-06,5.623413251903491e-06,1.778279410038923e-05,1e-06,1e-06,measured_flow_free_boundary,99609.70435014433,260.07755704998516,1.449776428676975,2.8315177598359166e-12,2.8315177598359167,6.100127380048697e-14,0.06100127380048697,383,23.673629664506006,1.2000000000000001e-14,0.012,1.2000000000000001e-14,0.012,nan,nan,nan,nan,nan,H1+H2,interior,16821.09850177841,184,177,0,538,155,weighted_least_squares,measured_graph,False,30,sigma,0.75,1.25
0.0031622776601683794,0.0031622776601683794,0.0031622776601683794,0.0031622776601683794,0.0031622776601683794,measured_flow_free_boundary,39184.311249027334,76.08604126024726,1.2788769365600636,2.324520444533678e-12,2.324520444533678,6.100000121537205e-14,0.06100000121537205,515,12.816981722717001,1.2000000000000001e-14,0.012,1.2000000000000001e-14,0.012,nan,nan,nan,nan,nan,H1+H2,interior,14230.774709885402,248,236,0,720,205,weighted_least_squares,measured_graph,False,31,sigma,0.0,0.0
0.0001,0.0001333521432163324,0.00017782794100389227,5.623413251903491e-05,4.216965034285822e-06,measured_flow_free_boundary,179765.21718993332,363.8972007893387,1.2806218075205253,2.0179153958974266e-12,2.0179153958974267,6.100001135040928e-14,0.061000011350409285,494,29.950044227590308,1.2000000000000001e-14,0.012,1.2000000000000001e-14,0.012,nan,nan,nan,nan,nan,H1+H2,periphery,74613.89177391864,209,200,0,609,115,weighted_least_squares,measured_graph,False,32,sigma,0.37499999999999994,1.625
0.05623413251903491,0.05623413251903491,0.05623413251903491,0.05623413251903491,0.05623413251903491,measured_flow_free_boundary,93384.7352530149,269.1202745043657,1.1253149044762094,3.1428744574510653e-12,3.1428744574510654,6.10003370189043e-14,0.0610003370189043,347,24.75885389243232,1.2000000000000001e-14,0.012,1.2000000000000001e-14,0.012,nan,nan,nan,nan,nan,H1+H2,periphery,27252.145522045976,163,152,0,467,120,weighted_least_squares,measured_graph,False,33,sigma,0.0,0.0
1e-06,5.623413251903491e-06,1.778279410038923e-05,1e-06,1e-06,measured_flow_free_boundary,74546.06840881238,162.05667045393997,1.2841945670742545,3.1428744574510653e-12,3.1428744574510654,6.100007563508509e-14,0.06100007563508509,460,18.795696405203284,1.2000000000000001e-14,0.012,1.2000000000000001e-14,0.012,nan,nan,nan,nan,nan,H1+H2,interior,21392.21674889048,215,210,0,635,175,weighted_least_squares,measured_graph,False,34,sigma,0.75,1.25
0.005623413251903491,0.005623413251903491,0.005623413251903491,0.005623413251903491,0.005623413251903491,measured_flow_free_boundary,37237.392590262134,128.40480203538667,1.0333085795674204,2.4686515859046066e-12,2.4686515859046065,6.100116387831358e-14,0.061001163878313586,290,15.462530031512998,1.2000000000000001e-14,0.012,1.2000000000000001e-14,0.012,nan,nan,nan,nan,nan,H1+H2,interior,5510.662930740873,160,155,0,470,180,weighted_least_squares,measured_graph,False,35,sigma,0.0,0.0
0.0023713737056616554,0.0023713737056616554,0.0023713737056616554,0.0023713737056616554,0.0023713737056616554,measured_flow_free_boundary,17002.498967820356,142.8781425867257,1.8396715523267921,8.37035524965549e-13,0.837035524965549,6.100025748983157e-14,0.06100025748983157,119,15.114062212121492,1.2000000000000001e-14,0.012,1.2000000000000001e-14,0.012,nan,nan,nan,nan,nan,H1+H2,interior,11305.868185225128,83,73,0,229,110,weighted_least_squares,measured_graph,False,36,sigma,0.0,0.0
1e-06,1.333521432163324e-05,4.216965034285822e-05,1e-06,1e-06,measured_flow_free_boundary,126087.1405663485,5731.233662106751,2.105492274924861,1.328200008170069e-12,1.328200008170069,6.101056287797514e-14,0.061010562877975134,22,62.726294163981585,1.2000000000000001e-14,0.012,1.2000000000000001e-14,0.012,nan,nan,nan,nan,nan,H1+H2,interior,36565.098948374914,33,32,0,97,75,weighted_least_squares,measured_graph,False,37,sigma,1.125,1.625
1e-06,1e-05,3.1622776601683795e-05,1e-06,1e-06,measured_flow_free_boundary,114026.95478085501,7126.684673803438,2.1282103190698853,1.328200008170069e-12,1.328200008170069,6.101056287797514e-14,0.061010562877975134,16,61.60802844861376,1.2000000000000001e-14,0.012,1.2000000000000001e-14,0.012,nan,nan,nan,nan,nan,H1+H2,interior,19161.547116750153,31,30,0,91,75,weighted_least_squares,measured_graph,False,38,sigma,1.0,1.5
0.004216965034285823,0.004216965034285823,0.004216965034285823,0.004216965034285823,0.004216965034285823,measured_flow_free_boundary,117656.56884819918,353.3230295741717,1.2996092287051648,1.328200008170069e-12,1.328200008170069,6.100016596571404e-14,0.06100016596571404,333,28.356092247220893,1.2000000000000001e-14,0.012,1.2000000000000001e-14,0.012,nan,nan,nan,nan,nan,H1+H2,interior,23699.43494649799,151,146,0,443,110,weighted_least_squares,measured_graph,False,39,sigma,0.0,0.0
1e-06,1e-06,1.778279410038923e-06,1e-06,1e-06,measured_flow_free_boundary,424476.32799792103,987.1542511579559,1.1548779520125763,1.4812460475689191e-12,1.481246047568919,6.100027550758323e-14,0.06100027550758323,430,45.05062875425938,1.2000000000000001e-14,0.012,1.2000000000000001e-14,0.012,nan,nan,nan,nan,nan,H1+H2,interior,77908.30961436854,222,209,0,640,210,weighted_least_squares,measured_graph,False,40,sigma,0.0,0.25000000000000006
0.01778279410038923,0.01778279410038923,0.01778279410038923,0.01778279410038923,0.01778279410038923,measured_flow_free_boundary,47970.09200253352,110.02314679480166,1.0010245085351464,2.2512782604209682e-12,2.2512782604209685,6.100027550758323e-14,0.06100027550758323,436,15.89723420485026,1.2000000000000001e-14,0.012,1.2000000000000001e-14,0.012,nan,nan,nan,nan,nan,H1+H2,periphery,4063.7040485492616,203,189,0,581,145,weighted_least_squares,measured_graph,False,41,sigma,0.0,0.0
0.004216965034285823,0.004216965034285823,0.004216965034285823,0.004216965034285823,0.004216965034285823,measured_flow_free_boundary,29048.655108920862,74.6752059355292,1.187769230575272,2.2512782604209682e-12,2.2512782604209685,6.100034373473085e-14,0.06100034373473085,389,13.170676796692353,1.2000000000000001e-14,0.012,1.2000000000000001e-14,0.012,nan,nan,nan,nan,nan,H1+H2,periphery,1370.3363257639357,177,166,0,509,120,weighted_least_squares,measured_graph,False,42,sigma,0.0,0.0
0.023713737056616554,0.023713737056616554,0.023713737056616554,0.023713737056616554,0.023713737056616554,measured_flow_free_boundary,195952.45867031376,437.3938809605218,0.7830140113650973,1.4812460475689191e-12,1.481246047568919,6.100020443648316e-14,0.06100020443648316,448,31.36933169994097,1.2000000000000001e-14,0.012,1.2000000000000001e-14,0.012,nan,nan,nan,nan,nan,H1+H2,interior,20360.20826006189,210,199,0,608,160,weighted_least_squares,measured_graph,False,43,sigma,0.0,0.0
0.0023713737056616554,0.0023713737056616554,0.0023713737056616554,0.0023713737056616554,0.0023713737056616554,measured_flow_free_boundary,1051942.3569140793,6533.80345909366,1.1090994055660732,2.01105999977117e-12,2.01105999977117,6.100020902090407e-14,0.06100020902090407,161,95.63513200337559,1.2000000000000001e-14,0.012,1.2000000000000001e-14,0.012,nan,nan,nan,nan,nan,H1+H2,interior,414263.76263570366,116,115,0,346,185,weighted_least_squares,measured_graph,False,44,sigma,0.0,0.0
1e-06,1e-06,1e-06,1e-06,1e-06,measured_flow_free_boundary,17151045.31117846,74895.39437195835,2.5402386928753824,1.1671346990780055e-11,11.671346990780055,6.100016596571404e-14,0.06100016596571404,229,391.31531054998135,1.2000000000000001e-14,0.012,1.2000000000000001e-14,0.012,nan,nan,nan,nan,nan,H1+H2,interior,1860594.6002080664,115,112,0,339,110,weighted_least_squares,measured_graph,False,45,sigma,0.0,0.0
0.0001333521432163324,0.0001333521432163324,0.0001333521432163324,0.0001333521432163324,0.0001333521432163324,measured_flow_free_boundary,16745813.597935325,100878.39516828509,2.532186784595095,1.1671346990780055e-11,11.671346990780055,6.100016596571404e-14,0.06100016596571404,166,424.33000532428093,1.2000000000000001e-14,0.012,1.2000000000000001e-14,0.012,nan,nan,nan,nan,nan,H1+H2,interior,1896873.6494612787,95,93,0,281,115,weighted_least_squares,measured_graph,False,46,sigma,0.0,0.0
1e-06,2.3713737056616552e-06,5.623413251903491e-06,1e-06,1e-06,measured_flow_free_boundary,16535172.688108774,141326.262291528,2.6789989334298787,1.1671346990780055e-11,11.671346990780055,6.100016596571404e-14,0.06100016596571404,117,486.01375545565884,1.2000000000000001e-14,0.012,1.2000000000000001e-14,0.012,nan,nan,nan,nan,nan,H1+H2,interior,1996111.7075743135,72,70,0,212,95,weighted_least_squares,measured_graph,False,47,sigma,0.37500000000000006,0.75
0.00042169650342858224,0.00042169650342858224,0.0005623413251903491,0.00042169650342858224,0.00042169650342858224,measured_flow_free_boundary,188130.75826270977,4479.303768159756,1.5855289341585945,1.4136366335982283e-12,1.4136366335982282,6.111988747067412e-14,0.06111988747067412,42,67.71845935157434,1.2000000000000001e-14,0.012,1.2000000000000001e-14,0.012,nan,nan,nan,nan,nan,H1+H2,interior,158298.96094399522,45,41,0,127,85,weighted_least_squares,measured_graph,False,48,sigma,0.0,0.12500000000000006
1e-06,4.216965034285822e-06,1.333521432163324e-05,1e-06,1e-06,measured_flow_free_boundary,37833.69510159624,134.6394843473176,1.1164699081511351,2.4686515859046066e-12,2.4686515859046065,6.100000097208155e-14,0.06100000097208155,281,16.283128329223242,1.2000000000000001e-14,0.012,1.2000000000000001e-14,0.012,nan,nan,nan,nan,nan,H1+H2,interior,13365.499898638052,147,142,0,431,150,weighted_least_squares,measured_graph,False,49,sigma,0.625,1.125
0.0007498942093324559,0.0007498942093324559,0.0007498942093324559,0.0007498942093324559,0.0007498942093324559,measured_flow_free_boundary,159352.5509192711,331.9844810818148,1.478141238022236,3.1428744574510653e-12,3.1428744574510654,6.100007563508509e-14,0.06100007563508509,480,26.81037294235141,1.2000000000000001e-14,0.012,1.2000000000000001e-14,0.012,nan,nan,nan,nan,nan,H1+H2,interior,73172.17645268951,228,221,0,670,190,weighted_least_squares,measured_graph,False,50,sigma,0.0,0.0
0.001,0.001,0.001,0.001,0.0007498942093324559,measured_flow_free_boundary,82912.710600824,185.07301473398212,1.321453132377244,3.1428744574510653e-12,3.1428744574510654,6.100123354980883e-14,0.06100123354980883,448,20.734359258948437,1.2000000000000001e-14,0.012,1.2000000000000001e-14,0.012,nan,nan,nan,nan,nan,H1+H2,periphery,25444.990085288184,209,192,0,593,145,weighted_least_squares,measured_graph,False,51,sigma,0.0,0.12499999999999999
1e-06,5.623413251903491e-05,0.00017782794100389227,1e-06,1e-06,measured_flow_free_boundary,10264.366212521922,19.0080855787443,1.2583385988902815,6.631760030721498e-13,0.6631760030721499,6.100004572050509e-14,0.06100004572050509,540,6.814149996546521,1.2000000000000001e-14,0.012,1.2000000000000001e-14,0.012,nan,nan,nan,nan,nan,H1+H2,periphery,3301.366176612777,234,213,0,660,120,weighted_least_squares,measured_graph,False,52,sigma,1.75,2.25
1e-06,1e-06,1.778279410038923e-06,1e-06,1e-06,measured_flow_free_boundary,155583.64357348793,299.19931456439986,1.0446661580501533,2.0101339297503523e-12,2.0101339297503524,6.100000049873546e-14,0.06100000049873546,520,25.17637593622747,1.2000000000000001e-14,0.012,1.2000000000000001e-14,0.012,nan,nan,nan,nan,nan,H1+H2,interior,475471.477671561,260,245,0,750,230,weighted_least_squares,measured_graph,False,53,sigma,0.0,0.25000000000000006
1e-06,1.778279410038923e-06,4.216965034285822e-06,1e-06,1e-06,measured_flow_free_boundary,359808.1124023424,910.9066136768162,0.8824499902522039,2.2181956773433573e-12,2.2181956773433575,6.100000097208155e-14,0.06100000097208155,395,44.824659569126304,1.2000000000000001e-14,0.012,1.2000000000000001e-14,0.012,nan,nan,nan,nan,nan,H1+H2,interior,987860.2802172351,192,179,0,550,155,weighted_least_squares,measured_graph,False,54,sigma,0.25000000000000006,0.625
0.0017782794100389228,0.0017782794100389228,0.0017782794100389228,0.0017782794100389228,0.0017782794100389228,measured_flow_free_boundary,456929.64096570486,3597.8711887063373,1.0737171796896932,2.405278268907865e-06,2405278.268907865,6.10001624536724e-14,0.06100016245367241,127,79.65533750503833,1.2000000000000001e-14,0.012,1.2000000000000001e-14,0.012,nan,nan,nan,nan,nan,H1+H2,interior,214283.47133901407,78,72,0,222,95,weighted_least_squares,measured_graph,False,55,sigma,0.0,0.0
0.001333521432163324,0.001333521432163324,0.001333521432163324,0.001333521432163324,0.001333521432163324,measured_flow_free_boundary,15482978.0442387,455381.70718349115,2.1542315192625296,1.1671346990780055e-11,11.671346990780055,6.10030703260306e-14,0.061003070326030605,34,545.6598421426345,1.2000000000000001e-14,0.012,1.2000000000000001e-14,0.012,nan,nan,nan,nan,nan,H1+H2,interior,3097911.5222222414,55,52,0,159,125,weighted_least_squares,measured_graph,False,56,sigma,0.0,0.0
0.0023713737056616554,0.0023713737056616554,0.0023713737056616554,0.0023713737056616554,0.0023713737056616554,measured_flow_free_boundary,18112471.71216952,92410.56996004857,2.0662669414039483,1.1671346990780055e-11,11.671346990780055,6.100990503065071e-14,0.061009905030650714,196,417.31755969200583,1.2000000000000001e-14,0.012,1.2000000000000001e-14,0.012,nan,nan,nan,nan,nan,H1+H2,interior,3194897.7769717015,108,104,0,316,120,weighted_least_squares,measured_graph,False,57,sigma,0.0,0.0
0.1,0.1,0.1,0.1,0.1,measured_flow_free_boundary,9284027.508541033,71969.20549256615,1.7362970026483293,4.203540006504263e-12,4.203540006504263,6.100990503065071e-14,0.061009905030650714,129,301.689853086097,1.2000000000000001e-14,0.012,1.2000000000000001e-14,0.012,nan,nan,nan,nan,nan,H1+H2,interior,2998018.3400128093,105,102,0,309,180,weighted_least_squares,measured_graph,False,58,sigma,0.0,0.0
0.1,0.1,0.1,0.1,0.1,measured_flow_free_boundary,56271.17617000443,242.54817314657083,0.826215254189721,1.56019602431359e-12,1.56019602431359,6.100000030656661e-14,0.06100000030656661,232,20.3237773623154,1.2000000000000001e-14,0.012,1.2000000000000001e-14,0.012,nan,nan,nan,nan,nan,H1+H2,interior,91585.625211141,140,136,0,412,180,weighted_least_squares,measured_graph,False,59,sigma,0.0,0.0
1e-06,7.498942093324558e-06,3.1622776601683795e-05,1e-06,1e-06,measured_flow_free_boundary,8795.92644701235,41.295429328696486,1.0799637590102136,1.399454487559754e-12,1.3994544875597539,6.100000030656661e-14,0.06100000030656661,213,8.874897811548545,1.2000000000000001e-14,0.012,1.2000000000000001e-14,0.012,nan,nan,nan,nan,nan,H1+H2,periphery,2309.1086370526937,113,110,0,333,120,weighted_least_squares,measured_graph,False,60,sigma,0.875,1.5
0.00042169650342858224,0.0005623413251903491,0.0007498942093324559,0.00017782794100389227,1e-06,measured_flow_free_boundary,5077.875494985781,32.13845249991001,0.9385253304219473,3.6662435094968543e-13,0.36662435094968543,6.100000803398958e-14,0.06100000803398958,158,7.326767115800592,1.2000000000000001e-14,0.012,1.2000000000000001e-14,0.012,nan,nan,nan,nan,nan,H1+H2,periphery,536.7757281158829,97,93,0,283,125,weighted_least_squares,measured_graph,False,61,sigma,0.5,2.875
0.0031622776601683794,0.0031622776601683794,0.0031622776601683794,0.0031622776601683794,0.0031622776601683794,measured_flow_free_boundary,305785.1322405626,1552.2087930993025,0.6014813822151842,1.1878082962171492e-12,1.1878082962171492,6.100005380237637e-14,0.061000053802376365,197,48.872892330871124,1.2000000000000001e-14,0.012,1.2000000000000001e-14,0.012,nan,nan,nan,nan,nan,H1+H2,interior,63736.761388933985,136,128,0,392,195,weighted_least_squares,measured_graph,False,62,sigma,0.0,0.0
1e-06,1.333521432163324e-06,2.3713737056616552e-06,1e-06,1e-06,measured_flow_free_boundary,1281027.8628090566,6569.37365543106,0.8930950008088344,1.1878082962171492e-12,1.1878082962171492,6.100349056202421e-14,0.06100349056202421,195,106.0010553382788,1.2000000000000001e-14,0.012,1.2000000000000001e-14,0.012,nan,nan,nan,nan,nan,H1+H2,interior,80789.78354907734,122,114,0,350,155,weighted_least_squares,measured_graph,False,63,sigma,0.12500000000000006,0.37500000000000006
0.01778279410038923,0.01778279410038923,0.01778279410038923,0.01778279410038923,0.01778279410038923,measured_flow_free_boundary,4511432.72644662,71610.04327693048,1.0522450936110395,9.685535418225058e-12,9.685535418225058,6.100560052353644e-14,0.06100560052353644,63,261.44567509374957,1.2000000000000001e-14,0.012,1.2000000000000001e-14,0.012,nan,nan,nan,nan,nan,H1+H2,interior,134650.7095853947,71,66,0,203,140,weighted_least_squares,measured_graph,False,64,sigma,0.0,0.0
0.1,0.1,0.1,0.1,0.1,measured_flow_free_boundary,4515639.32109907,19463.962590944266,0.5973278207730507,9.685535418225058e-12,9.685535418225058,6.100003846524868e-14,0.06100003846524868,232,193.1810312792779,1.2000000000000001e-14,0.012,1.2000000000000001e-14,0.012,nan,nan,nan,nan,nan,H1+H2,interior,551155.8366303518,135,121,0,377,145,weighted_least_squares,measured_graph,False,65,sigma,0.0,0.0
1e-06,2.3713737056616552e-06,7.498942093324558e-06,1e-06,1e-06,measured_flow_free_boundary,18934.96231362787,47.81556139805018,0.6224632125095932,1.7015385923091764e-13,0.17015385923091764,6.100000554278227e-14,0.06100000554278227,396,10.12357596168188,1.2000000000000001e-14,0.012,1.2000000000000001e-14,0.012,nan,nan,nan,nan,nan,H1+H2,interior,38436.982194278535,198,184,0,566,170,weighted_least_squares,measured_graph,False,66,sigma,0.37500000000000006,0.875
1e-06,3.162277660168379e-06,1e-05,1e-06,1e-06,measured_flow_free_boundary,6628.549009769998,13.048324822381884,0.4435989430896042,2.0293087529212956e-13,0.20293087529212955,6.100000049873546e-14,0.06100000049873546,508,5.383994061312193,1.2000000000000001e-14,0.012,1.2000000000000001e-14,0.012,nan,nan,nan,nan,nan,H1+H2,interior,3758.801104225261,244,227,0,698,190,weighted_least_squares,measured_graph,False,67,sigma,0.5,1.0
0.03162277660168379,0.03162277660168379,0.03162277660168379,0.03162277660168379,0.03162277660168379,measured_flow_free_boundary,5373.729548095547,10.082044180291833,0.6603200739015236,6.631760030721498e-13,0.6631760030721499,6.100000111649919e-14,0.06100000111649919,533,4.951635390421677,1.2000000000000001e-14,0.012,1.2000000000000001e-14,0.012,nan,nan,nan,nan,nan,H1+H2,periphery,1580.5855140847334,233,215,0,663,130,weighted_least_squares,measured_graph,False,68,sigma,0.0,0.0
1e-06,2.3713737056616552e-06,7.498942093324558e-06,1e-06,1e-06,measured_flow_free_boundary,44892.58798441372,124.70163329003812,0.7425535833629141,1.91099173836453e-12,1.91099173836453,6.100002478621248e-14,0.06100002478621248,360,16.629779317026177,1.2000000000000001e-14,0.012,1.2000000000000001e-14,0.012,nan,nan,nan,nan,nan,H1+H2,periphery,8793.83818305254,166,162,0,490,130,weighted_least_squares,measured_graph,False,69,sigma,0.37500000000000006,0.875
0.03162277660168379,0.03162277660168379,0.03162277660168379,0.03162277660168379,0.03162277660168379,measured_flow_free_boundary,3486.142337211029,5.849232109414478,0.3904151070192599,1.3913855833372292e-13,0.1391385583337229,6.10000017018342e-14,0.0610000017018342,596,3.563796900660753,1.2000000000000001e-14,0.012,1.2000000000000001e-14,0.012,nan,nan,nan,nan,nan,H1+H2,interior,1286.0556905975977,284,271,0,826,230,weighted_least_squares,measured_graph,False,70,sigma,0.0,0.0
0.042169650342858224,0.042169650342858224,0.042169650342858224,0.042169650342858224,0.03162277660168379,measured_flow_free_boundary,1477.6407958666034,3.2475621887178097,0.33190313862383186,1.3913855833372292e-13,0.1391385583337229,6.10000017018342e-14,0.0610000017018342,455,2.618210935382813,1.2000000000000001e-14,0.012,1.2000000000000001e-14,0.012,nan,nan,nan,nan,nan,H1+H2,interior,182.98391505268341,221,212,0,645,190,weighted_least_squares,measured_graph,False,71,sigma,0.0,0.12499999999999999
0.0031622776601683794,0.0031622776601683794,0.0031622776601683794,0.0031622776601683794,0.0031622776601683794,measured_flow_free_boundary,4340649.642695839,18161.71398617506,0.905347182264427,9.685535418225058e-12,9.685535418225058,6.100062944895202e-14,0.06100062944895202,239,181.33624847374762,1.2000000000000001e-14,0.012,1.2000000000000001e-14,0.012,nan,nan,nan,nan,nan,H1+H2,interior,470922.78465172835,140,132,0,404,165,weighted_least_squares,measured_graph,False,72,sigma,0.0,0.0
0.0031622776601683794,0.0031622776601683794,0.0031622776601683794,0.0031622776601683794,0.0031622776601683794,measured_flow_free_boundary,3426614.1625748016,11498.705243539604,0.7776557897541075,3.747439843473468e-12,3.747439843473468,6.100009021268485e-14,0.061000090212684856,298,146.80049146615463,1.2000000000000001e-14,0.012,1.2000000000000001e-14,0.012,nan,nan,nan,nan,nan,H1+H2,interior,34676.13892618986,170,159,0,488,190,weighted_least_squares,measured_graph,False,73,sigma,0.0,0.0
0.1,0.1,0.1,0.1,0.1,measured_flow_free_boundary,1188981.6199478968,3507.3204128256543,0.8888369993435954,3.6008219618585076e-12,3.600821961858508,6.100004441374357e-14,0.06100004441374357,339,84.62673709568263,1.2000000000000001e-14,0.012,1.2000000000000001e-14,0.012,nan,nan,nan,nan,nan,H1+H2,interior,507673.432906528,177,166,0,509,170,weighted_least_squares,measured_graph,False,74,sigma,0.0,0.0
0.1,0.1,0.1,0.1,0.1,measured_flow_free_boundary,323062.9497200492,2275.0911952116144,1.2471314458373974,1.1878082962171492e-12,1.1878082962171492,6.100002631520737e-14,0.06100002631520737,142,62.375345739442054,1.2000000000000001e-14,0.012,1.2000000000000001e-14,0.012,nan,nan,nan,nan,nan,H1+H2,periphery,61208.1784852554,86,83,0,252,110,weighted_least_squares,measured_graph,False,75,sigma,0.0,0.0
1e-06,1e-06,1.333521432163324e-06,1e-06,1e-06,measured_flow_free_boundary,203949.93248911924,4743.021685793471,0.9092103662684561,2.711225010736442e-11,27.112250107364417,6.100006395207637e-14,0.06100006395207636,43,70.52282804082765,1.2000000000000001e-14,0.012,1.2000000000000001e-14,0.012,nan,nan,nan,nan,nan,H1+H2,periphery,1985437.195165463,41,41,0,123,80,weighted_least_squares,measured_graph,False,76,sigma,0.0,0.12500000000000006
0.1,0.1,0.1,0.1,0.1,measured_flow_free_boundary,1202548.3888827243,4146.718582354222,1.0248102139098043,2.711225010736442e-11,27.112250107364417,6.100000044999551e-14,0.06100000044999551,290,86.96048073008066,1.2000000000000001e-14,0.012,1.2000000000000001e-14,0.012,nan,nan,nan,nan,nan,H1+H2,interior,3293606.169662605,162,159,0,480,190,weighted_least_squares,measured_graph,False,78,sigma,0.0,0.0
0.1,0.1,0.1,0.1,0.1,measured_flow_free_boundary,10887.284645224294,26.23442083186577,0.6763946962377863,9.847185823066728e-13,0.9847185823066728,6.100000044999551e-14,0.06100000044999551,415,7.201362984579795,1.2000000000000001e-14,0.012,1.2000000000000001e-14,0.012,nan,nan,nan,nan,nan,H1+H2,interior,221.2838513040242,214,208,0,630,215,weighted_least_squares,measured_graph,False,79,sigma,0.0,0.0
0.023713737056616554,0.023713737056616554,0.023713737056616554,0.01778279410038923,0.01778279410038923,measured_flow_free_boundary,4002.182619869458,7.425199665806044,0.32899655352824564,1.3815601093391227e-13,0.13815601093391228,6.10000017018342e-14,0.0610000017018342,539,3.9792073953732934,1.2000000000000001e-14,0.012,1.2000000000000001e-14,0.012,nan,nan,nan,nan,nan,H1+H2,interior,50.11985346129359,257,251,0,759,220,weighted_least_squares,measured_graph,False,80,sigma,0.12499999999999999,0.12499999999999999
1e-06,5.623413251903491e-05,0.00017782794100389227,1e-06,1e-06,measured_flow_free_boundary,1112.6205763795988,2.1562414270922456,0.6513646768595255,1.631790908847281e-13,0.1631790908847281,6.100005182845387e-14,0.061000051828453875,516,2.1653215565331903,1.2000000000000001e-14,0.012,1.2000000000000001e-14,0.012,nan,nan,nan,nan,nan,H1+H2,periphery,507.2219805434406,222,217,0,656,140,weighted_least_squares,measured_graph,False,81,sigma,1.75,2.25
0.1,0.1,0.1,0.1,0.1,measured_flow_free_boundary,1310.4859694280683,2.873872739973834,0.6484302141168963,1.3815601093391227e-13,0.13815601093391228,6.100005182845387e-14,0.061000051828453875,456,2.578678233993842,1.2000000000000001e-14,0.012,1.2000000000000001e-14,0.012,nan,nan,nan,nan,nan,H1+H2,periphery,1395.718313653868,191,185,0,561,105,weighted_least_squares,measured_graph,False,83,sigma,0.0,0.0
1e-06,0.00042169650342858224,0.001,1e-06,1e-06,measured_flow_free_boundary,8104.361391636531,31.170620737063583,0.7362597958899547,9.847185823066728e-13,0.9847185823066728,6.100000044999551e-14,0.06100000044999551,260,8.250044162836499,1.2000000000000001e-14,0.012,1.2000000000000001e-14,0.012,nan,nan,nan,nan,nan,H1+H2,periphery,39.423896431900175,124,118,0,360,100,weighted_least_squares,measured_graph,False,84,sigma,2.625,3.0
1e-06,1e-06,1.333521432163324e-06,1e-06,1e-06,measured_flow_free_boundary,12955453.831037082,35591.90612922275,0.9652776914168222,2.711225010736442e-11,27.112250107364417,6.100000044999551e-14,0.06100000044999551,364,276.0572259228729,1.2000000000000001e-14,0.012,1.2000000000000001e-14,0.012,nan,nan,nan,nan,nan,H1+H2,periphery,2321778.655670289,174,170,0,514,150,weighted_least_squares,measured_graph,False,86,sigma,0.0,0.12500000000000006
0.0017782794100389228,0.0017782794100389228,0.0017782794100389228,0.0017782794100389228,0.0017782794100389228,measured_flow_free_boundary,15572310.15351859,51393.76288289963,1.0173995014857569,2.711225010736442e-11,27.112250107364417,6.100000044999551e-14,0.06100000044999551,303,329.994252494363,1.2000000000000001e-14,0.012,1.2000000000000001e-14,0.012,nan,nan,nan,nan,nan,H1+H2,periphery,2342769.081101628,147,143,0,433,130,weighted_least_squares,measured_graph,False,87,sigma,0.0,0.0
