edge_id,graph_source_node,graph_target_node,source_node,target_node,source_index,target_index,snr,tile_id,original_radius_m,length_m,original_poiseuille_conductance,selection_strategy,selected_for_radius_correction
1587,14247,24587,14247,24587,1062,1881,0.32698004058017366,-1,1.4719684259034693e-05,7.095598266460001e-05,7.423296371695926e-14,targeted_166,True
1588,14247,14331,14247,14331,1062,1067,,-1,2.0082627088413574e-05,9.418509580427781e-05,1.9377232641353133e-13,targeted_166,True
1591,14277,14663,14277,14663,1065,1099,1.9671861963708437,-1,5.462850822368637e-05,0.00020191851945128292,4.948721944592299e-12,targeted_166,True
1593,14291,14603,14291,14603,1066,1095,10.074255251686564,-1,4.2620475142030045e-05,6.753313937224448e-05,5.4821138487323786e-12,targeted_166,True
1594,14331,14352,14331,14352,1067,1069,,-1,3.0765851988689974e-05,0.00014969598851166666,6.715176999597733e-13,targeted_166,True
1595,14331,25043,14331,25043,1067,1912,4.119499646872513,-1,3.957260196330026e-05,9.213484008796513e-05,2.9863890330462023e-12,targeted_166,True
1596,14351,14706,14351,14706,1068,1101,1.361852361824528,-1,6.314674101304263e-05,0.00010339166328776628,1.725480620518368e-11,targeted_166,True
1597,14351,14352,14351,14352,1068,1069,16.932555511642853,-1,6.0505917645059526e-05,8.115664240904152e-05,1.852930703892567e-11,targeted_166,True
1598,14351,14784,14351,14784,1068,1106,50.446043426335585,-1,5.866462379344739e-05,0.00014062385889701545,9.450134502952371e-12,targeted_166,True
1617,14479,14642,14479,14642,1082,1097,,-1,2.44204857153818e-05,2.6099092792719603e-05,1.5289159824103797e-12,targeted_166,True
1625,14564,14592,14564,14592,1088,1092,24.595166927160687,-1,2.0504638087004423e-05,6.770596519345418e-05,2.9293640048871653e-13,targeted_166,True
1632,14592,14594,14592,14594,1092,1093,,-1,2.1993244445184246e-05,1.6767418856034055e-05,1.5656072833262145e-12,targeted_166,True
1633,14592,14736,14592,14736,1092,1104,,-1,1.6565074474783614e-05,4.215872468193993e-05,2.0039087775571058e-13,targeted_166,True
1635,14594,35182,14594,35182,1093,2643,19.68038870984856,-1,1.7555903468746692e-05,8.83696848177351e-05,1.206094319901867e-13,targeted_166,True
1636,14603,14647,14603,14647,1095,1098,,-1,1.195862569147721e-05,0.00014257762813940644,1.6094057398036843e-14,targeted_166,True
1637,14603,14632,14603,14632,1095,1096,,-1,1.3537332051782869e-05,9.424608288099989e-05,3.9981663462226605e-14,targeted_166,True
1638,14632,14647,14632,14647,1096,1098,,-1,1.9722836441360414e-05,6.669734284514561e-05,2.5454279099192053e-13,targeted_166,True
1639,14632,14642,14632,14642,1096,1097,,-1,2.38221855397569e-05,1.351017999695614e-05,2.674589390367322e-12,targeted_166,True
1640,14642,14714,14642,14714,1097,1102,24.61212365578975,-1,2.1625906811095774e-05,6.927565846126527e-05,3.542488816218962e-13,targeted_166,True
1641,14647,14815,14647,14815,1098,1112,,-1,2.991714427480474e-05,1.8336195353185758e-05,4.901885440584077e-12,targeted_166,True
1642,14663,14724,14663,14724,1099,1103,0.1982468902138745,-1,2.60864198935451e-05,0.0001600610848981887,3.2461157898642866e-13,targeted_166,True
1643,14663,14764,14663,14764,1099,1105,24.425562213867245,-1,5.6518045312259346e-05,6.75808623782359e-05,1.694012634377473e-11,targeted_166,True
1644,14702,25048,14702,25048,1100,1913,,-1,6.62827878841199e-05,2.557873449404724e-05,8.46673280409893e-11,targeted_166,True
1645,14702,14784,14702,14784,1100,1106,5.649451586774236,-1,3.145412483718246e-05,0.00015156921290326864,7.245882220910212e-13,targeted_166,True
1646,14702,25042,14702,25042,1100,1911,,-1,6.231437873793766e-05,4.140193050261587e-05,4.086244297646001e-11,targeted_166,True
1647,14706,25043,14706,25043,1101,1912,2.4311299808070914,-1,7.805341010680422e-05,6.72599344397895e-05,6.191600536612874e-11,targeted_166,True
1648,14706,25048,14706,25048,1101,1913,,-1,7.569408626295626e-05,3.888795981765725e-05,9.471624782317375e-11,targeted_166,True
1649,14714,14815,14714,14815,1102,1112,0.23052445623234932,-1,1.7589300114195794e-05,9.38147641136311e-05,1.1447611613893577e-13,targeted_166,True
1650,14714,14736,14714,14736,1102,1104,,-1,1.5804946087882854e-05,3.54173025698401e-05,1.9767349217178052e-13,targeted_166,True
1651,14724,14813,14724,14813,1103,1111,3.94530222145309,-1,2.388236862316262e-05,7.119396468624473e-05,5.12694020118847e-13,targeted_166,True
1652,14724,14815,14724,14815,1103,1112,,-1,2.7682190193445422e-05,1.693415288173128e-05,3.89072161605635e-12,targeted_166,True
1653,14736,45068,14736,45068,1104,3330,3.1622776601683795e-05,-1,1.820559918996878e-05,7.119137444533408e-05,1.731348011193792e-13,targeted_166,True
1654,14764,14794,14764,14794,1105,1107,0.729632181212224,-1,3.728938099811785e-05,9.299741213908419e-05,2.332714959482118e-12,targeted_166,True
1655,14764,14798,14764,14798,1105,1109,24.929394621566242,-1,5.530270573217422e-05,8.993398660095409e-05,1.1669534069687759e-11,targeted_166,True
1656,14784,14805,14784,14805,1106,1110,11.216987752398985,-1,6.991442205617204e-05,6.212116568349302e-05,4.315382862567366e-11,targeted_166,True
1657,14794,14795,14794,14795,1107,1108,,-1,3.4030803362838924e-05,2.0413172023836523e-05,7.371742425707144e-12,targeted_166,True
1658,14794,14813,14794,14813,1107,1111,0.1798465890375434,-1,3.5665543691720814e-05,6.535550346598029e-05,2.7778262156226455e-12,targeted_166,True
1659,14795,45110,14795,45110,1108,3333,,-1,2.156787559215445e-05,0.0001362465845886618,1.781950747677735e-13,targeted_166,True
1660,14795,14798,14795,14798,1108,1109,0.3640205382100776,-1,5.285307270241901e-05,8.339183841599151e-05,1.0499031928202983e-11,targeted_166,True
1661,14798,45144,14798,45144,1109,3335,9.342026207497295,-1,5.0395512516843155e-05,0.00012724717089440674,5.687365918111568e-12,targeted_166,True
1662,14805,25042,14805,25042,1110,1911,1.4658798735853618,-1,3.951255712308921e-05,0.00016813742695376277,1.6265521466195305e-12,targeted_166,True
1663,14805,45140,14805,45140,1110,3334,5.661864928974657,-1,6.431216752389446e-05,6.513785774586722e-05,2.946666309735327e-11,targeted_166,True
1664,14813,45073,14813,45073,1111,3331,17.46777362957722,-1,2.6978164896718226e-05,9.398439578944817e-05,6.323910384930969e-13,targeted_166,True
2792,24471,24486,24471,24486,1874,1875,,-1,6.418402335839346e-05,2.6641335352906026e-05,7.147326158671319e-11,targeted_166,True
2793,24486,24555,24486,24555,1875,1880,,-1,5.287692692945711e-05,2.791091537801549e-05,3.1425528477527385e-11,targeted_166,True
2794,24486,24626,24486,24626,1875,1884,24.27301296415844,-1,3.353528882144019e-05,0.0001547054562252015,9.172641385754572e-13,targeted_166,True
2800,24555,24587,24555,24587,1880,1881,,-1,2.1745910999015905e-05,0.00010212203051196411,2.456873663435353e-13,targeted_166,True
2801,24555,24603,24555,24603,1880,1882,17.17491542589056,-1,3.4273864002898335e-05,0.00012190671259304509,1.2700373639894267e-12,targeted_166,True
2802,24587,24614,24587,24614,1881,1883,,-1,1.9939830963267013e-05,0.0001564608683111146,1.1336317335755431e-13,targeted_166,True
2803,24603,24626,24603,24626,1882,1884,18.246231582216453,-1,2.7954039978794754e-05,6.449437205446884e-05,1.0623028594650572e-12,targeted_166,True
2804,24603,24614,24603,24614,1882,1883,0.2460202333609597,-1,4.1862516809487715e-05,5.46169831068255e-05,6.3090718576956265e-12,targeted_166,True
2805,24614,24935,24614,24935,1883,1903,,-1,5.351495565264486e-05,3.946772631024942e-05,2.3315804915689663e-11,targeted_166,True
2809,24650,24941,24650,24941,1886,1905,,-1,3.577674215193838e-05,3.863737583742477e-05,4.7575940542190796e-12,targeted_166,True
2836,24935,24941,24935,24941,1903,1905,,-1,5.3938390919938684e-05,4.593178891809657e-05,2.0676185844048717e-11,targeted_166,True
2837,24935,24938,24935,24938,1903,1904,,-1,4.463402001420036e-05,5.7839086366584525e-05,7.699002001142289e-12,targeted_166,True
2838,24938,24952,24938,24952,1904,1906,11.060598189566976,-1,2.8124753953306936e-05,9.641495125833899e-05,7.281190308023675e-13,targeted_166,True
2839,24941,59738,24941,59738,1905,4378,12.696866339583186,-1,2.8019669116474688e-05,5.9821788454428315e-05,1.156070870107729e-12,targeted_166,True
2840,24952,25043,24952,25043,1906,1912,18.55048145171793,-1,4.4555170461535454e-05,8.745346713112667e-05,5.056002122802042e-12,targeted_166,True
2841,24952,25116,24952,25116,1906,1918,22.86906389757767,-1,4.750596053781919e-05,7.384194032056257e-05,7.738934233400283e-12,targeted_166,True
2844,25006,25011,25006,25011,1908,1909,,-1,2.7266558390692808e-05,1.927896482811775e-05,3.21683975848707e-12,targeted_166,True
2846,25006,59738,25006,59738,1908,4378,12.696866339583186,-1,2.8019669116474688e-05,5.9821788454428315e-05,1.156070870107729e-12,targeted_166,True
2847,25011,25096,25011,25096,1909,1917,13.871386998332566,-1,1.7006841517286375e-05,8.155458635883406e-05,1.150901379394978e-13,targeted_166,True
2848,25011,25116,25011,25116,1909,1918,2.7301430783203564,-1,2.523460534575861e-05,0.00014980038395151496,3.037141197913106e-13,targeted_166,True
2850,25042,25063,25042,25063,1911,1915,0.18064879249643562,-1,7.826501678209752e-05,4.9415768444305286e-05,8.519164786027322e-11,targeted_166,True
2851,25055,25116,25055,25116,1914,1918,10.710063528942944,-1,7.120188092812896e-05,6.353763455990702e-05,4.5386497027823155e-11,targeted_166,True
2852,25055,25063,25055,25063,1914,1915,17.00417464821711,-1,7.389628444798291e-05,7.559680670965463e-05,4.4256676792009815e-11,targeted_166,True
2853,25055,25128,25055,25128,1914,1919,32.74117853891657,-1,6.795550871174783e-05,0.00011423550313338637,2.0945436443016163e-11,targeted_166,True
2854,25063,25073,25063,25073,1915,1916,1.2941975342061116,-1,4.288075797376223e-05,0.00012322441034484655,3.078540749964193e-12,targeted_166,True
2855,25073,45328,25073,45328,1916,3348,27.008319333181305,-1,3.389757330296561e-05,0.00014673895202577114,1.0095337963364375e-12,targeted_166,True
2856,25073,45320,25073,45320,1916,3346,0.6183318723188437,-1,4.548383367364295e-05,0.00012015241372864693,3.996571550442982e-12,targeted_166,True
2857,25096,25128,25096,25128,1917,1919,29.356290074399745,-1,3.3395142963854596e-05,0.0001301053853239864,1.0725802508192677e-12,targeted_166,True
2859,25128,25132,25128,25132,1919,1920,29.077332102177465,-1,6.62125603412278e-05,4.7454908781219274e-05,4.5443547353132696e-11,targeted_166,True
2860,25132,25293,25132,25293,1920,1934,34.228087978676115,-1,4.091877053724602e-05,0.00012623632210306823,2.4917118260814776e-12,targeted_166,True
2861,25132,25135,25132,25135,1920,1921,17.770464776543264,-1,7.94787410995923e-05,5.654335836879909e-05,7.917975611025844e-11,targeted_166,True
2862,25135,25317,25135,25317,1921,1935,44.913230255773506,-1,5.607444836641662e-05,0.00014266428479459137,7.77564845388127e-12,targeted_166,True
2863,25135,45966,25135,45966,1921,3408,,-1,6.890246731927618e-05,3.468196518952027e-05,7.291673911389268e-11,targeted_166,True
3927,35182,35278,35182,35278,2643,2654,,-1,2.1678832126781344e-05,3.785429726121947e-05,6.546665970921167e-13,targeted_166,True
3928,35182,45068,35182,45068,2643,3330,0.48624818822615395,-1,2.5016381187015213e-05,5.161466833669692e-05,8.513666693388481e-13,targeted_166,True
3929,35187,35278,35187,35278,2644,2654,1.1529069906203375,-1,2.1913796445005573e-05,7.525007822550833e-05,3.43839192708621e-13,targeted_166,True
3943,35262,35272,35262,35272,2651,2653,39.29289731473695,-1,5.453313860925846e-05,0.00012118726590415463,8.187981058003248e-12,targeted_166,True
3944,35272,45171,35272,45171,2653,3337,17.39981776998802,-1,8.648574294056743e-05,6.766059959772974e-05,9.277566612100981e-11,targeted_166,True
3945,35272,35278,35272,35278,2653,2654,4.606417819416279,-1,4.140131932217628e-05,5.1346611144253984e-05,6.4200258859572675e-12,targeted_166,True
3946,35283,35287,35283,35287,2655,2656,19.888975871412438,-1,4.812140468857251e-05,0.00011519905820023268,5.2227122339138e-12,targeted_166,True
3947,35287,35630,35287,35630,2656,2681,,-1,6.5116400946863e-05,3.54464391421061e-05,5.690897745503784e-11,targeted_166,True
3948,35287,35639,35287,35639,2656,2682,25.27742388304583,-1,0.00010180487151956186,9.540973405819386e-05,1.263203722068993e-10,targeted_166,True
3985,35639,45529,35639,45529,2682,3367,24.279141045133006,-1,9.009108907775953e-05,7.186178845586255e-05,1.0285399565830457e-10,targeted_166,True
3986,35639,45729,35639,45729,2682,3389,44.73628468522118,-1,9.382700955029577e-05,7.05746206222102e-05,1.2321250524191336e-10,targeted_166,True
4938,45068,45073,45068,45073,3330,3331,,-1,3.0763199902139604e-05,2.456046422594227e-05,4.091488175246996e-12,targeted_166,True
4939,45073,45110,45073,45110,3331,3333,0.34798941085392787,-1,2.6662566597224213e-05,8.285665535368025e-05,6.843405208146908e-13,targeted_166,True
4940,45105,45110,45105,45110,3332,3333,17.165605013575448,-1,4.879963307757862e-05,7.913013541838154e-05,8.041112879392116e-12,targeted_166,True
4941,45105,45171,45105,45171,3332,3337,22.49289730123784,-1,7.721222209511325e-05,7.842815830372274e-05,5.0846847217908047e-11,targeted_166,True
4942,45105,45166,45105,45166,3332,3336,8.34463215282112,-1,5.284988947096281e-05,4.636565063265152e-05,1.8878688315023092e-11,targeted_166,True
4943,45140,45371,45140,45371,3334,3351,2.0838360958086195,-1,3.735348946065642e-05,0.00014764488150831312,1.4794427377139429e-12,targeted_166,True
4944,45140,45320,45140,45320,3334,3346,1.6271493442878349,-1,4.475611785892397e-05,8.82843742147088e-05,5.099383022513163e-12,targeted_166,True
4945,45144,45248,45144,45248,3335,3343,,-1,3.0444711228483357e-05,0.00021358438243623823,4.513046250972227e-13,targeted_166,True
4946,45144,45237,45144,45237,3335,3340,,-1,4.859955151914619e-05,3.0344708648044616e-05,2.0627087726851187e-11,targeted_166,True
4947,45166,45237,45166,45237,3336,3340,42.33213195221012,-1,3.5531393223209307e-05,0.00013579615915659815,1.3169015311942094e-12,targeted_166,True
4948,45166,45184,45166,45184,3336,3338,0.6960301225759623,-1,2.2801383238402195e-05,8.680138125782833e-05,3.4938960662629954e-13,targeted_166,True
4949,45171,45729,45171,45729,3337,3389,30.047701231199753,-1,7.692228246014565e-05,9.712918108562008e-05,4.044368910807389e-11,targeted_166,True
4950,45184,45202,45184,45202,3338,3339,,-1,1.895812056318391e-05,7.61818591854535e-05,1.90248568376356e-13,targeted_166,True
4951,45184,45239,45184,45239,3338,3341,,-1,2.938681427622214e-05,4.209136386634782e-05,1.9879656507747297e-12,targeted_166,True
4952,45202,45612,45202,45612,3339,3375,0.07235453954272453,-1,1.952684579009656e-05,0.00010487381950952113,1.5554395662967522e-13,targeted_166,True
4953,45202,45492,45202,45492,3339,3361,0.514619974019477,-1,3.055787965422496e-05,5.507852620212361e-05,1.7762430647535763e-12,targeted_166,True
4954,45237,45239,45237,45239,3340,3341,,-1,3.177489270456135e-05,0.00010405867942608893,1.0991321268343085e-12,targeted_166,True
4955,45239,45244,45239,45244,3341,3342,,-1,2.1272404410410672e-05,9.299803787143901e-05,2.4704972731411545e-13,targeted_166,True
4956,45244,45248,45244,45248,3342,3343,,-1,4.0410548535874113e-05,4.89202284370549e-05,6.116209423060358e-12,targeted_166,True
4957,45244,45558,45244,45558,3342,3371,0.1776211119836459,-1,2.6565978259895928e-05,8.447494474239647e-05,6.615568591067685e-13,targeted_166,True
4958,45248,45739,45248,45739,3343,3390,,-1,3.950516111217439e-05,8.5423220298253e-05,3.1991253047181987e-12,targeted_166,True
4959,45295,45371,45295,45371,3344,3351,3.105398338443167,-1,4.002418427262455e-05,8.757735486142337e-05,3.287683295485156e-12,targeted_166,True
4960,45295,45314,45295,45314,3344,3345,1.4250337150355261,-1,1.94410440599313e-05,0.00015691471344325691,1.0214250661686604e-13,targeted_166,True
4961,45295,45320,45295,45320,3344,3346,,-1,3.998268221039325e-05,3.061226016143337e-05,9.366646846246153e-12,targeted_166,True
4962,45314,45328,45314,45328,3345,3348,28.161654334138998,-1,3.334560460643843e-05,0.00012169061665190384,1.1399587448503255e-12,targeted_166,True
4963,45314,45321,45314,45321,3345,3347,,-1,3.60796730092261e-05,3.433616802794859e-05,5.53720225724623e-12,targeted_166,True
4964,45321,45402,45321,45402,3347,3353,,-1,3.43180145137012e-05,0.0001678231346886605,9.273178653965576e-13,targeted_166,True
4965,45321,45395,45321,45395,3347,3352,,-1,2.8379046852933243e-05,1.4827870472799987e-05,4.9079968780437705e-12,targeted_166,True
4966,45328,45339,45328,45339,3348,3349,39.4475220497206,-1,5.238063386059366e-05,6.211560685187578e-05,1.359797088621242e-11,targeted_166,True
4967,45339,45966,45339,45966,3349,3408,22.91394824815253,-1,7.162490510381758e-05,5.370009603211656e-05,5.4988644891273553e-11,targeted_166,True
4968,45339,45365,45339,45365,3349,3350,14.73191221846711,-1,5.115985550219193e-05,0.00010213986388407648,7.525126470639342e-12,targeted_166,True
4969,45365,45438,45365,45438,3350,3356,,-1,3.956153886974789e-05,3.3563919714652e-05,8.188641796059406e-12,targeted_166,True
4970,45365,46085,45365,46085,3350,3415,41.25478262505472,-1,2.365314867347479e-05,0.000136455986648798,2.573683236069542e-13,targeted_166,True
4971,45371,45402,45371,45402,3351,3353,4.06492048048773,-1,7.413469575112686e-05,9.684840915724635e-05,3.499333933709426e-11,targeted_166,True
4972,45395,45412,45395,45412,3352,3354,,-1,2.3310751203098334e-05,5.71364325878676e-05,5.798341592629168e-13,targeted_166,True
4973,45402,45741,45402,45741,3353,3391,0.12862297231182654,-1,8.967782923718914e-05,8.017387153813615e-05,9.051057706061365e-11,targeted_166,True
4974,45412,45461,45412,45461,3354,3358,,-1,2.9682791137020104e-05,7.019560871412978e-05,1.2407973052282055e-12,targeted_166,True
4975,45412,59739,45412,59739,3354,4379,3.1622776601683795e-05,-1,1.8289234503754415e-05,8.170030196197331e-05,1.5365627247364094e-13,targeted_166,True
4977,45419,45741,45419,45741,3355,3391,0.1198952331050001,-1,3.559224205673672e-05,0.00015112174150999635,1.1914786835523142e-12,targeted_166,True
4978,45419,59742,45419,59742,3355,4382,,-1,3.4782755392370746e-05,2.8226859285496175e-05,5.818154016623034e-12,targeted_166,True
4979,45438,45484,45438,45484,3356,3360,21.691419042425473,-1,4.005330993095413e-05,8.184811304090545e-05,3.5280669237342656e-12,targeted_166,True
4980,45438,59739,45438,59739,3356,4379,3.1622776601683795e-05,-1,1.8289234503754415e-05,8.170030196197331e-05,1.5365627247364094e-13,targeted_166,True
4984,45461,59742,45461,59742,3358,4382,,-1,3.4782755392370746e-05,2.8226859285496175e-05,5.818154016623034e-12,targeted_166,True
4988,45492,45729,45492,45729,3361,3389,17.525672428258087,-1,5.083034193376079e-05,8.83894317667e-05,8.473905650276928e-12,targeted_166,True
4989,45492,45495,45492,45495,3361,3362,12.435906619216818,-1,1.5550431271549314e-05,7.125370757421479e-05,9.207762881565468e-14,targeted_166,True
4990,45495,45518,45495,45518,3362,3364,21.659288118036837,-1,2.929535912699066e-05,6.111936818342656e-05,1.3520983740298326e-12,targeted_166,True
4991,45495,45539,45495,45539,3362,3369,16.501394190154443,-1,2.1864920199732296e-05,6.530145037686452e-05,3.9269972816794365e-13,targeted_166,True
4992,45515,45518,45515,45518,3363,3364,,-1,2.6533431082498282e-05,4.455846283235587e-05,1.2480595073796617e-12,targeted_166,True
4993,45515,45539,45515,45539,3363,3369,,-1,3.204338645446114e-05,2.365819273109082e-05,4.9999297925498e-12,targeted_166,True
4994,45515,45527,45515,45527,3363,3366,,-1,2.8428570658434182e-05,4.120685116504319e-05,1.7784534851091707e-12,targeted_166,True
4995,45518,59740,45518,59740,3364,4380,15.148646975317648,-1,5.461305772769265e-05,3.0494828024529852e-05,3.273042348416982e-11,targeted_166,True
4996,45521,45643,45521,45643,3365,3380,21.77718243783119,-1,1.564092599437572e-05,5.3701820434071124e-05,1.2504106899766928e-13,targeted_166,True
4998,45521,59743,45521,59743,3365,4383,,-1,1.3910351299273316e-05,2.241533002234064e-05,1.874127339243833e-13,targeted_166,True
4999,45527,45638,45527,45638,3366,3379,20.870994969176362,-1,2.8340562494122423e-05,6.206906255101785e-05,1.1661395319802125e-12,targeted_166,True
5000,45527,45643,45527,45643,3366,3380,,-1,2.838176988007035e-05,2.178507020289544e-05,3.3418794165519846e-12,targeted_166,True
5002,45529,59740,45529,59740,3367,4380,15.148646975317648,-1,5.461305772769265e-05,3.0494828024529852e-05,3.273042348416982e-11,targeted_166,True
5003,45533,45612,45533,45612,3368,3375,,-1,2.2360041839419864e-05,6.409928028006107e-05,4.375514582428271e-13,targeted_166,True
5004,45533,45614,45533,45614,3368,3376,11.232522053931579,-1,3.272254980402067e-05,7.231911877170205e-05,1.7788005922160049e-12,targeted_166,True
5005,45533,59741,45533,59741,3368,4381,,-1,3.4059634344885126e-05,1.2162628991063684e-05,1.2414359189974119e-11,targeted_166,True
5006,45539,59741,45539,59741,3369,4381,,-1,3.4059634344885126e-05,1.2162628991063684e-05,1.2414359189974119e-11,targeted_166,True
5007,45558,45585,45558,45585,3371,3372,,-1,3.3014632208505645e-05,2.7250054699834436e-05,4.891593023232775e-12,targeted_166,True
5008,45558,45601,45558,45601,3371,3373,0.28402336086902397,-1,2.827779644576367e-05,4.847165837418288e-05,1.4800835046557611e-12,targeted_166,True
5009,45585,45612,45585,45612,3372,3375,,-1,2.5941539206542075e-05,2.793527892208658e-05,1.8189543197700723e-12,targeted_166,True
5010,45585,45611,45585,45611,3372,3374,0.10992936281326346,-1,3.0668306862935424e-05,0.00010666938760550693,9.3048899265618e-13,targeted_166,True
5011,45601,45739,45601,45739,3373,3390,,-1,3.7596095353364944e-05,3.152865610900335e-05,7.1097994646751235e-12,targeted_166,True
5012,45601,45611,45601,45611,3373,3374,6.510858051141898,-1,2.6917616196442395e-05,0.00011241333413636312,5.239868622612107e-13,targeted_166,True
5013,45611,45678,45611,45678,3374,3384,,-1,4.787236321135424e-05,3.781530904234387e-05,1.5583451544363094e-11,targeted_166,True
5014,45614,45678,45614,45678,3376,3384,20.208241301402342,-1,5.3693762311013415e-05,5.7582525187171996e-05,1.6195579002795884e-11,targeted_166,True
5015,45614,45638,45614,45638,3376,3379,,-1,3.19511818815954e-05,3.613742228480987e-05,3.235805288138371e-12,targeted_166,True
5017,45616,45643,45616,45643,3377,3380,,-1,2.292589306307491e-05,2.3176624381449074e-05,1.3373550080251454e-12,targeted_166,True
5018,45616,59743,45616,59743,3377,4383,,-1,1.3910351299273316e-05,2.241533002234064e-05,1.874127339243833e-13,targeted_166,True
5020,45638,45727,45638,45727,3379,3388,,-1,3.2000465580495074e-05,4.466130485525355e-05,2.6344236818506506e-12,targeted_166,True
5027,45678,45686,45678,45686,3384,3385,0.35188300055789584,-1,4.5044071157462895e-05,6.9947331212461e-05,6.603455201072746e-12,targeted_166,True
5028,45686,45724,45686,45724,3385,3387,,-1,3.5289369407109916e-05,2.42961868934799e-05,7.161917491535971e-12,targeted_166,True
5029,45686,45739,45686,45739,3385,3390,0.3152848782348656,-1,1.4978666513343342e-05,0.0002796829503495246,2.0193818839743176e-14,targeted_166,True
5030,45711,45724,45711,45724,3386,3387,,-1,3.600797208491713e-05,3.284131162217818e-05,5.743359489878166e-12,targeted_166,True
5031,45711,46992,45711,46992,3386,3492,31.356296368248273,-1,2.7096994017483667e-05,5.2604766096919775e-05,1.1498765287686405e-12,targeted_166,True
5032,45724,45727,45724,45727,3387,3388,8.499169993166001,-1,2.4623430363135412e-05,9.375053195981309e-05,4.399591185959681e-13,targeted_166,True
5058,45966,45981,45966,45981,3408,3410,32.63853894475029,-1,3.392426879145205e-05,0.00017830063006840646,8.334526769689307e-13,targeted_166,True
