D_hat,D_hi_lr3,D_lo_lr3,D_p025,D_p500,D_p975,ablation,chi2_h1_red_at_mode,chi2_h2_red_at_mode,harmonics,location,log_likelihood_at_mode,log_posterior_at_mode,log_prior_at_mode,max_neg2_delta_logpost,mode_at_grid_boundary,n_boundary,n_h1,n_h2,n_obs,n_params_marginalized,objective,observation_source,sigma_h1_nL_s_at_mode,sigma_h2_nL_s_at_mode,tile_id,weight_mode,width_decades_lr3
0.0002511886431509582,0.000630957344480193,0.0001,0.00010043773376879799,0.00021271754517001624,0.0005045060866096217,bayes_h1h2_marginal_boundary,1.0000000026232316,0.999999999997237,H1+H2,periphery,22736.0048155493,22735.703656728107,-0.30115882119131615,213.31806390103156,False,23,185,190,750,92,bayes_h1h2_marginal_boundary,measured_graph,0.05557027581442678,0.01687569730217484,1,h1:h1_z;h2:h2_z,0.7999999999999998
0.0031622776601683794,0.003981071705534973,0.0019952623149688807,0.001781937009124821,0.002511453398996305,0.003288390455586747,bayes_h1h2_marginal_boundary,1.0000000000009515,0.9999999999999997,H1+H2,periphery,39209.08328721229,39209.03082877606,-0.05245843623006681,338.1340258428827,False,24,306,337,1286,96,bayes_h1h2_marginal_boundary,measured_graph,0.05279531513710584,0.021281740209388323,2,h1:h1_z;h2:h2_z,0.2999999999999999
0.0012589254117941675,0.0019952623149688807,0.0005011872336272725,0.0004420276221630996,0.0010770088571542026,0.0019108630809528328,bayes_h1h2_marginal_boundary,1.0000000002304537,0.9999999999999966,H1+H2,periphery,29868.929391351936,29868.926496412085,-0.0028949398523394052,338.6865483325164,False,31,244,252,992,124,bayes_h1h2_marginal_boundary,measured_graph,0.07008426311367275,0.023404983595583687,3,h1:h1_z;h2:h2_z,0.6
0.00012589254117941674,0.0002511886431509582,3.9810717055349695e-05,4.2957991313988656e-05,9.912172437058289e-05,0.00021849599216237716,bayes_h1h2_marginal_boundary,1.000000308942413,0.9999999959067853,H1+H2,periphery,32992.530041719634,32991.95105552072,-0.5789861989080206,329.4176533123973,False,28,262,285,1094,112,bayes_h1h2_marginal_boundary,measured_graph,0.08762193499770497,0.021318017307169777,4,h1:h1_z;h2:h2_z,0.8000000000000007
0.00019952623149688788,0.0007943282347242822,6.309573444801929e-05,6.961826298945332e-05,0.00018523565129782533,0.0005618508542346823,bayes_h1h2_marginal_boundary,1.0000000669887907,0.9999999999996898,H1+H2,periphery,27699.485934498003,27699.102166550907,-0.38376794709688455,485.9776558871745,False,28,201,255,912,112,bayes_h1h2_marginal_boundary,measured_graph,0.07796167517771367,0.016163286005574325,5,h1:h1_z;h2:h2_z,1.1000000000000005
7.943282347242822e-05,0.00031622776601683794,3.1622776601683795e-05,2.838885663541408e-05,7.280792707065136e-05,0.0002682454176447863,bayes_h1h2_marginal_boundary,1.0000000539837663,0.9999999999241512,H1+H2,periphery,22541.859043411256,22541.044838960537,-0.8142044507191568,359.00934217219765,False,27,175,195,740,108,bayes_h1h2_marginal_boundary,measured_graph,0.03291969921116036,0.01803352898109118,6,h1:h1_z;h2:h2_z,1.0
0.00015848931924611142,0.0005011872336272725,6.309573444801929e-05,5.647616793387813e-05,0.0001416212809720934,0.0003845336105361925,bayes_h1h2_marginal_boundary,1.000000019896485,0.9999999989304111,H1+H2,periphery,20198.061450906316,20197.585073833314,-0.47637707300245236,326.6834582161973,False,21,162,167,658,84,bayes_h1h2_marginal_boundary,measured_graph,0.033204988644011384,0.012059473388709488,7,h1:h1_z;h2:h2_z,0.9000000000000005
0.006309573444801936,0.01,0.005011872336272725,0.004078739034643613,0.005960224904565217,0.0089029731973626,bayes_h1h2_marginal_boundary,1.000000000004433,0.9999999999999986,H1+H2,periphery,25516.442074234026,25516.247443175514,-0.19463105851336257,195.52186413434538,False,27,187,230,834,108,bayes_h1h2_marginal_boundary,measured_graph,0.04256060616187489,0.015164606124501174,8,h1:h1_z;h2:h2_z,0.2999999999999998
0.00015848931924611142,0.0005011872336272725,2.5118864315095822e-05,2.5699304956573993e-05,0.00013047323248150088,0.0003807744648185341,bayes_h1h2_marginal_boundary,1.0000013810163366,1.0000000387824397,H1+H2,interior,36741.354947200605,36740.8785701276,-0.47637707300245236,343.8404956438899,False,51,293,326,1238,204,bayes_h1h2_marginal_boundary,measured_graph,0.10027036148835751,0.03741028587695734,9,h1:h1_z;h2:h2_z,1.2999999999999998
0.01995262314968881,0.03162277660168379,0.01584893192461114,0.014369892111866,0.01987122911188212,0.028391994711697528,bayes_h1h2_marginal_boundary,1.0000000001118292,1.0000000020339304,H1+H2,interior,24471.31093261781,24470.679347188823,-0.6315854289855218,192.60751372121013,False,29,205,225,860,116,bayes_h1h2_marginal_boundary,measured_graph,0.6725992604730554,0.09912602990329815,10,h1:h1_z;h2:h2_z,0.29999999999999977
0.0002511886431509582,0.0005011872336272725,0.00015848931924611142,0.0001295587292386591,0.00023524092314191082,0.0004262228804582461,bayes_h1h2_marginal_boundary,1.0000003155508377,1.0000000004971952,H1+H2,interior,32246.42933690065,32246.128178079456,-0.30115882119131615,441.26074021818204,False,36,292,265,1114,144,bayes_h1h2_marginal_boundary,measured_graph,0.2320336628622807,0.08292811341075516,11,h1:h1_z;h2:h2_z,0.5
0.00031622776601683794,0.0005011872336272725,0.00012589254117941674,0.00011066553908686941,0.0002660872321608803,0.0004824048051193534,bayes_h1h2_marginal_boundary,1.0000001604939093,1.0000000001499896,H1+H2,interior,32590.83931617909,32590.610766483802,-0.22854969528574837,722.8748041686995,False,44,284,267,1102,176,bayes_h1h2_marginal_boundary,measured_graph,0.08312765688313103,0.03713796845340168,12,h1:h1_z;h2:h2_z,0.6000000000000001
0.00031622776601683794,0.0007943282347242822,0.00012589254117941674,0.00010734303723688266,0.00025961793713818624,0.0005955032744258956,bayes_h1h2_marginal_boundary,1.0000000011920196,0.9999999999999954,H1+H2,interior,34411.12974806586,34410.90119837058,-0.22854969528574837,278.5009495252016,False,40,302,273,1150,160,bayes_h1h2_marginal_boundary,measured_graph,0.06927716201304894,0.02858491616548428,13,h1:h1_z;h2:h2_z,0.8000000000000003
0.01995262314968881,0.025118864315095822,0.01584893192461114,0.012719027032968958,0.017044253703507643,0.023603028087216697,bayes_h1h2_marginal_boundary,1.0000000003776879,0.9999999999999912,H1+H2,periphery,25452.820370602087,25452.1887851731,-0.6315854289855218,118.95732727910217,False,28,220,198,836,112,bayes_h1h2_marginal_boundary,measured_graph,0.04437661182096953,0.01619163559205742,14,h1:h1_z;h2:h2_z,0.2000000000000002
0.07943282347242822,0.1,0.039810717055349734,0.033673831854501964,0.06431537593613092,0.09753371681977427,bayes_h1h2_marginal_boundary,1.000000000300507,1.0,H1+H2,periphery,26241.908090243363,26240.42215956981,-1.4859306735521132,110.10664670359256,False,27,227,214,882,108,bayes_h1h2_marginal_boundary,measured_graph,0.16050424435975885,0.01807580715782209,15,h1:h1_z;h2:h2_z,0.3999999999999999
0.0019952623149688807,0.0031622776601683794,0.00039810717055349735,0.0003446283577833527,0.001400245904224983,0.002705223889668677,bayes_h1h2_marginal_boundary,1.0000000002022436,1.0000000000000002,H1+H2,interior,34088.74907490656,34088.74139821852,-0.007676688041203171,647.8580680109444,False,46,305,274,1158,184,bayes_h1h2_marginal_boundary,measured_graph,0.1507774614470324,0.029914545274675314,16,h1:h1_z;h2:h2_z,0.8999999999999999
0.00012589254117941674,0.000630957344480193,1e-05,1.2958318506518135e-05,0.00010402427745274538,0.0004232047542640989,bayes_h1h2_marginal_boundary,1.0000007782412852,1.0000000028921388,H1+H2,interior,24447.55896423176,24446.979978032854,-0.5789861989080206,463.8575859533594,False,37,210,215,850,148,bayes_h1h2_marginal_boundary,measured_graph,0.43870051477566563,0.057286391051315014,17,h1:h1_z;h2:h2_z,1.7999999999999998
0.0019952623149688807,0.005011872336272725,0.0005011872336272725,0.0005103282828913116,0.0017287464329898538,0.0041792801032097,bayes_h1h2_marginal_boundary,1.000001226522822,1.0000000010810581,H1+H2,interior,12769.310632193783,12769.302955505742,-0.007676688041203171,106.0452364409357,False,20,117,113,460,80,bayes_h1h2_marginal_boundary,measured_graph,1.2481423482756173,0.18775460602393138,18,h1:h1_z;h2:h2_z,0.9999999999999999
0.001584893192461114,0.005011872336272725,0.000630957344480193,0.0005764070608310852,0.001485760908989099,0.003992570495785516,bayes_h1h2_marginal_boundary,1.0000007970730411,1.0000000109828742,H1+H2,interior,6411.53317861181,6411.5328927978635,-0.0002858139467712683,139.56530427909638,False,19,61,58,238,76,bayes_h1h2_marginal_boundary,measured_graph,3.1325038032612906,0.2794968213682294,19,h1:h1_z;h2:h2_z,0.9000000000000004
0.001584893192461114,0.005011872336272725,0.000630957344480193,0.0005873410576727522,0.0015051959865423593,0.004039102689707674,bayes_h1h2_marginal_boundary,1.000000772711029,1.0000000095834416,H1+H2,interior,6521.626105708649,6521.6258198947025,-0.0002858139467712683,141.9495581052397,False,19,62,59,242,76,bayes_h1h2_marginal_boundary,measured_graph,3.0952545452597193,0.2759982246552124,20,h1:h1_z;h2:h2_z,0.9000000000000004
0.00794328234724282,0.01,0.005011872336272725,0.004458673611666295,0.006803730792412515,0.009694316921167987,bayes_h1h2_marginal_boundary,1.000000003348111,1.0000000000075209,H1+H2,interior,23659.624276035116,23659.362254102507,-0.26202193260779433,161.95985157108225,False,35,182,221,806,140,bayes_h1h2_marginal_boundary,measured_graph,0.22858335386651712,0.03743590722542758,21,h1:h1_z;h2:h2_z,0.2999999999999998
5.011872336272725e-05,0.00019952623149688788,1e-05,1e-05,3.766828500759565e-05,0.0001476680355078837,bayes_h1h2_marginal_boundary,1.0000005802834218,0.9999999862573059,H1+H2,interior,36384.343516409965,36383.25409370744,-1.089422702530293,835.8705520161748,False,38,285,311,1192,152,bayes_h1h2_marginal_boundary,measured_graph,0.05710076433805324,0.014689471283784655,22,h1:h1_z;h2:h2_z,1.2999999999999998
7.943282347242822e-05,0.0005011872336272725,3.1622776601683795e-05,2.9192146137939692e-05,8.243036420996946e-05,0.00037026075371518626,bayes_h1h2_marginal_boundary,1.0000000099566395,0.9999999996127463,H1+H2,periphery,28008.43725218893,28007.623047738212,-0.8142044507191568,584.0318167062505,False,23,217,242,918,92,bayes_h1h2_marginal_boundary,measured_graph,0.06046811719044604,0.01746812185760904,23,h1:h1_z;h2:h2_z,1.2000000000000002
0.003981071705534973,0.005011872336272725,0.0031622776601683794,0.002870999984360576,0.0036930459433948603,0.004916835699506284,bayes_h1h2_marginal_boundary,1.0000000000770686,1.0000000000299891,H1+H2,periphery,22649.746364338884,22649.65651502856,-0.08984931032449865,411.20766097963497,False,27,172,210,764,108,bayes_h1h2_marginal_boundary,measured_graph,0.16903266389033025,0.03278544847835151,24,h1:h1_z;h2:h2_z,0.20000000000000015
0.0012589254117941675,0.001584893192461114,0.001,0.0008026745325358536,0.001151228772188214,0.0015618780784928048,bayes_h1h2_marginal_boundary,1.0000000406849512,0.9999999999393918,H1+H2,interior,28441.774892843187,28441.771997903335,-0.0028949398523394052,1125.0180355881603,False,41,226,252,956,164,bayes_h1h2_marginal_boundary,measured_graph,0.14000895221583587,0.025452320671740896,25,h1:h1_z;h2:h2_z,0.20000000000000015
0.002511886431509582,0.003981071705534973,0.0012589254117941675,0.0010439435164147923,0.0021852875935235473,0.003841195635600857,bayes_h1h2_marginal_boundary,1.0000004700245926,0.9999999998966935,H1+H2,interior,20998.91461697822,20998.889549416086,-0.025067562135635053,179.30117820003943,False,36,152,199,702,144,bayes_h1h2_marginal_boundary,measured_graph,0.10074300266057519,0.022346081565330876,26,h1:h1_z;h2:h2_z,0.5
0.00031622776601683794,0.001,1e-05,1.2720800331789504e-05,0.0001723796297543558,0.00074403574887072,bayes_h1h2_marginal_boundary,1.0000079086750644,1.0000018653813123,H1+H2,interior,4242.510305171106,4242.28175547582,-0.22854969528574837,87.42041966930992,False,15,30,44,148,60,bayes_h1h2_marginal_boundary,measured_graph,0.4109575069320025,0.07412291278391125,27,h1:h1_z;h2:h2_z,2.0
0.0005011872336272725,0.005011872336272725,2.5118864315095822e-05,2.6631951782192786e-05,0.0004017930016454802,0.0034004887856992523,bayes_h1h2_marginal_boundary,1.000000235439317,1.0000002003469042,H1+H2,interior,4077.0782375154604,4076.9649060719858,-0.11333144347461188,35.6648180538059,False,14,29,42,142,56,bayes_h1h2_marginal_boundary,measured_graph,0.5715814819032081,0.05234628394127536,28,h1:h1_z;h2:h2_z,2.3
0.0005011872336272725,0.001,0.00019952623149688788,0.00017472162656308293,0.00040927688844382944,0.0008947321821373754,bayes_h1h2_marginal_boundary,1.0000000885676683,1.0000000372403224,H1+H2,interior,14209.395192508968,14209.281861065494,-0.11333144347461188,50.97580613532773,False,31,118,134,504,124,bayes_h1h2_marginal_boundary,measured_graph,0.6841648322582187,0.11078873836400739,29,h1:h1_z;h2:h2_z,0.7000000000000002
0.001,0.002511886431509582,0.0001,0.00012069706744988868,0.0005760177720950762,0.0019007676896278052,bayes_h1h2_marginal_boundary,1.0000001636352944,1.0000000002268283,H1+H2,interior,19608.614582717128,19608.59907865137,-0.015504065757907535,231.51075221946667,False,31,177,162,678,124,bayes_h1h2_marginal_boundary,measured_graph,0.39548795625391864,0.03298689390102004,30,h1:h1_z;h2:h2_z,1.4000000000000004
0.0019952623149688807,0.0031622776601683794,0.001,0.000918434539918527,0.0018498336536595555,0.003076269291415844,bayes_h1h2_marginal_boundary,1.0000000276124863,0.9999999999999671,H1+H2,interior,26106.528411082647,26106.520734394606,-0.007676688041203171,335.56463627474295,False,41,236,209,890,164,bayes_h1h2_marginal_boundary,measured_graph,0.19036967672023322,0.023623943688950436,31,h1:h1_z;h2:h2_z,0.5
0.0012589254117941675,0.001584893192461114,0.0007943282347242822,0.0006549069135556785,0.0011118233326570684,0.0015709019357318327,bayes_h1h2_marginal_boundary,1.0000000001516174,1.000000000000008,H1+H2,periphery,21688.85053087237,21688.847635932518,-0.0028949398523394052,585.5830075849881,False,23,200,170,740,92,bayes_h1h2_marginal_boundary,measured_graph,0.2913582931856663,0.02293496636128016,32,h1:h1_z;h2:h2_z,0.29999999999999977
0.07943282347242822,0.07943282347242822,0.06309573444801936,0.051133934318681025,0.06816429428537187,0.07905057922674648,bayes_h1h2_marginal_boundary,1.0000000040467865,1.0000000000112008,H1+H2,periphery,16629.391083589384,16627.90515291583,-1.4859306735521132,125.05974250662257,False,24,152,133,570,96,bayes_h1h2_marginal_boundary,measured_graph,0.2425629372857784,0.030644077344339313,33,h1:h1_z;h2:h2_z,0.10000000000000017
0.0001,0.00039810717055349735,1e-05,1.4291004258997061e-05,9.168733674887854e-05,0.00031571243737707217,bayes_h1h2_marginal_boundary,1.0000000041897585,1.0000000021924924,H1+H2,interior,25796.281334135412,25795.5897388106,-0.6915953248135883,368.3636860547267,False,35,210,229,878,140,bayes_h1h2_marginal_boundary,measured_graph,0.1792219839739719,0.036685733903621676,34,h1:h1_z;h2:h2_z,1.6
0.00019952623149688788,0.001,3.9810717055349695e-05,3.774913793556219e-05,0.00020065503486117373,0.0007293814982462428,bayes_h1h2_marginal_boundary,1.0000003444426504,1.0000000016893655,H1+H2,interior,20332.527119102186,20332.14335115509,-0.38376794709688455,264.7867340418379,False,36,155,193,696,144,bayes_h1h2_marginal_boundary,measured_graph,0.22097629366912971,0.04678508609275775,35,h1:h1_z;h2:h2_z,1.4000000000000004
0.00039810717055349735,0.0007943282347242822,0.00015848931924611142,0.0001567958542245876,0.00035897800889592233,0.0007508017747908276,bayes_h1h2_marginal_boundary,1.0000017300183797,1.0000000115574428,H1+H2,interior,11153.289969141479,11153.124028572098,-0.16594056938017995,202.53167922352804,False,22,73,117,380,88,bayes_h1h2_marginal_boundary,measured_graph,0.20407831651801542,0.050586910403794975,36,h1:h1_z;h2:h2_z,0.7000000000000002
0.006309573444801936,0.01,0.0031622776601683794,0.0029511205797749834,0.005795293963542096,0.009832334238249935,bayes_h1h2_marginal_boundary,1.0000017805453933,1.000000007558248,H1+H2,interior,4934.644060107334,4934.44942904882,-0.19463105851336257,63.56827323848847,False,15,32,55,174,60,bayes_h1h2_marginal_boundary,measured_graph,0.51878279056452,0.12227285286262594,37,h1:h1_z;h2:h2_z,0.5
0.01,0.01995262314968881,0.006309573444801936,0.0053764572044001525,0.009421086932921843,0.016272620657642695,bayes_h1h2_marginal_boundary,1.0000002810559196,1.0000000068400008,H1+H2,interior,4283.298821609757,4282.959408803055,-0.3394128067022262,55.16014588328653,False,15,30,46,152,60,bayes_h1h2_marginal_boundary,measured_graph,0.5096763722301357,0.11162262377582734,38,h1:h1_z;h2:h2_z,0.5
0.025118864315095822,0.03162277660168379,1e-05,1e-05,4.3493792619513174e-05,0.029985328850917467,bayes_h1h2_marginal_boundary,1.0000009929291638,1.0000000000126181,H1+H2,interior,20824.943521323792,20824.194545020713,-0.7489763030799538,82.70221241391118,False,22,146,209,710,88,bayes_h1h2_marginal_boundary,measured_graph,0.28955017047621856,0.05646396979873942,39,h1:h1_z;h2:h2_z,3.5
0.00015848931924611142,0.0005011872336272725,1e-05,1.2189246118136316e-05,0.00011344909009796697,0.0003768129540364605,bayes_h1h2_marginal_boundary,1.0000051877611367,1.0000000181733355,H1+H2,interior,26019.080587849905,26018.604210776903,-0.47637707300245236,736.3080819208553,False,42,209,247,912,168,bayes_h1h2_marginal_boundary,measured_graph,0.7302727439386213,0.09214176243219421,40,h1:h1_z;h2:h2_z,1.7000000000000002
0.0019952623149688807,0.002511886431509582,0.0019952623149688807,0.0015850950113229618,0.0019292328627324809,0.002484200167295442,bayes_h1h2_marginal_boundary,1.0000002503047245,0.9999999999999853,H1+H2,periphery,25592.418035068982,25592.41035838094,-0.007676688041203171,703.0506310112542,False,29,189,241,860,116,bayes_h1h2_marginal_boundary,measured_graph,0.21319734473859467,0.023358776688762833,41,h1:h1_z;h2:h2_z,0.1000000000000001
0.002511886431509582,0.0031622776601683794,0.001584893192461114,0.0014607246167122954,0.0022358445910148875,0.003102428849957232,bayes_h1h2_marginal_boundary,1.0000000078699187,0.9999999999961194,H1+H2,periphery,21863.014071887425,21862.98900432529,-0.025067562135635053,460.51045193152095,False,24,166,200,732,96,bayes_h1h2_marginal_boundary,measured_graph,0.1650632131261571,0.023659629210796028,42,h1:h1_z;h2:h2_z,0.2999999999999998
0.00031622776601683794,0.001,0.0001,0.00010790497064209064,0.0002902102063248406,0.0008433800847422508,bayes_h1h2_marginal_boundary,1.0000000146895807,1.0000000011404835,H1+H2,interior,26125.46131922082,26125.232769525534,-0.22854969528574837,133.94598196556763,False,32,199,252,902,128,bayes_h1h2_marginal_boundary,measured_graph,0.499474133116153,0.06737604768888657,43,h1:h1_z;h2:h2_z,1.0
0.0012589254117941675,0.0019952623149688807,0.0007943282347242822,0.0007940797730765481,0.0012233436515357522,0.0019492311014514608,bayes_h1h2_marginal_boundary,1.0000028902511076,1.0000001632296667,H1+H2,interior,16351.150721602626,16351.147826662773,-0.0028949398523394052,473.5699821815033,False,37,115,177,584,148,bayes_h1h2_marginal_boundary,measured_graph,1.7957600679002625,0.16680788727684362,44,h1:h1_z;h2:h2_z,0.39999999999999986
0.00031622776601683794,0.0019952623149688807,0.00012589254117941674,0.00012616465518028273,0.00031909650391219246,0.0015842668628378571,bayes_h1h2_marginal_boundary,1.0000003941572455,1.0000001023217904,H1+H2,interior,13803.273131634103,13803.044581938817,-0.22854969528574837,126.21762027916702,False,22,112,138,500,88,bayes_h1h2_marginal_boundary,measured_graph,3.869373888182669,0.16651003207214984,45,h1:h1_z;h2:h2_z,1.2000000000000002
0.003981071705534973,0.00794328234724282,0.00019952623149688788,0.00018987140129904492,0.0025392717475953915,0.006117614187574229,bayes_h1h2_marginal_boundary,1.0000003003913003,1.0000000093950525,H1+H2,interior,11724.010148202658,11723.920298892333,-0.08984931032449865,49.131357485224726,False,23,93,119,424,92,bayes_h1h2_marginal_boundary,measured_graph,4.213599870091478,0.1361283156522936,46,h1:h1_z;h2:h2_z,1.6000000000000005
0.00039810717055349735,0.003981071705534973,0.00012589254117941674,0.00014165371849959898,0.00040101614763267943,0.003015837579355263,bayes_h1h2_marginal_boundary,1.0000008876066038,1.0000000005273684,H1+H2,interior,8315.748307331149,8315.582366761768,-0.16594056938017995,118.56653509472017,False,19,70,81,302,76,bayes_h1h2_marginal_boundary,measured_graph,4.5027192350873415,0.11257387504042848,47,h1:h1_z;h2:h2_z,1.5
0.00019952623149688788,0.001584893192461114,1e-05,1.1780914284040474e-05,0.00013412765305276966,0.0008719729977857011,bayes_h1h2_marginal_boundary,1.0000083429796334,1.000000115913811,H1+H2,interior,7864.617264167702,7864.233496220605,-0.38376794709688455,112.3532248155534,False,17,41,98,278,68,bayes_h1h2_marginal_boundary,measured_graph,0.8943082994560483,0.18757146464712374,48,h1:h1_z;h2:h2_z,2.2
0.00039810717055349735,0.005011872336272725,0.0001,0.00011018534810491726,0.00039608201202087244,0.00354128673027782,bayes_h1h2_marginal_boundary,1.0000001322158556,1.0000000002609366,H1+H2,interior,18844.52682723653,18844.36088666715,-0.16594056938017995,170.70582597021712,False,30,142,182,648,120,bayes_h1h2_marginal_boundary,measured_graph,0.21824910016058602,0.06821177669276889,49,h1:h1_z;h2:h2_z,1.7000000000000002
0.0012589254117941675,0.0019952623149688807,0.0007943282347242822,0.0005861645925063449,0.0011743936572032303,0.0018992469547558833,bayes_h1h2_marginal_boundary,1.0000001038018616,1.000000000092519,H1+H2,interior,26228.572008077383,26228.56911313753,-0.0028949398523394052,237.16950359939074,False,38,221,233,908,152,bayes_h1h2_marginal_boundary,measured_graph,0.2934641298785476,0.0649348463311035,50,h1:h1_z;h2:h2_z,0.39999999999999986
0.00015848931924611142,0.0012589254117941675,5.011872336272725e-05,5.579839408145255e-05,0.00018252117187381517,0.0007919325225583335,bayes_h1h2_marginal_boundary,1.0000000191451692,1.0000000100448554,H1+H2,periphery,24131.325650061903,24130.8492729889,-0.47637707300245236,232.65739320427383,False,29,192,216,816,116,bayes_h1h2_marginal_boundary,measured_graph,0.17906899741843094,0.03196346238033544,51,h1:h1_z;h2:h2_z,1.4
0.0005011872336272725,0.0007943282347242822,0.00031622776601683794,0.0002651553186871717,0.0004217982699247887,0.0006440577054182015,bayes_h1h2_marginal_boundary,1.0000000306475296,0.9999999991714861,H1+H2,periphery,28062.21783484432,28062.104503400846,-0.11333144347461188,602.4557607953611,False,24,213,251,928,96,bayes_h1h2_marginal_boundary,measured_graph,0.08230204916906822,0.0258749807760036,52,h1:h1_z;h2:h2_z,0.4000000000000004
0.0012589254117941675,0.001584893192461114,0.0007943282347242822,0.000699486056210707,0.0010462775826422536,0.0014749888660782217,bayes_h1h2_marginal_boundary,1.0000023255993091,1.0000000029774236,H1+H2,interior,29766.0042797172,29766.001384777348,-0.0028949398523394052,1095.1163961485072,False,46,245,273,1036,184,bayes_h1h2_marginal_boundary,measured_graph,0.2995588743246522,0.10172456657427373,53,h1:h1_z;h2:h2_z,0.29999999999999977
0.00031622776601683794,0.001,0.0001,9.870788813486073e-05,0.0003077744819583737,0.0007685497290006324,bayes_h1h2_marginal_boundary,1.0000000958679158,1.000000009065038,H1+H2,interior,21294.379285306528,21294.15073561124,-0.22854969528574837,1257.3608822853494,False,31,179,198,754,124,bayes_h1h2_marginal_boundary,measured_graph,0.7234157712933759,0.1382655967343876,54,h1:h1_z;h2:h2_z,1.0
0.00794328234724282,0.012589254117941675,0.005011872336272725,0.004210435755974875,0.007059241521700245,0.011815702967035827,bayes_h1h2_marginal_boundary,1.0000100649777337,1.000000000080305,H1+H2,interior,11142.772888726357,11142.51086679375,-0.26202193260779433,176.5227964562837,False,19,72,128,400,76,bayes_h1h2_marginal_boundary,measured_graph,1.1390542953867298,0.2652708464966761,55,h1:h1_z;h2:h2_z,0.3999999999999999
0.00019952623149688788,0.0019952623149688807,1e-05,1.1985042358258778e-05,0.00014153428667685951,0.0011679429385004919,bayes_h1h2_marginal_boundary,1.0000004775842675,1.0000000001695422,H1+H2,interior,6192.037354057158,6191.653586110061,-0.38376794709688455,62.62983853363585,False,25,52,64,232,100,bayes_h1h2_marginal_boundary,measured_graph,5.231887331780722,0.23555953039426292,56,h1:h1_z;h2:h2_z,2.3000000000000003
0.000630957344480193,0.001584893192461114,0.0002511886431509582,0.0002515598608455627,0.0005354607055593265,0.001363708569708772,bayes_h1h2_marginal_boundary,1.0000000872553685,1.0000000009280345,H1+H2,interior,14859.160363430701,14859.089641113133,-0.07072231756904392,132.8523882788577,False,24,104,165,538,96,bayes_h1h2_marginal_boundary,measured_graph,3.694634772046259,0.20627663852181624,57,h1:h1_z;h2:h2_z,0.7999999999999998
0.00031622776601683794,0.001,1.584893192461114e-05,1.8872471334611746e-05,0.00023467199448791825,0.00074094283422416,bayes_h1h2_marginal_boundary,1.0000011182751225,1.000000070601349,H1+H2,interior,15596.65916057357,15596.430610878284,-0.22854969528574837,171.84336522482772,False,36,102,179,562,144,bayes_h1h2_marginal_boundary,measured_graph,3.203562193768281,0.15001419170899233,58,h1:h1_z;h2:h2_z,1.7999999999999998
0.039810717055349734,0.05011872336272725,0.025118864315095822,0.021816799947506675,0.03186005125569187,0.04625661827603122,bayes_h1h2_marginal_boundary,1.000002018622722,1.000000046288756,H1+H2,interior,20472.368715971665,20471.354957920397,-1.0137580512688171,119.65522551699542,False,36,136,218,708,144,bayes_h1h2_marginal_boundary,measured_graph,0.3564572249641189,0.07381807171989728,59,h1:h1_z;h2:h2_z,0.29999999999999977
0.0005011872336272725,0.0012589254117941675,6.309573444801929e-05,5.239081032082308e-05,0.0004115731524721312,0.0009519507483934632,bayes_h1h2_marginal_boundary,1.0000015367176838,1.000000000002844,H1+H2,periphery,13706.332097662244,13706.21876621877,-0.11333144347461188,169.82619932897433,False,24,110,122,464,96,bayes_h1h2_marginal_boundary,measured_graph,0.11671106322721544,0.03127845006860806,60,h1:h1_z;h2:h2_z,1.3000000000000003
0.00019952623149688788,0.0005011872336272725,6.309573444801929e-05,6.633955108189579e-05,0.00017204300512815228,0.0004523408214711784,bayes_h1h2_marginal_boundary,1.0000005738647977,0.9999999953892275,H1+H2,periphery,12191.317752089177,12190.93398414208,-0.38376794709688455,164.9934996267948,False,25,93,109,404,100,bayes_h1h2_marginal_boundary,measured_graph,0.0671165373074235,0.012982939433703109,61,h1:h1_z;h2:h2_z,0.9000000000000005
0.0001,0.00794328234724282,1e-05,1.0843907060783149e-05,9.226990333411281e-05,0.00436093331990046,bayes_h1h2_marginal_boundary,1.0000053664898998,1.0000000005823069,H1+H2,interior,20162.50554945565,20161.813954130837,-0.6915953248135883,93.77754618253675,False,39,128,218,692,156,bayes_h1h2_marginal_boundary,measured_graph,0.46586639253748674,0.03995973297050534,62,h1:h1_z;h2:h2_z,2.9000000000000004
0.1,0.1,0.1,0.07993427213729676,0.08970988314733166,0.09948549415736659,bayes_h1h2_marginal_boundary,1.0000001478376825,1.0000000077115163,H1+H2,interior,17464.515904468717,17462.85258292107,-1.663321547646544,116.87183814937453,True,31,114,190,608,124,bayes_h1h2_marginal_boundary,measured_graph,0.7298509064288288,0.06845036505199464,63,h1:h1_z;h2:h2_z,0.0
0.1,0.1,0.07943282347242822,0.0689004584436023,0.08902235940102689,0.09945111797005135,bayes_h1h2_marginal_boundary,1.0000003134597164,1.0000000000000153,H1+H2,interior,10853.479149690578,10851.815828142931,-1.663321547646544,43.274664547028806,True,28,66,126,384,112,bayes_h1h2_marginal_boundary,measured_graph,1.4760547503569719,0.07032375734895993,64,h1:h1_z;h2:h2_z,0.09999999999999964
0.00039810717055349735,0.001584893192461114,0.00015848931924611142,0.000169208915471449,0.0003903715829477334,0.001139159751081436,bayes_h1h2_marginal_boundary,1.0000000270115807,1.0000000834312248,H1+H2,interior,16029.592365862552,16029.426425293172,-0.16594056938017995,148.41092211000796,False,29,121,159,560,116,bayes_h1h2_marginal_boundary,measured_graph,0.9888848721975891,0.05146587805286946,65,h1:h1_z;h2:h2_z,1.0
0.0002511886431509582,0.00039810717055349735,0.00015848931924611142,0.00013476241198147416,0.00022418503435245248,0.00036956685360455487,bayes_h1h2_marginal_boundary,1.000000039123443,1.000000085443737,H1+H2,interior,23196.730180612314,23196.429021791122,-0.30115882119131615,712.9283286405625,False,34,184,212,792,136,bayes_h1h2_marginal_boundary,measured_graph,0.15448404531999085,0.06269720770779284,66,h1:h1_z;h2:h2_z,0.3999999999999999
0.000630957344480193,0.001,0.00039810717055349735,0.0003205430474193734,0.0005160111367349153,0.0007908004658421889,bayes_h1h2_marginal_boundary,1.0000008770220514,1.0000000013896242,H1+H2,interior,29043.95579427485,29043.88507195728,-0.07072231756904392,406.22612844042305,False,38,227,260,974,152,bayes_h1h2_marginal_boundary,measured_graph,0.08070956410289801,0.041277160929268066,67,h1:h1_z;h2:h2_z,0.3999999999999999
0.00012589254117941674,0.000630957344480193,3.9810717055349695e-05,4.116560855361494e-05,0.00011803261326100003,0.0004315857890316353,bayes_h1h2_marginal_boundary,1.000000051448838,0.9999999999862542,H1+H2,periphery,27821.07231059784,27820.493324398933,-0.5789861989080206,203.3736650342762,False,26,215,245,920,104,bayes_h1h2_marginal_boundary,measured_graph,0.0778054637047944,0.023447441992421422,68,h1:h1_z;h2:h2_z,1.2000000000000002
0.0007943282347242822,0.0012589254117941675,0.00031622776601683794,0.0002568116539354966,0.0006863702113998399,0.0012054170859089619,bayes_h1h2_marginal_boundary,1.0000000910608386,0.9999999995239472,H1+H2,periphery,20095.823234536758,20095.785121345096,-0.03811319166347554,219.4564257627353,False,26,162,178,680,104,bayes_h1h2_marginal_boundary,measured_graph,0.3323576848705688,0.018561295507276473,69,h1:h1_z;h2:h2_z,0.6000000000000001
0.00039810717055349735,0.000630957344480193,0.00019952623149688788,0.00020011716873204665,0.0003630528078202617,0.0006183770787172115,bayes_h1h2_marginal_boundary,1.000000594787642,0.9999999967224852,H1+H2,interior,33649.91617531073,33649.750234741354,-0.16594056938017995,413.5483728557447,False,46,271,286,1114,184,bayes_h1h2_marginal_boundary,measured_graph,0.06324891232560413,0.018173207201592573,70,h1:h1_z;h2:h2_z,0.5
0.0005011872336272725,0.0007943282347242822,0.00039810717055349735,0.00032285912495894705,0.0004703813509632408,0.0007217315274544916,bayes_h1h2_marginal_boundary,1.0000013158515557,0.9999999995750208,H1+H2,interior,27431.36313790223,27431.249806458756,-0.11333144347461188,267.6664007283107,False,38,212,239,902,152,bayes_h1h2_marginal_boundary,measured_graph,0.0458897421865153,0.01594151914109356,71,h1:h1_z;h2:h2_z,0.30000000000000027
0.00019952623149688788,0.0012589254117941675,1e-05,1.5073204013327073e-05,0.00015345568095933608,0.0008841416573960325,bayes_h1h2_marginal_boundary,1.0000000422435797,1.000000000494559,H1+H2,interior,20218.892815709107,20218.50904776201,-0.38376794709688455,95.07577318155381,False,33,132,219,702,132,bayes_h1h2_marginal_boundary,measured_graph,1.0658302017931351,0.05387778060249813,72,h1:h1_z;h2:h2_z,2.1
0.00012589254117941674,0.0019952623149688807,1e-05,1.3932302206500425e-05,0.00011979350377021159,0.0012122035751087209,bayes_h1h2_marginal_boundary,1.0000001168331751,1.0000000002537572,H1+H2,interior,24012.28292642259,24011.703940223684,-0.5789861989080206,136.9250177967624,False,38,159,260,838,152,bayes_h1h2_marginal_boundary,measured_graph,1.9111324329375827,0.04427235276418728,73,h1:h1_z;h2:h2_z,2.3000000000000003
0.1,0.1,0.1,0.0799255615671545,0.08970541618828436,0.09948527080941422,bayes_h1h2_marginal_boundary,1.0000016937085328,0.9999999999995891,H1+H2,interior,24460.69864623926,24459.035324691613,-1.663321547646544,69.05005395067565,True,34,166,254,840,136,bayes_h1h2_marginal_boundary,measured_graph,0.9839496558420273,0.026147005926244582,74,h1:h1_z;h2:h2_z,0.0
2.5118864315095822e-05,0.0002511886431509582,1e-05,1e-05,2.4752974589726537e-05,0.00018591677452658962,bayes_h1h2_marginal_boundary,1.0000023319951477,0.9999999990794848,H1+H2,periphery,12786.820086670303,12785.242836590056,-1.5772500802469966,41.69867224387417,False,22,83,133,432,88,bayes_h1h2_marginal_boundary,measured_graph,1.0642978495673534,0.011636037766513112,75,h1:h1_z;h2:h2_z,1.4000000000000004
0.03162277660168379,0.06309573444801936,5.011872336272725e-05,2.4597349278037274e-05,0.026855718304829027,0.050090250716494054,bayes_h1h2_marginal_boundary,1.0000033681167186,0.9999999999999979,H1+H2,periphery,5519.007505858812,5518.131138681638,-0.8763671771743852,13.922653256131525,False,16,41,57,196,64,bayes_h1h2_marginal_boundary,measured_graph,2.176368562426277,0.018613353314984028,76,h1:h1_z;h2:h2_z,3.1
0.00031622776601683794,0.03162277660168379,0.0001,9.666356313491875e-05,0.00034278713785641985,0.021207645297341687,bayes_h1h2_marginal_boundary,1.000003621618877,1.0000000050985696,H1+H2,interior,19995.16762938905,19994.939079693762,-0.22854969528574837,50.03076761886041,False,38,159,198,714,152,bayes_h1h2_marginal_boundary,measured_graph,2.072355336596951,0.08906714102911577,78,h1:h1_z;h2:h2_z,2.5
5.011872336272725e-05,0.0007943282347242822,1e-05,1e-05,4.780707830042057e-05,0.0005233435136611157,bayes_h1h2_marginal_boundary,1.000000041819639,1.0000000601821677,H1+H2,interior,26315.348239475697,26314.258816773166,-1.089422702530293,173.39630967924313,False,43,208,236,888,172,bayes_h1h2_marginal_boundary,measured_graph,0.13641679920915614,0.03520215125968491,79,h1:h1_z;h2:h2_z,1.9000000000000004
0.00012589254117941674,0.000630957344480193,1e-05,1.3041666288936438e-05,8.677578973476788e-05,0.00044444888385194526,bayes_h1h2_marginal_boundary,1.0000001704311017,0.9999999999997478,H1+H2,interior,32126.713105485313,32126.134119286406,-0.5789861989080206,365.9740822354288,False,44,251,274,1050,176,bayes_h1h2_marginal_boundary,measured_graph,0.04440495791952219,0.01060214692922545,80,h1:h1_z;h2:h2_z,1.7999999999999998
2.5118864315095822e-05,0.00012589254117941674,1e-05,1e-05,2.2404378472778563e-05,0.00010135506412031168,bayes_h1h2_marginal_boundary,1.0000000045054978,0.999999999090428,H1+H2,periphery,27473.197371541548,27471.6201214613,-1.5772500802469966,230.0461788231114,False,28,217,231,896,112,bayes_h1h2_marginal_boundary,measured_graph,0.035780555574423445,0.02149618138470522,81,h1:h1_z;h2:h2_z,1.1
0.00012589254117941674,0.00039810717055349735,3.9810717055349695e-05,4.2450023576921674e-05,0.00010929382474532195,0.0003203041551392292,bayes_h1h2_marginal_boundary,1.0000000423111093,0.9999999999812558,H1+H2,periphery,21920.269250008158,21919.69026380925,-0.5789861989080206,63.53724864485412,False,21,185,176,722,84,bayes_h1h2_marginal_boundary,measured_graph,0.0545492830717333,0.021758248724529125,83,h1:h1_z;h2:h2_z,1.0000000000000004
0.00031622776601683794,0.001,0.00015848931924611142,0.0001455159512579748,0.0003167192356728888,0.0007777454981080645,bayes_h1h2_marginal_boundary,1.000000002350305,1.000000046336113,H1+H2,periphery,12904.55026032875,12904.321710633463,-0.22854969528574837,57.374768699213746,False,20,118,102,440,80,bayes_h1h2_marginal_boundary,measured_graph,0.16609316524428833,0.0328669178603038,84,h1:h1_z;h2:h2_z,0.7999999999999998
0.00794328234724282,0.01584893192461114,0.0031622776601683794,0.002550915038403712,0.006563465935256353,0.01288644684649075,bayes_h1h2_marginal_boundary,1.0000002390532106,1.0000000069073658,H1+H2,periphery,19161.667774560818,19161.40575262821,-0.26202193260779433,56.711848321072466,False,30,170,177,694,120,bayes_h1h2_marginal_boundary,measured_graph,2.723203540125632,0.14685986204218773,86,h1:h1_z;h2:h2_z,0.7000000000000002
0.01584893192461114,0.01995262314968881,0.01,0.008814186438382183,0.012982258564984753,0.018908273429277273,bayes_h1h2_marginal_boundary,1.0000003106308473,1.000000021321581,H1+H2,periphery,17681.110781667725,17680.586587112834,-0.5241945548910899,65.94716549290024,False,26,143,175,636,104,bayes_h1h2_marginal_boundary,measured_graph,3.116355484880229,0.11278025862235604,87,h1:h1_z;h2:h2_z,0.30000000000000027
