D_hat,D_hi_lr3,D_lo_lr3,D_p025,D_p500,D_p975,ablation,chi2_h1_red_at_mode,harmonics,location,log_likelihood_at_mode,log_posterior_at_mode,log_prior_at_mode,max_neg2_delta_logpost,mode_at_grid_boundary,n_boundary,n_h1,n_obs,n_params_marginalized,objective,observation_source,sigma_h1_nL_s_at_mode,tile_id,weight_mode,width_decades_lr3
0.00039810717055349735,0.001584893192461114,0.00015848931924611142,0.00014480765311902183,0.00037221355009801416,0.0012302505652616578,bayes_h1_marginal_boundary,1.0000000553677937,H1,periphery,11023.657862404938,11023.491921835557,-0.16594056938017995,158.08926686751147,False,23,185,370,46,bayes_h1_marginal_boundary,measured_graph,0.05554699637318949,1,h1_z,1.0
0.0012589254117941675,0.0031622776601683794,0.0002511886431509582,0.0002686529629621092,0.0008667099204069385,0.002339893332276034,bayes_h1_marginal_boundary,1.0000000000018439,H1,periphery,18384.93017851762,18384.92728357777,-0.0028949398523394052,191.1393065176744,False,24,306,612,48,bayes_h1_marginal_boundary,measured_graph,0.05274299727587078,2,h1_z,1.0999999999999996
0.005011872336272725,0.00794328234724282,0.0031622776601683794,0.002724832674094917,0.004474648760755223,0.00693493019965546,bayes_h1_marginal_boundary,1.0000000000017066,H1,periphery,14471.78580890755,14471.648568723132,-0.13724018441893068,124.01762366166076,False,31,244,488,62,bayes_h1_marginal_boundary,measured_graph,0.06791239895451646,3,h1_z,0.4000000000000003
0.0031622776601683794,0.01584893192461114,0.00012589254117941674,0.0001664443929392559,0.001778014675827925,0.00909516860753672,bayes_h1_marginal_boundary,1.0000000000367535,H1,periphery,15453.53459138429,15453.48213294806,-0.05245843623006681,51.015078294462,False,28,262,524,56,bayes_h1_marginal_boundary,measured_graph,0.08641265307118419,4,h1_z,2.1
0.005011872336272725,0.00794328234724282,0.0019952623149688807,0.0010843631787222708,0.004038109902043987,0.007281172336044224,bayes_h1_marginal_boundary,1.0000000197962124,H1,periphery,11881.846234276643,11881.708994092225,-0.13724018441893068,92.25268057988069,False,28,201,402,56,bayes_h1_marginal_boundary,measured_graph,0.07560076438768074,5,h1_z,0.6000000000000001
0.0001,0.0007943282347242822,1e-05,1.0396615170965105e-05,7.365279800287604e-05,0.0005284572554672413,bayes_h1_marginal_boundary,1.0000000276810725,H1,periphery,10562.57967361281,10561.888078287997,-0.6915953248135883,217.86185810130337,False,27,175,350,54,bayes_h1_marginal_boundary,measured_graph,0.0329057504404352,6,h1_z,1.9000000000000004
0.00019952623149688788,0.0007943282347242822,7.943282347242822e-05,7.763754593305506e-05,0.0002095765727147164,0.0006887585316717717,bayes_h1_marginal_boundary,1.0000000023739697,H1,periphery,9801.349592020773,9800.965824073677,-0.38376794709688455,164.10879390316768,False,21,162,324,42,bayes_h1_marginal_boundary,measured_graph,0.03319664208835234,7,h1_z,1.0
0.0002511886431509582,0.001584893192461114,0.0001,9.689553256687073e-05,0.0002640911707917034,0.0014889906466730846,bayes_h1_marginal_boundary,1.0000000002400002,H1,periphery,11241.056598734034,11240.755439912842,-0.30115882119131615,113.4703683551852,False,27,187,374,54,bayes_h1_marginal_boundary,measured_graph,0.04276796727447112,8,h1_z,1.2000000000000002
0.0007943282347242822,0.0019952623149688807,0.00019952623149688788,0.00014156588948027862,0.0006227386618097829,0.0015947884725391807,bayes_h1_marginal_boundary,1.0000000008151633,H1,interior,17118.540738446376,17118.502625254714,-0.03811319166347554,98.83035412971367,False,51,293,586,102,bayes_h1_marginal_boundary,measured_graph,0.09943091967367244,9,h1_z,1.0000000000000004
0.01995262314968881,0.039810717055349734,0.012589254117941675,0.011287742405366214,0.019575812937592273,0.037573125515792304,bayes_h1_marginal_boundary,1.0000000001118292,H1,interior,11305.946362648938,11305.314777219952,-0.6315854289855218,146.8454339273885,False,29,205,410,58,bayes_h1_marginal_boundary,measured_graph,0.6725992604730554,10,h1_z,0.5
0.001,0.002511886431509582,0.00019952623149688788,0.00017471958547381468,0.0007895385788864145,0.002043231655678581,bayes_h1_marginal_boundary,1.0000000000460136,H1,interior,16662.283150150062,16662.267646084303,-0.015504065757907535,131.61258502486453,False,36,292,584,72,bayes_h1_marginal_boundary,measured_graph,0.23073915042253484,11,h1_z,1.1000000000000005
0.0005011872336272725,0.0007943282347242822,0.00019952623149688788,0.0001969508684320479,0.00039592408780181944,0.0007635843760018825,bayes_h1_marginal_boundary,1.0000000024583997,H1,interior,16613.530113649085,16613.41678220561,-0.11333144347461188,365.0598910053159,False,44,284,568,88,bayes_h1_marginal_boundary,measured_graph,0.08318408572638537,12,h1_z,0.6000000000000005
0.00039810717055349735,0.001,0.00015848931924611142,0.00014709343709856307,0.0003263602255306844,0.0007615155813608837,bayes_h1_marginal_boundary,1.0000000001078018,H1,interior,17871.369080266784,17871.203139697405,-0.16594056938017995,166.3814386041995,False,40,302,604,80,bayes_h1_marginal_boundary,measured_graph,0.06929785748625233,13,h1_z,0.7999999999999998
0.01995262314968881,0.025118864315095822,0.01584893192461114,0.012651059323982023,0.016599092023966488,0.023060380460860237,bayes_h1_marginal_boundary,1.0000000003776879,H1,periphery,13229.070333436788,13228.438748007802,-0.6315854289855218,141.442045525946,False,28,220,440,56,bayes_h1_marginal_boundary,measured_graph,0.04437661182096953,14,h1_z,0.2000000000000002
0.001584893192461114,0.03162277660168379,0.000630957344480193,0.0006792409152343745,0.0025053499754913574,0.022271211703018257,bayes_h1_marginal_boundary,1.0000000161382538,H1,periphery,13106.275297524013,13106.275011710066,-0.0002858139467712683,85.01163228153018,False,27,227,454,54,bayes_h1_marginal_boundary,measured_graph,0.16048032543430676,15,h1_z,1.7000000000000002
0.0007943282347242822,0.002511886431509582,0.0002511886431509582,0.00023096880016225033,0.0007540693766149054,0.0021830061886713137,bayes_h1_marginal_boundary,1.0000000013682524,H1,interior,17575.89780585189,17575.85969266023,-0.03811319166347554,318.9451739794822,False,46,305,610,92,bayes_h1_marginal_boundary,measured_graph,0.15073255832767235,16,h1_z,1.0
0.0019952623149688807,0.005011872336272725,0.00015848931924611142,7.499095513145251e-05,0.0014856547509523599,0.004009254602796745,bayes_h1_marginal_boundary,1.0000002896999878,H1,interior,11718.010476924877,11718.002800236836,-0.007676688041203171,74.05060355828391,False,37,210,420,74,bayes_h1_marginal_boundary,measured_graph,0.43271853573842955,17,h1_z,1.5
0.0019952623149688807,0.005011872336272725,0.00015848931924611142,6.040387253357889e-05,0.0013966577176919037,0.0037222857045149773,bayes_h1_marginal_boundary,1.000001226522822,H1,interior,6306.6842181529755,6306.676541464934,-0.007676688041203171,56.931615826964844,False,20,117,234,40,bayes_h1_marginal_boundary,measured_graph,1.2481423482756173,18,h1_z,1.5
0.000630957344480193,0.006309573444801936,1e-05,1.5259128900437545e-05,0.0003582213380227987,0.0038031063263042775,bayes_h1_marginal_boundary,1.0000006802189805,H1,interior,3172.078756976127,3172.008034658558,-0.07072231756904392,56.0414424082137,False,19,61,122,38,bayes_h1_marginal_boundary,measured_graph,3.1267606612083534,19,h1_z,2.8000000000000003
0.000630957344480193,0.006309573444801936,1e-05,1.5214219373584779e-05,0.0003546447993722002,0.0037567378262664914,bayes_h1_marginal_boundary,1.00000065753926,H1,interior,3230.094924359743,3230.024202042174,-0.07072231756904392,57.14199716618077,False,19,62,124,38,bayes_h1_marginal_boundary,measured_graph,3.0895342596058457,20,h1_z,2.8000000000000003
0.1,0.1,0.1,0.0799460573728748,0.08971592685788451,0.09948579634289423,bayes_h1_marginal_boundary,1.000000000182605,H1,interior,10412.142963740249,10410.479642192602,-1.663321547646544,114.20843425820203,True,35,182,364,70,bayes_h1_marginal_boundary,measured_graph,0.18871497537467893,21,h1_z,0.0
0.0005011872336272725,0.001,0.0002511886431509582,0.0002540386325580449,0.00048655677971373305,0.0008493481162831217,bayes_h1_marginal_boundary,1.0000000974887926,H1,interior,17036.51106543359,17036.397733990118,-0.11333144347461188,308.6512106883238,False,38,285,570,76,bayes_h1_marginal_boundary,measured_graph,0.05579566143565603,22,h1_z,0.5999999999999996
0.003981071705534973,0.006309573444801936,1.584893192461114e-05,1.773664742877418e-05,0.001679990674883348,0.005269015501575494,bayes_h1_marginal_boundary,1.0000000000185902,H1,periphery,12979.90253119475,12979.812681884425,-0.08984931032449865,188.96282115522263,False,23,217,434,46,bayes_h1_marginal_boundary,measured_graph,0.05933432758768287,23,h1_z,2.6
0.0031622776601683794,0.005011872336272725,0.001584893192461114,0.001400096969742275,0.0028293995177184343,0.004908266221068184,bayes_h1_marginal_boundary,1.000000000091449,H1,periphery,9916.14531412319,9916.09285568696,-0.05245843623006681,130.08283050197133,False,27,172,344,54,bayes_h1_marginal_boundary,measured_graph,0.16919853745687963,24,h1_z,0.49999999999999994
0.0019952623149688807,0.0031622776601683794,0.001,0.0008395233480170894,0.0016901127887427193,0.0029417379449556895,bayes_h1_marginal_boundary,1.000000001339782,H1,interior,13098.053780381439,13098.046103693398,-0.007676688041203171,422.7531800879842,False,41,226,452,82,bayes_h1_marginal_boundary,measured_graph,0.1397206401595497,25,h1_z,0.5
0.039810717055349734,0.06309573444801936,0.025118864315095822,0.02300875320158118,0.035570340734918195,0.05315570369504575,bayes_h1_marginal_boundary,1.0000001768364455,H1,interior,8875.780162472269,8874.766404421,-1.0137580512688171,50.38889854341687,False,36,152,304,72,bayes_h1_marginal_boundary,measured_graph,0.08792601207634898,26,h1_z,0.39999999999999986
0.0031622776601683794,0.01995262314968881,1.2589254117941661e-05,2.4548169262988577e-05,0.0013787458154728442,0.012026865008279305,bayes_h1_marginal_boundary,1.0000026089504657,H1,interior,1674.8185767140812,1674.766118277851,-0.05245843623006681,17.649578605117767,False,15,30,60,30,bayes_h1_marginal_boundary,measured_graph,0.3931179078753141,27,h1_z,3.2000000000000006
0.00794328234724282,0.03162277660168379,0.00012589254117941674,6.293355358161673e-05,0.006213193257559951,0.02193898781612339,bayes_h1_marginal_boundary,1.0000033578635454,H1,interior,1601.5573712263986,1601.2953492937909,-0.26202193260779433,15.284310768061005,False,14,29,58,28,bayes_h1_marginal_boundary,measured_graph,0.481399305861315,28,h1_z,2.4
0.012589254117941675,0.039810717055349734,0.0019952623149688807,0.001799202801893449,0.009312337837251921,0.029227982315637908,bayes_h1_marginal_boundary,1.000000131826379,H1,interior,6473.564519137653,6473.137715456856,-0.42680368079665804,15.114167787693077,False,31,118,236,62,bayes_h1_marginal_boundary,measured_graph,0.6495511674237454,29,h1_z,1.2999999999999998
0.001,0.003981071705534973,1e-05,1.8122346351001387e-05,0.0005714414162657762,0.002779342282694323,bayes_h1_marginal_boundary,1.0000001636352944,H1,interior,9890.727513330337,9890.71200926458,-0.015504065757907535,79.07206666634738,False,31,177,354,62,bayes_h1_marginal_boundary,measured_graph,0.39548795625391864,30,h1_z,2.6
0.01,0.01584893192461114,0.002511886431509582,0.0018380140117300798,0.007768649552016586,0.013916679912365447,bayes_h1_marginal_boundary,1.0000000004890437,H1,interior,13485.37689865386,13485.037485847157,-0.3394128067022262,61.776001932437794,False,41,236,472,82,bayes_h1_marginal_boundary,measured_graph,0.18737578725421616,31,h1_z,0.7999999999999998
0.000630957344480193,0.001584893192461114,1e-05,1.6212154690300167e-05,0.00033661248058398165,0.0012248472451458661,bayes_h1_marginal_boundary,1.0000000192268603,H1,periphery,11330.1883156744,11330.117593356832,-0.07072231756904392,241.60473714786713,False,23,200,400,46,bayes_h1_marginal_boundary,measured_graph,0.2910502308879663,32,h1_z,2.2
0.1,0.1,0.07943282347242822,0.06468113997332874,0.08690602751226605,0.09934530137561332,bayes_h1_marginal_boundary,1.0000000068702994,H1,periphery,8637.440130614887,8635.77680906724,-1.663321547646544,138.7964301774955,True,24,152,304,48,bayes_h1_marginal_boundary,measured_graph,0.24038647625662032,33,h1_z,0.09999999999999964
0.00031622776601683794,0.001584893192461114,1e-05,1.2457653580743958e-05,0.000167456398810333,0.0010152889092097993,bayes_h1_marginal_boundary,1.0000000095980788,H1,interior,12038.558997892847,12038.330448197561,-0.22854969528574837,152.39315024399912,False,35,210,420,70,bayes_h1_marginal_boundary,measured_graph,0.17917271864706777,34,h1_z,2.2
0.0007943282347242822,0.005011872336272725,1e-05,1.607716224794398e-05,0.0003863862853042005,0.0030652052383663675,bayes_h1_marginal_boundary,1.000000666250127,H1,interior,8826.240536981866,8826.202423790202,-0.03811319166347554,85.67201895652397,False,36,155,310,72,bayes_h1_marginal_boundary,measured_graph,0.22032919010536348,35,h1_z,2.7
0.001584893192461114,0.0031622776601683794,1.584893192461114e-05,2.2184775121645278e-05,0.000713515514965907,0.0024695219318866353,bayes_h1_marginal_boundary,1.0000012432819765,H1,interior,4173.194660386242,4173.194374572295,-0.0002858139467712683,80.49158092860489,False,22,73,146,44,bayes_h1_marginal_boundary,measured_graph,0.19721782202379892,36,h1_z,2.3
0.01,0.03162277660168379,0.002511886431509582,0.0016271547300577816,0.008429955839207455,0.0248342435945636,bayes_h1_marginal_boundary,1.000000473391946,H1,interior,1769.1574817609471,1768.8180689542448,-0.3394128067022262,16.44017029532006,False,15,32,64,30,bayes_h1_marginal_boundary,measured_graph,0.5138894845439134,37,h1_z,1.0999999999999996
0.01584893192461114,0.1,0.003981071705534973,0.004178475194331177,0.02004000618548585,0.08645394596593461,bayes_h1_marginal_boundary,1.0000024580893698,H1,interior,1650.2815362169276,1649.7573416620367,-0.5241945548910899,15.462900198273928,False,15,30,60,30,bayes_h1_marginal_boundary,measured_graph,0.502273363408119,38,h1_z,1.4
0.0005011872336272725,0.0031622776601683794,1e-05,1.4127188393738302e-05,0.00025697854164382446,0.0019684682439520857,bayes_h1_marginal_boundary,1.0000021403261403,H1,interior,8316.715266037674,8316.6019345942,-0.11333144347461188,79.78848159088739,False,22,146,292,44,bayes_h1_marginal_boundary,measured_graph,0.28938332529593197,39,h1_z,2.5
0.0019952623149688807,0.003981071705534973,1e-05,1.7902907287480692e-05,0.0007528526352523411,0.0028666585618166924,bayes_h1_marginal_boundary,1.0000083499987442,H1,interior,11524.683463439585,11524.675786751544,-0.007676688041203171,56.939057163086545,False,42,209,418,84,bayes_h1_marginal_boundary,measured_graph,0.7221149135387815,40,h1_z,2.6
0.0012589254117941675,0.012589254117941675,0.00019952623149688788,0.00015534770469386252,0.001235932977268624,0.008255650200976189,bayes_h1_marginal_boundary,1.0000003178646069,H1,periphery,10826.933124855668,10826.930229915815,-0.0028949398523394052,31.696240023487917,False,29,189,378,58,bayes_h1_marginal_boundary,measured_graph,0.21343886156156913,41,h1_z,1.8000000000000003
0.0012589254117941675,0.005011872336272725,0.0005011872336272725,0.0004613600784372211,0.0012642074721417244,0.004073607336570204,bayes_h1_marginal_boundary,1.0000000271882876,H1,periphery,9598.832484725704,9598.829589785852,-0.0028949398523394052,45.59824837384076,False,24,166,332,48,bayes_h1_marginal_boundary,measured_graph,0.1652234452177958,42,h1_z,0.9999999999999999
0.01995262314968881,0.039810717055349734,0.012589254117941675,0.011128625711061022,0.01988923017400078,0.038322604684416534,bayes_h1_marginal_boundary,1.000000044801652,H1,interior,11146.119039852412,11145.487454423426,-0.6315854289855218,39.05506134967072,False,32,199,398,64,bayes_h1_marginal_boundary,measured_graph,0.4696286109034387,43,h1_z,0.5
0.002511886431509582,0.01,1.584893192461114e-05,2.7323161453627434e-05,0.0013606170623468566,0.006864024986125917,bayes_h1_marginal_boundary,1.0000023327497072,H1,interior,6153.1708892884335,6153.145821726298,-0.025067562135635053,41.669465022643635,False,37,115,230,74,bayes_h1_marginal_boundary,measured_graph,1.788454782022967,44,h1_z,2.8
0.00039810717055349735,0.003981071705534973,1e-05,1.35070012953031e-05,0.00023178583868532193,0.002009634152263551,bayes_h1_marginal_boundary,1.0000004074481637,H1,interior,5836.808324813646,5836.642384244266,-0.16594056938017995,27.738971929546096,False,22,112,224,44,bayes_h1_marginal_boundary,measured_graph,3.870043647715914,45,h1_z,2.6
0.0007943282347242822,0.00794328234724282,1e-05,1.6523051335184785e-05,0.0004325443909066728,0.004341982308079025,bayes_h1_marginal_boundary,1.000000014417923,H1,interior,4827.393158699661,4827.355045507998,-0.03811319166347554,14.481079370152656,False,23,93,186,46,bayes_h1_marginal_boundary,measured_graph,4.209829463334067,46,h1_z,2.9000000000000004
0.000630957344480193,0.006309573444801936,1e-05,1.5233968395587367e-05,0.0003495145300199258,0.00376440492484324,bayes_h1_marginal_boundary,1.0000008845620068,H1,interior,3624.08733706772,3624.016614750151,-0.07072231756904392,21.518122317197594,False,19,70,140,38,bayes_h1_marginal_boundary,measured_graph,4.504353849918546,47,h1_z,2.8000000000000003
0.0007943282347242822,0.006309573444801936,1e-05,1.586184599158952e-05,0.00039106254788489627,0.003496800641461646,bayes_h1_marginal_boundary,1.0000087515795353,H1,interior,2223.9856505315047,2223.9475373398413,-0.03811319166347554,59.67442394878526,False,17,41,82,34,bayes_h1_marginal_boundary,measured_graph,0.8947940363978278,48,h1_z,2.8000000000000003
0.00031622776601683794,0.005011872336272725,1e-05,1.3466155136993237e-05,0.00024056086734197953,0.0030164160357748432,bayes_h1_marginal_boundary,1.0000001139574752,H1,interior,8085.771922929195,8085.54337323391,-0.22854969528574837,75.38208692526314,False,30,142,284,60,bayes_h1_marginal_boundary,measured_graph,0.21830132081965345,49,h1_z,2.7
0.002511886431509582,0.003981071705534973,0.0012589254117941675,0.001121829170342693,0.002041581851647237,0.003604825127689064,bayes_h1_marginal_boundary,1.0000008773490152,H1,interior,12469.496429566872,12469.471362004737,-0.025067562135635053,80.1975036504009,False,38,221,442,76,bayes_h1_marginal_boundary,measured_graph,0.29293606520704907,50,h1_z,0.5
0.00019952623149688788,0.0019952623149688807,1e-05,1.2154244544249636e-05,0.00014784341721008835,0.0011220341128336548,bayes_h1_marginal_boundary,1.0000000198026624,H1,periphery,11043.322244578081,11042.938476630985,-0.38376794709688455,82.04240433538871,False,29,192,384,58,bayes_h1_marginal_boundary,measured_graph,0.17905676077817978,51,h1_z,2.3000000000000003
0.0007943282347242822,0.001584893192461114,0.00039810717055349735,0.00038978513724189067,0.0007306649545351378,0.0014820466124106173,bayes_h1_marginal_boundary,1.0000000021320727,H1,periphery,12634.188326599691,12634.150213408027,-0.03811319166347554,199.28803894797966,False,24,213,426,48,bayes_h1_marginal_boundary,measured_graph,0.08230651577757346,52,h1_z,0.6000000000000001
0.0019952623149688807,0.002511886431509582,0.001584893192461114,0.0012418799576617149,0.0017473817080304241,0.0024564143328115297,bayes_h1_marginal_boundary,1.0000001041116116,H1,interior,13825.520783583763,13825.513106895722,-0.007676688041203171,561.8856210957965,False,46,245,490,92,bayes_h1_marginal_boundary,measured_graph,0.30039397984554556,53,h1_z,0.20000000000000015
0.001,0.002511886431509582,5.011872336272725e-05,3.3546548302409396e-05,0.0007324297100248714,0.001845952042590501,bayes_h1_marginal_boundary,1.0000001296153431,H1,interior,9835.739834862263,9835.724330796505,-0.015504065757907535,433.1023616128841,False,31,179,358,62,bayes_h1_marginal_boundary,measured_graph,0.7178188511838894,54,h1_z,1.7000000000000002
0.00794328234724282,0.012589254117941675,0.005011872336272725,0.004069473458989837,0.006355479408263213,0.009975396394663577,bayes_h1_marginal_boundary,1.0000100649777337,H1,interior,3873.5940967629454,3873.3320748303377,-0.26202193260779433,53.35595415929765,False,19,72,144,38,bayes_h1_marginal_boundary,measured_graph,1.1390542953867298,55,h1_z,0.3999999999999999
0.01584893192461114,0.1,1.584893192461114e-05,3.245893139377595e-05,0.005414448443980478,0.058922767952452805,bayes_h1_marginal_boundary,1.0000010227940743,H1,interior,2650.014649600562,2649.490455045671,-0.5241945548910899,6.581591511417173,False,25,52,104,50,bayes_h1_marginal_boundary,measured_graph,5.0405332478153575,56,h1_z,3.8
0.002511886431509582,0.1,1.9952623149688786e-05,4.125553000064533e-05,0.002363143192460142,0.07007649722374801,bayes_h1_marginal_boundary,1.0000000607396506,H1,interior,5398.753268195559,5398.7282006334235,-0.025067562135635053,7.211162782028623,False,24,104,208,48,bayes_h1_marginal_boundary,measured_graph,3.668364982594124,57,h1_z,3.7
0.1,0.1,0.001,6.18607112443199e-05,0.04768306191266153,0.09811428253394838,bayes_h1_marginal_boundary,1.0000000799500504,H1,interior,5306.747675907575,5305.0843543599285,-1.663321547646544,10.856730107936528,True,36,102,204,72,bayes_h1_marginal_boundary,measured_graph,3.01544387779722,58,h1_z,2.0
0.1,0.1,0.1,0.07962944215821999,0.08955356008113846,0.09947767800405694,bayes_h1_marginal_boundary,1.0000023971897338,H1,interior,7642.471107442702,7640.8077858950555,-1.663321547646544,137.5597910000888,True,36,136,272,72,bayes_h1_marginal_boundary,measured_graph,0.30801853668206486,59,h1_z,0.0
0.0007943282347242822,0.0019952623149688807,0.00019952623149688788,0.00015226998277231927,0.000630983031340439,0.0015757969635620825,bayes_h1_marginal_boundary,1.0000001243573566,H1,periphery,6372.2105488414,6372.172435649736,-0.03811319166347554,102.46511314231611,False,24,110,220,48,bayes_h1_marginal_boundary,measured_graph,0.1165979908611168,60,h1_z,1.0000000000000004
0.00031622776601683794,0.0031622776601683794,7.943282347242822e-05,7.991150292761211e-05,0.00034113332207751356,0.0024416106691678057,bayes_h1_marginal_boundary,1.0000001945911214,H1,periphery,5490.360857310659,5490.132307615374,-0.22854969528574837,25.675582968673552,False,25,93,186,50,bayes_h1_marginal_boundary,measured_graph,0.06696768903096627,61,h1_z,1.5999999999999996
0.000630957344480193,0.005011872336272725,1e-05,1.5033361380423687e-05,0.00032356450272295504,0.0028729202558288166,bayes_h1_marginal_boundary,1.0000058055119971,H1,interior,7108.062319151451,7107.991596833883,-0.07072231756904392,44.457339560112814,False,39,128,256,78,bayes_h1_marginal_boundary,measured_graph,0.4657268522186697,62,h1_z,2.7
0.000630957344480193,0.01,1e-05,1.58349308096319e-05,0.0003892040124234177,0.004633387842101754,bayes_h1_marginal_boundary,1.0000000956527917,H1,interior,6253.907818731942,6253.837096414373,-0.07072231756904392,15.285754082966378,False,31,114,228,62,bayes_h1_marginal_boundary,measured_graph,0.7323869851132612,63,h1_z,3.0
0.001,0.012589254117941675,1e-05,1.761129567744865e-05,0.0005655591654043669,0.006890767206910462,bayes_h1_marginal_boundary,1.000000130443395,H1,interior,3512.43620591336,3512.4207018476022,-0.015504065757907535,19.98604001214335,False,28,66,132,56,bayes_h1_marginal_boundary,measured_graph,1.4723908626332711,64,h1_z,3.1
0.0012589254117941675,0.01995262314968881,1e-05,1.7760369215860267e-05,0.0005953987210712428,0.008960541143624655,bayes_h1_marginal_boundary,1.0000000985003104,H1,interior,6581.762378760978,6581.759483821126,-0.0028949398523394052,12.523244386336955,False,29,121,242,58,bayes_h1_marginal_boundary,measured_graph,0.9872479341001322,65,h1_z,3.3000000000000003
0.00039810717055349735,0.001,1e-05,1.1254498353791876e-05,0.00014050579138561107,0.000658015570084716,bayes_h1_marginal_boundary,1.0000023646851859,H1,interior,10619.09430728976,10618.92836672038,-0.16594056938017995,396.30948983958297,False,34,184,368,68,bayes_h1_marginal_boundary,measured_graph,0.1540789378597816,66,h1_z,2.0
0.000630957344480193,0.0012589254117941675,0.00039810717055349735,0.00039362494488702683,0.000625351208587622,0.0009943833254800645,bayes_h1_marginal_boundary,1.0000008770220514,H1,interior,13386.049699188357,13385.978976870789,-0.07072231756904392,222.33320009229283,False,38,227,454,76,bayes_h1_marginal_boundary,measured_graph,0.08070956410289801,67,h1_z,0.49999999999999994
0.0002511886431509582,0.05011872336272725,1e-05,1.3909599105218403e-05,0.0002101265541718024,0.02569211148718773,bayes_h1_marginal_boundary,1.0000000083701381,H1,periphery,12747.248501323837,12746.947342502644,-0.30115882119131615,12.826147956027853,False,26,215,430,52,bayes_h1_marginal_boundary,measured_graph,0.07765414705616072,68,h1_z,3.7
0.00019952623149688788,0.001,1e-05,1.1413595526446403e-05,0.00011642421087496257,0.0006129252527144247,bayes_h1_marginal_boundary,1.000000149808849,H1,periphery,9154.538053668934,9154.154285721837,-0.38376794709688455,70.94658600976618,False,26,162,324,52,bayes_h1_marginal_boundary,measured_graph,0.33068028680430817,69,h1_z,2.0
0.01995262314968881,0.025118864315095822,0.01584893192461114,0.012729432905378485,0.01763010567871347,0.024261892383561037,bayes_h1_marginal_boundary,1.00000001317319,H1,interior,16107.979749695965,16107.34816426698,-0.6315854289855218,151.906502211943,False,46,271,542,92,bayes_h1_marginal_boundary,measured_graph,0.059055366950464934,70,h1_z,0.2000000000000002
0.025118864315095822,0.03162277660168379,0.01584893192461114,0.013337350849421028,0.020371678959275507,0.030340662353238027,bayes_h1_marginal_boundary,1.000000032167375,H1,interior,12713.89859906489,12713.14962276181,-0.7489763030799538,146.41468694976356,False,38,212,424,76,bayes_h1_marginal_boundary,measured_graph,0.04172603886468177,71,h1_z,0.29999999999999977
0.0012589254117941675,0.01584893192461114,1e-05,1.8118706444953803e-05,0.0006273821551692719,0.008494313522750043,bayes_h1_marginal_boundary,1.000000085468896,H1,interior,7170.2751335115845,7170.2722385717325,-0.0028949398523394052,22.038444609139333,False,33,132,264,66,bayes_h1_marginal_boundary,measured_graph,1.0650998958037512,72,h1_z,3.2
0.001,0.012589254117941675,1e-05,1.7416784509662206e-05,0.0005400811235791719,0.006081443357898968,bayes_h1_marginal_boundary,1.0000001264673228,H1,interior,8461.665107189501,8461.649603123744,-0.015504065757907535,22.7557929202776,False,38,159,318,76,bayes_h1_marginal_boundary,measured_graph,1.910938599078946,73,h1_z,3.1
0.1,0.1,0.1,0.07994634622660056,0.08971607498800029,0.09948580374940003,bayes_h1_marginal_boundary,1.0000016937085328,H1,interior,9002.343653124783,9000.680331577136,-1.663321547646544,158.18806889067127,True,34,166,332,68,bayes_h1_marginal_boundary,measured_graph,0.9839496558420273,74,h1_z,0.0
0.0019952623149688807,0.1,1e-05,2.1924889469680346e-05,0.0012144569263310854,0.05959961438076155,bayes_h1_marginal_boundary,1.000004121559648,H1,periphery,4511.256552008355,4511.248875320314,-0.007676688041203171,4.945950512374111,False,22,83,166,44,bayes_h1_marginal_boundary,measured_graph,1.059778576086054,75,h1_z,4.0
0.07943282347242822,0.1,0.039810717055349734,0.033981610136538394,0.06247479444391917,0.09753503328086731,bayes_h1_marginal_boundary,1.0000006211685881,H1,periphery,2138.148571244606,2136.662640571054,-1.4859306735521132,50.01218795544719,False,16,41,82,32,bayes_h1_marginal_boundary,measured_graph,2.068583498852341,76,h1_z,0.3999999999999999
0.012589254117941675,0.03162277660168379,2.5118864315095822e-05,3.5278812793991756e-05,0.005170095627855876,0.02360826061709921,bayes_h1_marginal_boundary,1.000004252810477,H1,interior,8426.187010729307,8425.76020704851,-0.42680368079665804,25.032447776695335,False,38,159,318,76,bayes_h1_marginal_boundary,measured_graph,2.011204606971151,78,h1_z,3.0999999999999996
0.1,0.1,0.1,0.07943841328619612,0.08945559655702365,0.09947277982785119,bayes_h1_marginal_boundary,1.0000001639662357,H1,interior,12095.58448004594,12093.921158498293,-1.663321547646544,35.537124004211364,True,43,208,416,86,bayes_h1_marginal_boundary,measured_graph,0.12806903160127808,79,h1_z,0.0
0.00031622776601683794,0.0031622776601683794,1.9952623149688786e-05,2.5138466043828727e-05,0.0002941120139171706,0.001957780845661781,bayes_h1_marginal_boundary,1.0000000010685408,H1,interior,15030.543898752218,15030.315349056931,-0.22854969528574837,85.91683002388163,False,44,251,502,88,bayes_h1_marginal_boundary,measured_graph,0.04426824463723545,80,h1_z,2.2
3.1622776601683795e-05,0.00031622776601683794,1e-05,1e-05,3.226496021718356e-05,0.0001849163711756955,bayes_h1_marginal_boundary,1.00000000511306,H1,periphery,13203.91497496786,13202.51033401352,-1.404640954341429,166.04332590398553,False,28,217,434,56,bayes_h1_marginal_boundary,measured_graph,0.03577975775734366,81,h1_z,1.5
0.07943282347242822,0.1,0.05011872336272725,0.04203984530574594,0.06620891204619499,0.0973196174721675,bayes_h1_marginal_boundary,1.0000000069751436,H1,periphery,11115.698339123177,11114.212408449624,-1.4859306735521132,58.250258885298535,False,21,185,370,42,bayes_h1_marginal_boundary,measured_graph,0.04857325432829775,83,h1_z,0.2999999999999998
0.00019952623149688788,0.0019952623149688807,1e-05,1.2082505080139014e-05,0.000146443994259331,0.0012121572790966748,bayes_h1_marginal_boundary,1.0000000021480961,H1,periphery,6774.602311612773,6774.2185436656755,-0.38376794709688455,40.01642770615217,False,20,118,236,40,bayes_h1_marginal_boundary,measured_graph,0.16614332069174484,84,h1_z,2.3000000000000003
0.012589254117941675,0.05011872336272725,0.0031622776601683794,0.003342223215055716,0.011519537404968775,0.039702634610885565,bayes_h1_marginal_boundary,1.0000001035093014,H1,periphery,8952.72785378234,8952.301050101543,-0.42680368079665804,20.83805253956598,False,30,170,340,60,bayes_h1_marginal_boundary,measured_graph,2.717819964650298,86,h1_z,1.2000000000000002
0.005011872336272725,0.025118864315095822,3.1622776601683795e-05,3.7163849487587895e-05,0.00293537020941356,0.014741849265845186,bayes_h1_marginal_boundary,1.0000007640186852,H1,periphery,7487.744532803326,7487.607292618907,-0.13724018441893068,18.82987773125933,False,26,143,286,52,bayes_h1_marginal_boundary,measured_graph,3.1186620664829316,87,h1_z,2.9000000000000004
