run_name,model_family,lambda_q,lambda_k,lambda_b,lambda_delta,message_passing_layers,weighting_regime,flow_rmse_nl_s,flow_mae_nl_s,flow_nrmse_median,kirchhoff_rms_per_internal_node_nl_s,kirchhoff_mae_per_internal_node_nl_s,kirchhoff_p95_abs_nl_s,kirchhoff_max_abs_nl_s,kirchhoff_rms_normalized_median,pressure_min_pa,pressure_max_pa,pressure_mean_pa,arterial_pressure_mean_pa,venous_pressure_mean_pa,arterial_pressure_spread_pa,venous_pressure_spread_pa,arterial_equality_residual_pa,venous_equality_residual_pa,boundary_residual_rms_pa,boundary_residual_max_pa,delta_mean,delta_std,delta_mean_abs,delta_rms,delta_min_observed,delta_max_observed,delta_saturation_fraction,conductance_ratio_mean,conductance_ratio_median,conductance_ratio_min,conductance_ratio_max,conductance_ratio_p05,conductance_ratio_p95,convergence_status,solver_success,runtime_seconds,graph_path,output_dir,boundary_role_constraint_count,pressure_range_pa,flow_rmse_p05,flow_rmse_p95,kirchhoff_rms_p05,kirchhoff_rms_p95,flow_rmse_rank_scaled,kirchhoff_rms_rank_scaled,score_flow_prioritized,score_conservation_prioritized,score_balanced,score_correction_regularized,selection_score,selection_score_formula,selection_score_regime,pareto_rank,is_pareto_front,dominated,n_dominating_runs,n_dominated_runs,selected_representative,selection_rank_within_regime,selection_category,plot_label
q_100__k_0p1__delta_0p1,gnn,100.0,0.1,100.0,0.1,2,flow_prioritized,0.02668280683570751,0.015731413218784258,0.7740609752020732,0.07059715726588561,0.03507393180879631,0.13028470311057438,1.1970640407740762,2.0480043473760943,-0.0006399122066795826,11.097200393676758,4.133782812180432,7.978950324058533,-0.0003199561033397913,9.930500507354736,0.0006399122066795826,nan,nan,0.004203325616871209,0.005909856408834457,-0.04816920648806325,0.40483890956471386,0.38069930417081604,0.4076945120445413,-0.49997469782829285,0.4999092221260071,0.262790322303772,1.0349433554909109,0.8606817126274109,0.6065459847450256,1.6485716104507446,0.606746518611908,1.6472092151641846,True,True,383.3756953899865,/mnt/home/sswee/yolk/Yolk-Sac-Flow-Data-and-Sim/gnn_clean/datasets/somite21_mosaic_cut_pipeline_ready.gpickle,/mnt/home/sswee/yolk/Yolk-Sac-Flow-Data-and-Sim/gnn_clean/outputs/somite21/dc/02_physics_weight_sweep/gnn/q_100__k_0p1__delta_0p1,2,11.097840305883437,0.03303063603239535,0.04073269842313084,0.06351212768231448,0.06812215286842747,0.0,1.0,0.25,0.75,0.5,0.5,0.03766139444325203,0.75*flow_rmse_nl_s + 0.25*kirchhoff_rms_per_internal_node_nl_s,flow_prioritized,1,True,False,0,0,True,1,flow_prioritized,F1
q_100__k_0p1__delta_1,gnn,100.0,0.1,100.0,1.0,2,flow_prioritized,0.027160066946442622,0.015903231197851538,0.7879061613181865,0.06987234953548897,0.03461259825356101,0.13044121853619448,1.1907165791552599,2.0269778720851206,0.0,11.574036598205566,4.1864901716894565,8.170384945869445,0.00045595012488774955,10.2128164768219,0.0009119002497754991,nan,nan,0.004197081297846517,0.005865102168172598,-0.03842382512141992,0.3333267799469003,0.30124831729309715,0.33553410045289384,-0.4998343288898468,0.4989818036556244,0.05148611217737198,1.018114012906705,0.9030064940452576,0.6066311597824097,1.6470434665679932,0.6134426474571228,1.6263296365737914,True,True,384.72571139398497,/mnt/home/sswee/yolk/Yolk-Sac-Flow-Data-and-Sim/gnn_clean/datasets/somite21_mosaic_cut_pipeline_ready.gpickle,/mnt/home/sswee/yolk/Yolk-Sac-Flow-Data-and-Sim/gnn_clean/outputs/somite21/dc/02_physics_weight_sweep/gnn/q_100__k_0p1__delta_1,2,11.574036598205566,0.03303063603239535,0.04073269842313084,0.06351212768231448,0.06812215286842747,0.0,1.0,0.25,0.75,0.5,0.5,0.037838137593704205,0.75*flow_rmse_nl_s + 0.25*kirchhoff_rms_per_internal_node_nl_s,flow_prioritized,1,True,False,0,0,True,2,flow_prioritized,F2
q_100__k_0p1__delta_10,gnn,100.0,0.1,100.0,10.0,2,flow_prioritized,0.029674592477984305,0.017759923828740486,0.8608518636612756,0.06563379671272844,0.032566745113781256,0.124723912838312,1.1568583547713618,1.9040186065313578,0.0,12.180143356323242,4.485572954964194,8.234601917266845,0.00022526535030920058,10.692599773406982,0.00045053070061840117,nan,nan,0.0038729545813682804,0.005458624102175236,0.02142284456865343,0.13091249959330709,0.07868351275717934,0.13265376292883774,-0.4985255002975464,0.49314847588539124,0.002923501655459404,1.030442808769112,1.0101444721221924,0.6074256896972656,1.6374636888504028,0.8511894106864929,1.2998321294784545,True,True,386.7742165029631,/mnt/home/sswee/yolk/Yolk-Sac-Flow-Data-and-Sim/gnn_clean/datasets/somite21_mosaic_cut_pipeline_ready.gpickle,/mnt/home/sswee/yolk/Yolk-Sac-Flow-Data-and-Sim/gnn_clean/outputs/somite21/dc/02_physics_weight_sweep/gnn/q_100__k_0p1__delta_10,2,12.180143356323242,0.03303063603239535,0.04073269842313084,0.06351212768231448,0.06812215286842747,0.0,0.4602293793980054,0.11505734484950135,0.34517203454850404,0.2301146896990027,0.2301146896990027,0.03866439353667034,0.75*flow_rmse_nl_s + 0.25*kirchhoff_rms_per_internal_node_nl_s,flow_prioritized,1,True,False,0,41,True,3,flow_prioritized,F3
q_100__k_1__delta_0p1,gnn,100.0,1.0,100.0,0.1,2,flow_prioritized,0.033969179123796094,0.02017938487840606,0.985436655194461,0.06642221911587393,0.03349439685576291,0.12613136175700776,1.1347541829798136,1.9268905261913711,0.0,11.501157760620117,3.812095597003093,8.057740638256073,0.0011066518491134048,10.744366109371185,0.0022133036982268095,nan,nan,0.00499012726541188,0.006701046600937843,-0.0477665808286546,0.37049048482048236,0.3567311717265934,0.3735570178521317,-0.4839042127132416,0.41726917028427124,0.0,1.019086197248542,1.0227988958358765,0.6163722276687622,1.5178110599517822,0.6185543298721313,1.453436803817749,True,True,384.8293273790041,/mnt/home/sswee/yolk/Yolk-Sac-Flow-Data-and-Sim/gnn_clean/datasets/somite21_mosaic_cut_pipeline_ready.gpickle,/mnt/home/sswee/yolk/Yolk-Sac-Flow-Data-and-Sim/gnn_clean/outputs/somite21/dc/02_physics_weight_sweep/gnn/q_100__k_1__delta_0p1,2,11.501157760620117,0.03303063603239535,0.04073269842313084,0.06351212768231448,0.06812215286842747,0.12185607487803243,0.6312528274955322,0.2492052630324074,0.5039036393411573,0.3765544511867823,0.3765544511867823,0.04208243912181555,0.75*flow_rmse_nl_s + 0.25*kirchhoff_rms_per_internal_node_nl_s,flow_prioritized,3,False,True,2,27,True,4,flow_prioritized,F4
q_100__k_0p1__delta_100,gnn,100.0,0.1,100.0,100.0,2,balanced,0.03286501078097169,0.019238012012966887,0.9534050316289018,0.06580741001586739,0.03312763632268981,0.12427842636291223,1.1454466932250829,1.9090550812756844,-0.0021289666183292866,13.437636375427246,4.6674426339445025,8.358677010536194,-0.0010644833091646433,12.061812043190002,0.0021289666183292866,nan,nan,0.006659751290840914,0.009174534119665623,0.002243051348099967,0.04137001575399703,0.015249045525056059,0.04143077941381486,-0.49622946977615356,0.4816187918186188,0.00016241676348727196,1.0030909636025696,0.9991883635520935,0.6088219285011292,1.6186926364898682,0.982705581188202,1.0473210573196412,True,True,386.7512110259995,/mnt/home/sswee/yolk/Yolk-Sac-Flow-Data-and-Sim/gnn_clean/datasets/somite21_mosaic_cut_pipeline_ready.gpickle,/mnt/home/sswee/yolk/Yolk-Sac-Flow-Data-and-Sim/gnn_clean/outputs/somite21/dc/02_physics_weight_sweep/gnn/q_100__k_0p1__delta_100,2,13.439765342045575,0.03303063603239535,0.04073269842313084,0.06351212768231448,0.06812215286842747,0.0,0.497889326172685,0.12447233154317125,0.3734169946295137,0.2489446630863425,0.2489446630863425,0.04933621039841954,0.5*flow_rmse_nl_s + 0.5*kirchhoff_rms_per_internal_node_nl_s,balanced,2,False,True,1,38,True,1,balanced,B1
q_10__k_0p1__delta_10,gnn,10.0,0.1,100.0,10.0,2,balanced,0.03530826130602688,0.020186941607202736,1.0242830654029318,0.06662949499194333,0.033322862161412004,0.12424186028939227,1.1367721000632436,1.9329035430285442,-0.0013398570008575916,13.21583366394043,4.70282487331793,8.402210254669189,-0.0006699285004287958,11.9009507894516,0.0013398570008575916,nan,nan,0.004541446733416332,0.00628126272931695,0.007077939354099345,0.04473262643491988,0.02493558248443697,0.04528912776005322,-0.4154338240623474,0.24636629223823547,0.0,1.0080912762190084,1.0071943998336792,0.6600539088249207,1.2793681621551514,0.9535063624382019,1.0659912109375,True,True,386.2602459890186,/mnt/home/sswee/yolk/Yolk-Sac-Flow-Data-and-Sim/gnn_clean/datasets/somite21_mosaic_cut_pipeline_ready.gpickle,/mnt/home/sswee/yolk/Yolk-Sac-Flow-Data-and-Sim/gnn_clean/outputs/somite21/dc/02_physics_weight_sweep/gnn/q_10__k_0p1__delta_10,2,13.217173520941287,0.03303063603239535,0.04073269842313084,0.06351212768231448,0.06812215286842747,0.29571628455921006,0.6762148109341025,0.39084091615293315,0.5810901793403794,0.4859655477466563,0.4859655477466563,0.050968878148985104,0.5*flow_rmse_nl_s + 0.5*kirchhoff_rms_per_internal_node_nl_s,balanced,4,False,True,5,22,True,2,balanced,B2
q_1__k_1__delta_0p1,gnn,1.0,1.0,100.0,0.1,2,balanced,0.03918321912105084,0.02253212683232103,1.1366945385898684,0.06346695622082588,0.03165294504157985,0.12291301602820176,1.073512264325449,1.8411591527041506,-0.0020988781470805407,14.48299789428711,4.628744040873677,9.001334056854247,-0.0005615998525172472,13.265526533126831,0.0011231997050344944,nan,nan,0.007048049547627273,0.009903959929943085,-0.04788049580946911,0.22762532266738297,0.19954979500064982,0.2326065979253192,-0.4560692012310028,0.31851792335510254,0.0,0.9779236690359532,0.9656190872192383,0.6337699890136719,1.3750882148742676,0.6660616159439087,1.3255752086639405,True,True,392.513390342996,/mnt/home/sswee/yolk/Yolk-Sac-Flow-Data-and-Sim/gnn_clean/datasets/somite21_mosaic_cut_pipeline_ready.gpickle,/mnt/home/sswee/yolk/Yolk-Sac-Flow-Data-and-Sim/gnn_clean/outputs/somite21/dc/02_physics_weight_sweep/gnn/q_1__k_1__delta_0p1,2,14.48509677243419,0.03303063603239535,0.04073269842313084,0.06351212768231448,0.06812215286842747,0.7988228057015212,0.0,0.599117104276141,0.1997057014253803,0.3994114028507606,0.3994114028507606,0.05132508767093836,0.5*flow_rmse_nl_s + 0.5*kirchhoff_rms_per_internal_node_nl_s,balanced,1,True,False,0,8,True,3,balanced,B3
q_0p1__k_0p1__delta_0p1,gnn,0.1,0.1,100.0,0.1,2,balanced,0.03682345795777,0.021003468168310523,1.0682385085125246,0.06598185303736133,0.03300696001229012,0.12668649359811116,1.113203387977102,1.9141156259240117,-0.009015852585434914,12.550688743591309,4.244715479263286,7.887305459976196,2.7075851903646253e-05,11.645402431488037,5.4151703807292506e-05,nan,nan,0.0060832383794950625,0.008602827787399292,0.01795175786812456,0.12843995379296952,0.1118458504241953,0.12968842408209022,-0.2915315628051758,0.23472832143306732,0.0,1.026361744851479,1.04814875125885,0.7471184730529785,1.264565110206604,0.8079925775527954,1.2121174335479736,True,True,385.1027752759983,/mnt/home/sswee/yolk/Yolk-Sac-Flow-Data-and-Sim/gnn_clean/datasets/somite21_mosaic_cut_pipeline_ready.gpickle,/mnt/home/sswee/yolk/Yolk-Sac-Flow-Data-and-Sim/gnn_clean/outputs/somite21/dc/02_physics_weight_sweep/gnn/q_0p1__k_0p1__delta_0p1,2,12.559704596176744,0.03303063603239535,0.04073269842313084,0.06351212768231448,0.06812215286842747,0.49244237880192776,0.5357292542536476,0.5032640976648577,0.5249075353907177,0.5140858165277877,0.5140858165277877,0.05140265549756566,0.5*flow_rmse_nl_s + 0.5*kirchhoff_rms_per_internal_node_nl_s,balanced,4,False,True,5,27,True,4,balanced,B4
q_1__k_100__delta_0p1,gnn,1.0,100.0,100.0,0.1,2,conservation_prioritized,0.04234170946073873,0.024180862194214087,1.2283214850186588,0.060166978989521405,0.029817787187794126,0.11829189429206355,1.0258201623217222,1.7454277099988862,-0.021670153364539146,12.559000015258789,4.114651611962576,7.7240837931633,-0.0005575225222855806,11.659455478191376,0.0011150450445711613,nan,nan,0.006961373895120112,0.009781519882380962,0.08081752362815862,0.24470812793623825,0.23439182304100004,0.25770824589726904,-0.4068286716938019,0.34922027587890625,0.0,1.1152090951764044,1.170522689819336,0.6657581925392151,1.4179614782333374,0.699965500831604,1.40000262260437,True,True,387.9946562050027,/mnt/home/sswee/yolk/Yolk-Sac-Flow-Data-and-Sim/gnn_clean/datasets/somite21_mosaic_cut_pipeline_ready.gpickle,/mnt/home/sswee/yolk/Yolk-Sac-Flow-Data-and-Sim/gnn_clean/outputs/somite21/dc/02_physics_weight_sweep/gnn/q_1__k_100__delta_0p1,2,12.580670168623328,0.03303063603239535,0.04073269842313084,0.06351212768231448,0.06812215286842747,1.0,0.0,0.75,0.25,0.5,0.5,0.05571066160732574,0.25*flow_rmse_nl_s + 0.75*kirchhoff_rms_per_internal_node_nl_s,conservation_prioritized,1,True,False,0,0,True,1,conservation_prioritized,K1
q_1__k_100__delta_10,gnn,1.0,100.0,100.0,10.0,2,conservation_prioritized,0.04414567766553655,0.024955785770955977,1.280654112408168,0.05973803501170709,0.029477682069081784,0.11734791198654548,1.0054945157739192,1.732984161768807,-0.0010306789772585034,12.91708755493164,4.323495538011702,8.054595894813538,-0.0005153394886292517,11.747004985809326,0.0010306789772585034,nan,nan,0.0068428332495051895,0.009622184559702873,0.05914134331275298,0.2962074508479586,0.2836236468242524,0.3020538899380103,-0.3972468078136444,0.37660813331604004,0.0,1.1064153699416395,1.1760003566741943,0.6721681356430054,1.4573330879211426,0.6915768265724183,1.442342495918274,True,True,389.0656986190006,/mnt/home/sswee/yolk/Yolk-Sac-Flow-Data-and-Sim/gnn_clean/datasets/somite21_mosaic_cut_pipeline_ready.gpickle,/mnt/home/sswee/yolk/Yolk-Sac-Flow-Data-and-Sim/gnn_clean/outputs/somite21/dc/02_physics_weight_sweep/gnn/q_1__k_100__delta_10,2,12.9181182339089,0.03303063603239535,0.04073269842313084,0.06351212768231448,0.06812215286842747,1.0,0.0,0.75,0.25,0.5,0.5,0.055839945675164454,0.25*flow_rmse_nl_s + 0.75*kirchhoff_rms_per_internal_node_nl_s,conservation_prioritized,1,True,False,0,0,True,2,conservation_prioritized,K2
q_0p1__k_1__delta_0p1,gnn,0.1,1.0,100.0,0.1,2,conservation_prioritized,0.03968777752706588,0.022916812228108412,1.1513316408336902,0.06333479243903765,0.03188863369818335,0.12314879476414682,1.0806200769278296,1.837325117310225,-0.01966335065662861,13.593267440795898,4.294107815154785,7.954546616077423,-0.0023244223557412624,12.66251802444458,0.004648844711482525,nan,nan,0.0068654792780457,0.008523957803845406,0.019646646580014852,0.2093786048945003,0.17740803992961818,0.21029833786648758,-0.4196578860282898,0.3608875870704651,0.0,1.0418878643083287,1.04641592502594,0.657271683216095,1.4346022605895996,0.6967689275741578,1.383604621887207,True,True,393.4445222549839,/mnt/home/sswee/yolk/Yolk-Sac-Flow-Data-and-Sim/gnn_clean/datasets/somite21_mosaic_cut_pipeline_ready.gpickle,/mnt/home/sswee/yolk/Yolk-Sac-Flow-Data-and-Sim/gnn_clean/outputs/somite21/dc/02_physics_weight_sweep/gnn/q_0p1__k_1__delta_0p1,2,13.612930791452527,0.03303063603239535,0.04073269842313084,0.06351212768231448,0.06812215286842747,0.864332325154642,0.0,0.6482492438659815,0.2160830812886605,0.432166162577321,0.432166162577321,0.057423038711044705,0.25*flow_rmse_nl_s + 0.75*kirchhoff_rms_per_internal_node_nl_s,conservation_prioritized,1,True,False,0,5,True,3,conservation_prioritized,K3
q_1__k_100__delta_1,gnn,1.0,100.0,100.0,1.0,2,conservation_prioritized,0.03900085869448827,0.02229707413685559,1.1314043121720694,0.06376809929741659,0.03178202309333709,0.1223173946569668,1.0792912787452313,1.8498952315198627,0.0,12.586743354797363,4.103890472800685,7.760069468021393,0.0003988867101725191,11.785414576530457,0.0007977734203450382,nan,nan,0.007199918472246692,0.010150921531021595,0.0600496712808657,0.2417233340333263,0.22390369141397562,0.2490705386775553,-0.4686795771121979,0.3245807886123657,0.0,1.0904674049474714,1.189106822013855,0.6258280873298645,1.3834505081176758,0.6416302442550659,1.3438740730285645,True,True,387.4204749719938,/mnt/home/sswee/yolk/Yolk-Sac-Flow-Data-and-Sim/gnn_clean/datasets/somite21_mosaic_cut_pipeline_ready.gpickle,/mnt/home/sswee/yolk/Yolk-Sac-Flow-Data-and-Sim/gnn_clean/outputs/somite21/dc/02_physics_weight_sweep/gnn/q_1__k_100__delta_1,2,12.586743354797363,0.03303063603239535,0.04073269842313084,0.06351212768231448,0.06812215286842747,0.7751459750928879,0.05552499276428641,0.5952407295107375,0.23543023834643678,0.4153354839285871,0.4153354839285871,0.05757628914668451,0.25*flow_rmse_nl_s + 0.75*kirchhoff_rms_per_internal_node_nl_s,conservation_prioritized,1,True,False,0,10,True,4,conservation_prioritized,K4
q_0p1__k_1__delta_10,gnn,0.1,1.0,100.0,10.0,2,correction_regularized,0.03821097172836079,0.021780254659320413,1.108489905937946,0.06504112610897998,0.03251103074710201,0.12448939990840344,1.1024345498988897,1.886825393375941,-0.0028921221382915974,13.395102500915527,4.47131612923405,8.234477219581605,-0.0014460610691457987,12.424024939537048,0.0028921221382915974,nan,nan,0.0061599818637328285,0.008217444643378258,0.023322438659655408,0.11146543837298163,0.0914078020612666,0.11387923470376185,-0.25709545612335205,0.23787525296211243,0.0,1.0299381723317966,1.0178461074829102,0.7732943892478943,1.268550992012024,0.8418501257896424,1.2222879886627198,True,True,392.7752704700106,/mnt/home/sswee/yolk/Yolk-Sac-Flow-Data-and-Sim/gnn_clean/datasets/somite21_mosaic_cut_pipeline_ready.gpickle,/mnt/home/sswee/yolk/Yolk-Sac-Flow-Data-and-Sim/gnn_clean/outputs/somite21/dc/02_physics_weight_sweep/gnn/q_0p1__k_1__delta_10,2,13.397994623053819,0.03303063603239535,0.04073269842313084,0.06351212768231448,0.06812215286842747,0.6725907209212774,0.3316681286842807,0.5873600728620282,0.4168987767435299,0.502129424802779,0.502129424802779,0.051626048918670384,0.5*flow_rmse_nl_s + 0.5*kirchhoff_rms_per_internal_node_nl_s,correction_regularized,2,False,True,2,7,True,1,correction_regularized,C1
q_0p1__k_0p1__delta_1,gnn,0.1,0.1,100.0,1.0,2,correction_regularized,0.03821834831953917,0.021712176513069344,1.1087038988434286,0.06521100587296148,0.03257486102189651,0.12587504281090486,1.1014668994599464,1.891753559163906,-0.001711419434286654,13.039985656738281,4.435063322335663,8.088888866901398,-0.000855709717143327,12.087780773639679,0.001711419434286654,nan,nan,0.005342353746773486,0.007358840201050043,0.04568759327357428,0.09685559806526028,0.08919629181778384,0.10709044334444988,-0.32076239585876465,0.19757312536239624,0.0,1.0514497411160069,1.0704715251922607,0.7255956530570984,1.2184422016143799,0.8399564981460571,1.173891258239746,True,True,395.49381879300927,/mnt/home/sswee/yolk/Yolk-Sac-Flow-Data-and-Sim/gnn_clean/datasets/somite21_mosaic_cut_pipeline_ready.gpickle,/mnt/home/sswee/yolk/Yolk-Sac-Flow-Data-and-Sim/gnn_clean/outputs/somite21/dc/02_physics_weight_sweep/gnn/q_0p1__k_0p1__delta_1,2,13.041697076172568,0.03303063603239535,0.04073269842313084,0.06351212768231448,0.06812215286842747,0.673548463251079,0.36851820154141784,0.5972908978236636,0.44477576696883314,0.5210333323962484,0.5210333323962484,0.05171467709625033,0.5*flow_rmse_nl_s + 0.5*kirchhoff_rms_per_internal_node_nl_s,correction_regularized,3,False,True,4,6,True,2,correction_regularized,C2
q_0p1__k_10__delta_100,gnn,0.1,10.0,100.0,100.0,2,correction_regularized,0.03805041915658369,0.021486486548995598,1.1038323194611488,0.06614749643578527,0.03305350389870183,0.12559638116853278,1.1144046839842159,1.9189208958983923,-0.0029335080180317163,13.409538269042969,4.686428856592271,8.414228990077973,-0.0011419493239372969,12.461365103721619,0.0022838986478745937,nan,nan,0.007337843375454085,0.010122830048203468,-0.0026486973432989533,0.07611741057504107,0.06212874954665087,0.0761634806863883,-0.21927735209465027,0.11658753454685211,0.0,1.000194922445346,1.011265516281128,0.8030989766120911,1.123655915260315,0.8587929129600524,1.0961791276931763,True,True,394.6945156000438,/mnt/home/sswee/yolk/Yolk-Sac-Flow-Data-and-Sim/gnn_clean/datasets/somite21_mosaic_cut_pipeline_ready.gpickle,/mnt/home/sswee/yolk/Yolk-Sac-Flow-Data-and-Sim/gnn_clean/outputs/somite21/dc/02_physics_weight_sweep/gnn/q_0p1__k_10__delta_100,2,13.412471777061,0.03303063603239535,0.04073269842313084,0.06351212768231448,0.06812215286842747,0.651745320867102,0.5716603808173193,0.6317240858546563,0.591681615829765,0.6117028508422107,0.6117028508422107,0.05209895779618448,0.5*flow_rmse_nl_s + 0.5*kirchhoff_rms_per_internal_node_nl_s,correction_regularized,6,False,True,11,4,True,3,correction_regularized,C3
q_0p1__k_1__delta_100,gnn,0.1,1.0,100.0,100.0,2,correction_regularized,0.037961924055298676,0.021319305014797514,1.101265100621577,0.0671598650362232,0.033625935066563056,0.1269143291978898,1.128703684336041,1.9482894338840688,-0.0017501319525763392,13.655726432800293,4.6907248212349435,8.505856544971467,-0.0008750659762881696,12.707252204418182,0.0017501319525763392,nan,nan,0.006638120737931714,0.009223141707479954,0.0031436088846466667,0.018403409095832993,0.0150986441908528,0.018669969018941114,-0.04582832381129265,0.05012696981430054,0.0,1.0033184786847376,1.0024402141571045,0.9552059173583984,1.051404595375061,0.9735410571098327,1.0354750394821166,True,True,393.5861560530029,/mnt/home/sswee/yolk/Yolk-Sac-Flow-Data-and-Sim/gnn_clean/datasets/somite21_mosaic_cut_pipeline_ready.gpickle,/mnt/home/sswee/yolk/Yolk-Sac-Flow-Data-and-Sim/gnn_clean/outputs/somite21/dc/02_physics_weight_sweep/gnn/q_0p1__k_1__delta_100,2,13.65747656475287,0.03303063603239535,0.04073269842313084,0.06351212768231448,0.06812215286842747,0.6402555280303855,0.7912619143376878,0.6780071246072111,0.7535103177608622,0.7157587211840366,0.7157587211840366,0.05256089454576094,0.5*flow_rmse_nl_s + 0.5*kirchhoff_rms_per_internal_node_nl_s,correction_regularized,10,False,True,27,1,True,4,correction_regularized,C4
