ci95_high,ci95_low,harmonic,median,mode,parameter,tile_id
29.28173564364506,0.5147301077311464,2,2.4972662712825437,2.45063709469745,tau_b,1
3.3925274778089635e-16,1.1058771291205517e-17,2,4.621931800582109e-17,6.218804102873498e-17,a,1
0.9496507162083782,0.7466523047572687,2,0.8481515104828234,0.9549925860214352,s,1
0.9029494104888318,0.5586026312023685,2,0.7307760208456002,0.9120108393559084,s2,1
23.05306851537116,0.569045571533027,2,4.110730103762833,4.162766037009365,tau_b,3
1.3292726061322615e-16,5.4765798364970545e-18,2,2.0992775624111443e-17,3.079707162766499e-17,a,3
0.9496505703663533,0.7466523010205434,2,0.8481514356934483,0.9549925860214352,s,3
0.9029491630965927,0.5586026248637507,2,0.7307758939801717,0.9120108393559084,s2,3
1.1364522097590215,0.5,2,0.5448931963232819,0.5,tau_b,7
9.81471864746003e-16,2.378861111700635e-17,2,1.144923657473758e-16,1.8895965475114045e-16,a,7
0.9525402434503345,0.7467236394694888,2,0.8496319414599117,0.9549925860214352,s,7
0.9078509237189873,0.5587236364763937,2,0.7332872800976906,0.9120108393559084,s2,7
1.4316117016602425,0.5,2,0.6127876639003553,0.5,tau_b,8
5.043368278652251e-16,6.1438762743718574e-18,2,4.855074286594013e-17,2.7443687239674935e-16,a,8
0.9496578636277396,0.7466524880128357,2,0.8481551758202877,0.9549925860214352,s,8
0.9029615346765028,0.5586029420593048,2,0.7307822383679038,0.9120108393559084,s2,8
27.53318870404713,0.5658791392820545,2,4.330608957414882,3.488839596806575,tau_b,2
2.97075451542753e-16,8.277449068209892e-18,2,3.950954665297588e-17,9.287450609076063e-17,a,2
0.9496505276554954,0.7466522999253935,2,0.8481514137904445,0.9549925860214352,s,2
0.9029490906460438,0.558602623006045,2,0.7307758568260443,0.9120108393559084,s2,2
6.486640620402199,0.5,2,1.7565158987711267,2.0538938910739097,tau_b,4
1.4357514211585668e-16,3.575215421828047e-18,2,1.853999520075734e-17,5.666334583637275e-17,a,4
0.9496504731936444,0.7466501853569776,2,0.848150329275311,0.9549925860214352,s,4
0.9029489982622518,0.5585990360576625,2,0.7307740171599573,0.9120108393559084,s2,4
1.3654831200481397,0.5,2,0.5435659643323872,0.5,tau_b,6
5.231411189036097e-16,1.7552834404163828e-17,2,6.879903549389999e-17,9.870684159684238e-17,a,6
0.949650590739906,0.7466523015429425,2,0.8481514461414242,0.9549925860214352,s,6
0.9029491976563078,0.5586026257498979,2,0.7307759117031029,0.9120108393559084,s2,6
0.8994483459455692,0.5,2,0.5128872657113834,0.5,tau_b,9
1.6510150366375678e-16,1.0652627940723221e-17,2,2.759293129966191e-17,1.0652627940723221e-17,a,9
0.9496505493629926,0.746652300481996,2,0.8481514249224943,0.9549925860214352,s,9
0.9029491274685326,0.5586026239502113,2,0.730775875709372,0.9120108393559084,s2,9
2.68392902023415,0.5,2,0.7734828409431812,0.5965831792352468,tau_b,10
2.871173939036467e-16,3.777466223980975e-18,2,2.95378224402901e-17,1.6873321821567541e-16,a,10
0.949650528156725,0.7466522999382456,2,0.8481514140474853,0.9549925860214352,s,10
0.9029490914962809,0.5586026230278459,2,0.7307758572620634,0.9120108393559084,s2,10
2.0306670271402303,0.5,2,0.659237934407372,0.5,tau_b,11
1.5255694475963987e-16,2.6738935860196655e-18,2,1.6660153499391194e-17,5.986102093304534e-17,a,11
0.9496505281548002,0.7466522999381963,2,0.8481514140464982,0.9549925860214352,s,11
0.9029490914930158,0.5586026230277622,2,0.7307758572603891,0.9120108393559084,s2,11
0.6150931615412151,0.5,2,0.5,0.5,tau_b,14
8.846233766525332e-16,1.1630369202582652e-17,2,8.990405574531398e-17,5.195095093451544e-16,a,14
0.9496526177548871,0.7466520529413837,2,0.8481523353481354,0.9549925860214352,s,14
0.902952636087551,0.5586022040463707,2,0.7307774200669609,0.9120108393559084,s2,14
1.1569163111801077,0.5,2,0.5394395702644156,0.5,tau_b,13
2.52605389161809e-16,8.778115261756702e-18,2,3.353235822411143e-17,3.494630629650438e-17,a,13
0.9496505281105606,0.7466522999370618,2,0.8481514140238112,0.9549925860214352,s,13
0.9029490914179721,0.558602623025838,2,0.730775857221905,0.9120108393559084,s2,13
1.6883757081018835,0.5,2,0.6374043519976417,0.5,tau_b,12
1.8553998989140596e-16,6.2519376256526554e-18,2,2.3139014354069046e-17,6.2519376256526554e-18,a,12
0.9496505275006113,0.7466522999214221,2,0.8481514137110167,0.9549925860214352,s,12
0.9029490903833133,0.5586026229993083,2,0.7307758566913107,0.9120108393559084,s2,12
1.6469907844450804,0.5,2,0.6561322632903804,0.5,tau_b,18
1.2064449819122086e-16,2.125484047530852e-18,2,1.3086513640416524e-17,3.368665197616351e-17,a,18
0.9496505278222714,0.7466522999296699,2,0.8481514138759707,0.9549925860214352,s,18
0.9029490909289464,0.5586026230132989,2,0.7307758569711227,0.9120108393559084,s2,18
3.415928905144868,0.5266042274274961,2,1.527601371775956,1.7213809930970339,tau_b,17
1.221242352181991e-16,2.521165937372167e-18,2,1.431291737960134e-17,3.995778731206e-17,a,17
0.9496505274740237,0.7466522999207404,2,0.848151413697382,0.9549925860214352,s,17
0.9029490903382127,0.5586026229981519,2,0.7307758566681823,0.9120108393559084,s2,17
1.4370991857435087,1.2149808080271975,2,1.3260399968853531,1.4426999059072136,tau_b,15
1.1472873012719522e-17,8.263901629659395e-18,2,9.868387321189459e-18,1.1553787302273768e-17,a,15
0.012810357692504007,0.010069120364265296,2,0.011439739028384651,0.012882495516931342,s,15
0.00016430799729969648,0.00010158164642542929,2,0.0001329448218625629,0.00016595869074375615,s2,15
3.3243308801997427,0.5,2,1.347781715774718,1.7213809930970339,tau_b,16
9.024235146435562e-17,2.513949238176206e-18,2,1.1096434148712493e-17,1.4136975460572763e-17,a,16
0.9496505274162306,0.7466522999192585,2,0.8481514136677446,0.9549925860214352,s,16
0.9029490902401781,0.5586026229956381,2,0.7307758566179081,0.9120108393559084,s2,16
1.335902814556857,0.5,2,0.543300520591249,0.5,tau_b,5
2.7879019379491084e-16,7.517662256229807e-18,2,3.963498642582974e-17,1.191469173312051e-16,a,5
0.9496505274034424,0.7466522999189307,2,0.8481514136611865,0.9549925860214352,s,5
0.9029490902184854,0.5586026229950819,2,0.7307758566067837,0.9120108393559084,s2,5
0.6661515683387925,0.5,2,0.5,0.5,tau_b,20
2.7020390894322356e-16,7.681160722739558e-18,2,3.4384015045820846e-17,4.319434099825422e-17,a,20
0.9496506071681143,0.7466523019641786,2,0.8481514545661465,0.9549925860214352,s,20
0.9029492255235241,0.5586026264644418,2,0.730775925993983,0.9120108393559084,s2,20
0.5720491599148778,0.5,2,0.5,0.5,tau_b,21
4.940183965059207e-16,8.696105940306534e-18,2,5.705192348599977e-17,1.9468156191793973e-16,a,21
0.9496506022688914,0.7466523018384844,2,0.8481514520536879,0.9549925860214352,s,21
0.9029492172129584,0.5586026262512266,2,0.7307759217320925,0.9120108393559084,s2,21
0.8414872651682657,0.5,2,0.5,0.5,tau_b,22
3.804906204060637e-16,6.842135377518919e-18,2,4.3800225673735063e-17,1.531763310259789e-16,a,22
0.9496505275635778,0.7466522999230366,2,0.8481514137433073,0.9549925860214352,s,22
0.9029490904901236,0.558602623002047,2,0.7307758567460854,0.9120108393559084,s2,22
2.986439866928277,0.5,2,0.761592826089854,0.5,tau_b,25
1.1239500079957164e-16,2.5852011531904024e-18,2,1.3955417266381575e-17,4.0972677088341e-17,a,25
0.9496505449367789,0.746652254254573,2,0.848151399595676,0.9549925860214352,s,25
0.9029491199603337,0.558602545534503,2,0.7307758327474183,0.9120108393559084,s2,25
11.101986066742935,1.0688258072404095,2,5.189534160734742,7.071067811865476,tau_b,19
2.232350626620091e-16,4.1904419988987656e-18,2,2.8092413933442683e-17,1.3251341119348892e-16,a,19
0.9496505275043292,0.7466522999215097,2,0.8481514137129196,0.9549925860214352,s,19
0.9029490903896201,0.558602622999457,2,0.7307758566945386,0.9120108393559084,s2,19
6.348824136324826,0.5,2,1.3884611985879065,0.5,tau_b,24
1.5553396791793356e-16,3.442558205050038e-18,2,1.8562345176020814e-17,3.8626138360747745e-17,a,24
0.949650527608684,0.7466522999235011,2,0.8481514137660925,0.9549925860214352,s,24
0.9029490905666372,0.5586026230028348,2,0.730775856784736,0.9120108393559084,s2,24
0.5892291437023081,0.5,2,0.5,0.5,tau_b,28
3.873157873078409e-16,1.2057776244041151e-17,2,5.0865811871222586e-17,6.780585871922811e-17,a,28
0.9496507165292846,0.7466523047683086,2,0.8481515106487966,0.9549925860214352,s,28
0.9029494110331864,0.5586026312210954,2,0.7307760211271409,0.9120108393559084,s2,28
6.671402731429571,0.5,2,1.6963769238647133,2.0538938910739097,tau_b,23
1.6521130912409592e-16,4.103704567927572e-18,2,2.0957489156280673e-17,4.604432256217988e-17,a,23
0.9496505301679156,0.7466522999898141,2,0.8481514150788648,0.9549925860214352,s,23
0.9029490949078691,0.5586026231153217,2,0.7307758590115955,0.9120108393559084,s2,23
0.6799523917257176,0.5,2,0.5,0.5,tau_b,29
2.751636274259159e-16,8.161400008461178e-18,2,3.828312208186391e-17,9.157241422433614e-17,a,29
0.9496505594006396,0.7466523007393716,2,0.8481514300700056,0.9549925860214352,s,29
0.9029491444954215,0.5586026243867982,2,0.7307758844411099,0.9120108393559084,s2,29
1.3190566464355693,0.5,2,0.5366268408401212,0.5,tau_b,27
4.486938715927816e-16,1.0281791097812756e-17,2,6.044294462420116e-17,2.3018063073017223e-16,a,27
0.9496505275555849,0.7466522999228317,2,0.8481514137392083,0.9549925860214352,s,27
0.9029490904765651,0.5586026230016994,2,0.7307758567391323,0.9120108393559084,s2,27
3.532760151847096,0.5,2,1.1069861515670296,1.2091355875609788,tau_b,26
9.082411298872428e-17,4.637233137072871e-18,2,1.3161193958549836e-17,4.637233137072871e-18,a,26
0.9496505286840797,0.7466522999515146,2,0.8481514143177972,0.9549925860214352,s,26
0.9029490923908341,0.5586026230503542,2,0.7307758577205942,0.9120108393559084,s2,26
1.8168364852415553,0.5,2,0.5988064263078987,0.5,tau_b,30
2.7459651631695457e-16,6.3811073217803726e-18,2,3.4445809882752516e-17,1.0113373554653508e-16,a,30
0.9496505287805516,0.7466522999542393,2,0.8481514143673955,0.9549925860214352,s,30
0.9029490925544796,0.5586026230549762,2,0.7307758578047279,0.9120108393559084,s2,30
1.1966981614618692,0.5,2,0.5289885288138869,0.5,tau_b,32
1.288189217262398e-16,1.622964817235689e-18,2,1.2649503591920446e-17,5.132265384783676e-17,a,32
0.9496505405684464,0.7466523002558375,2,0.848151420412142,0.9549925860214352,s,32
0.9029491125503191,0.558602623566578,2,0.7307758680584485,0.9120108393559084,s2,32
7.89844507733393,0.5,2,1.168808641113472,0.5965831792352468,tau_b,31
1.1696589513668307e-16,2.57728921202945e-18,2,1.400666847832982e-17,2.8917660579704e-17,a,31
0.9496505275447179,0.7466522999225531,2,0.8481514137336355,0.9549925860214352,s,31
0.9029490904581314,0.5586026230012267,2,0.730775856729679,0.9120108393559084,s2,31
0.9493882429535698,0.5,2,0.5,0.5,tau_b,34
1.2943305515281225e-16,2.5139500452938386e-18,2,1.4682142898637135e-17,3.984342312973524e-17,a,34
0.9496512043726946,0.7466523172607914,2,0.8481517608167429,0.9549925860214352,s,34
0.9029502385633419,0.5586026524121294,2,0.7307764454877356,0.9120108393559084,s2,34
2.186842196073158,0.5,2,0.8082752531015364,0.5,tau_b,35
3.313995913522478e-16,1.2123627375205624e-17,2,5.342805589303319e-17,1.3602933648061144e-16,a,35
0.9496505274055925,0.7466522999189857,2,0.8481514136622892,0.9549925860214352,s,35
0.9029490902221327,0.5586026229951755,2,0.7307758566086541,0.9120108393559084,s2,35
2.7888114299497007,0.5,2,0.7243596706417464,0.5,tau_b,38
1.3788135825996282e-16,3.228660261280666e-18,2,1.7411001715513495e-17,5.1170816688734615e-17,a,38
0.9496505503564057,0.7466522996611261,2,0.8481514250087658,0.9549925860214352,s,38
0.9029491291536619,0.5586026225577674,2,0.7307758758557146,0.9120108393559084,s2,38
99.58576755305674,83.84493456921139,2,91.71535106113407,100.00000000000004,tau_b,37
5.665135416546472e-16,4.583061183517961e-18,2,2.3359640311536786e-16,4.084657579334748e-16,a,37
0.7371510488385811,0.5787961202157578,2,0.6579735845271695,0.7413102413009172,s,37
0.5440642564398528,0.3355503758875308,2,0.43980731616369184,0.549540873857624,s2,37
0.9698454466237598,0.5,2,0.5,0.5,tau_b,33
1.0888141485069296e-16,2.208681989969512e-18,2,1.2089009454152397e-17,2.478181952430169e-17,a,33
0.9496505274195165,0.7466522999193428,2,0.8481514136694297,0.9549925860214352,s,33
0.902949090245752,0.5586026229957811,2,0.7307758566207666,0.9120108393559084,s2,33
98.99005349125534,4.590453357393084,2,53.53104125183236,100.00000000000004,tau_b,36
7.345964766650905e-16,9.508041365397272e-18,2,1.0648979652389938e-16,5.999168531118875e-16,a,36
0.9460631611698779,0.5857617604533615,2,0.7764040869257064,0.9549925860214352,s,36
0.8968638307338492,0.34472238391472415,2,0.609070663412568,0.9120108393559084,s2,36
12.60277548183608,0.619985405954199,2,4.441565335718308,7.071067811865476,tau_b,39
2.4954045703763736e-16,5.87001368833453e-18,2,3.031318957517426e-17,6.586263685316457e-17,a,39
0.9496505335537775,0.7466523000764926,2,0.8481514168151351,0.9549925860214352,s,39
0.9029491006513164,0.5586026232623548,2,0.7307758619568355,0.9120108393559084,s2,39
2.392915654888373,0.5,2,0.6766744270413616,0.5,tau_b,43
8.044911368130379e-17,1.610370544744484e-18,2,7.266588174949855e-18,9.055779061791174e-18,a,43
0.9496530044671734,0.7466523634322723,2,0.8481526839497229,0.9549925860214352,s,43
0.9029532920686959,0.558602730732943,2,0.7307780114008194,0.9120108393559084,s2,43
0.7907514051800634,0.5,2,0.5,0.5,tau_b,40
1.1088944184212643e-16,2.2946868317124067e-18,2,1.2702935151145337e-17,3.636833538411164e-17,a,40
0.9496505473917071,0.7466523004314503,2,0.8481514239115786,0.9549925860214352,s,40
0.9029491241246353,0.5586026238644703,2,0.7307758739945529,0.9120108393559084,s2,40
0.6479885288360532,0.5,2,0.5,0.5,tau_b,41
1.0837618903900079e-16,2.067751010608049e-18,2,1.154374515518978e-17,2.067751010608049e-18,a,41
0.9496515075601126,0.7466523250511473,2,0.8481519163056299,0.9549925860214352,s,41
0.9029507528610163,0.5586026656269321,2,0.7307767092439743,0.9120108393559084,s2,41
0.8204643736697436,0.5,2,0.5,0.5,tau_b,44
1.1205373020159142e-16,1.8489108744633513e-18,2,1.1081932968265633e-17,2.074512121507455e-17,a,44
0.9496524112086175,0.7466523482201307,2,0.8481523797143741,0.9549925860214352,s,44
0.9029522857225301,0.5586027049285442,2,0.7307774953255372,0.9120108393559084,s2,44
1.0953997310488737,0.5,2,0.5310771698877281,0.5,tau_b,42
1.0801489714500487e-16,1.6374756004862538e-18,2,1.115637050062349e-17,3.665851240698467e-17,a,42
0.9496505469078612,0.746652300419044,2,0.8481514236634525,0.9549925860214352,s,42
0.9029491233038862,0.5586026238434255,2,0.7307758735736559,0.9120108393559084,s2,42
0.8815311522815465,0.5,2,0.5,0.5,tau_b,49
1.4239455527100754e-16,1.6253724336815591e-18,2,1.3398972686206238e-17,7.260271972600308e-17,a,49
0.9496609246358997,0.7466525614055471,2,0.8481567430207234,0.9549925860214352,s,49
0.9029667270732991,0.5586030665555688,2,0.7307848968144339,0.9120108393559084,s2,49
4.906987844640155,0.5,2,0.8348116184561581,0.5965831792352468,tau_b,48
2.1198633264141359e-16,3.9990627126340916e-18,2,2.1762541071220607e-17,3.1765684250783296e-17,a,48
0.9496505716682331,0.7466522851277966,2,0.8481514283980148,0.9549925860214352,s,48
0.902949165304975,0.5586025979048395,2,0.7307758816049073,0.9120108393559084,s2,48
0.7419656872982501,0.5,2,0.5,0.5,tau_b,45
1.7966323637223326e-16,2.506115263762359e-18,2,1.708588050291218e-17,2.811907574549191e-17,a,45
0.9496505935480561,0.7466523016149457,2,0.8481514475815009,0.9549925860214352,s,45
0.9029492024197807,0.558602625872037,2,0.7307759141459089,0.9120108393559084,s2,45
0.9116369044922287,0.5,2,0.5,0.5,tau_b,50
8.71114864408217e-17,1.4115591679492945e-18,2,8.610463976770141e-18,1.5837954357782285e-17,a,50
0.9496505443174639,0.7466523003526223,2,0.848151422335043,0.9549925860214352,s,50
0.902949118909788,0.5586026237307543,2,0.7307758713202712,0.9120108393559084,s2,50
4.339447067612517,0.5,2,1.3858561585804177,1.7213809930970339,tau_b,47
1.1460562893676612e-16,2.5821294549845362e-18,2,1.357827190992464e-17,2.8971968998893124e-17,a,47
0.9496505306425771,0.7466523000019853,2,0.8481514153222812,0.9549925860214352,s,47
0.9029490957130388,0.558602623135968,2,0.7307758594245034,0.9120108393559084,s2,47
0.8317276232939835,0.5,2,0.5,0.5,tau_b,46
8.366340547015784e-17,1.3062525951200495e-18,2,9.036625116205267e-18,2.9243352970050094e-17,a,46
0.9496505308627247,0.7466523000076302,2,0.8481514154351775,0.9549925860214352,s,46
0.9029490960864759,0.5586026231455432,2,0.7307758596160095,0.9120108393559084,s2,46
0.9640671686923539,0.5,2,0.5,0.5,tau_b,53
3.3970679170504296e-16,4.2671878768101726e-18,2,2.904826355710829e-17,6.763037016909053e-17,a,53
0.949818456041029,0.7466564882535692,2,0.8482374721472992,0.9549925860214352,s,53
0.903233948041212,0.5586097276789712,2,0.7309218378600917,0.9120108393559084,s2,53
0.660205731466919,0.5,2,0.5,0.5,tau_b,52
2.175439804580328e-16,1.8180464411306486e-18,2,1.8734516554191336e-17,1.1471097546374565e-16,a,52
0.9496690859681259,0.7466526555894094,2,0.8481608707787677,0.9549925860214352,s,52
0.9029805711642291,0.5586032263199207,2,0.730791898742075,0.9120108393559084,s2,52
0.8252545801495347,0.5,2,0.5,0.5,tau_b,51
6.544049368709386e-17,1.1039646146369488e-18,2,6.383401417996426e-18,1.2386686705190083e-17,a,51
0.9496505574790711,0.7466523006900923,2,0.8481514290845816,0.9549925860214352,s,51
0.9029491412358595,0.5586026243032056,2,0.7307758827695325,0.9120108393559084,s2,51
