graph_path,b1_run_dir,b1_artifact_mode,model_name,model_label,harmonic_number,f0_hz,omega0_rad_s,omega_n_rad_s,D0,alpha,viscosity_pa_s,boundary_amplitude_scale,pressure_solver_mode,lambda_q,lambda_k,lambda_b,lstsq_backend,n_nodes,n_edges,complex_flow_rmse_nl_s,flow_amplitude_rmse_nl_s,flow_phase_rmse_deg,phase_eval_edge_count,phase_eval_amplitude_threshold_nl_s,kirchhoff_rms_per_internal_node_nl_s,common_arterial_pressure_phase_residual_deg,arterial_pressure_amplitude_difference_pa,arterial_pressure_phase_difference_deg,arterial_pressure_amplitude_min_pa,arterial_pressure_amplitude_max_pa,arterial_pressure_amplitude_mean_pa,global_pressure_amplitude_max_pa,pressure_amplitude_min_pa,pressure_amplitude_max_pa,pressure_amplitude_range_pa,pressure_phase_min_deg,pressure_phase_max_deg,pressure_phase_range_deg,harmonic_matrix_full_rank,harmonic_matrix_rank,harmonic_matrix_condition_number,harmonic_matrix_ones_residual_norm,gauge_applied,gauge_reason,direct_system_residual_norm,max_abs_kirchhoff_residual_m3_s,rms_kirchhoff_residual_m3_s,relative_direct_residual,relative_pressure_difference,matrix_rows,matrix_cols,min_singular_value,max_singular_value,net_boundary_injection_abs_nl_s,net_boundary_injection_abs_m3_s,runtime_seconds,solver_success,pressure_solver_backend,phase_iterations_used,phase_iteration_relative_change,phase_constraint_kind,arterial_antiphase_count,common_arterial_phase_deg,phase_constraint_amplitude_floor_pa,run_dir,abs_kL_mean,abs_kL_median,abs_kL_max,abs_kL_p05,abs_kL_p25,abs_kL_p75,abs_kL_p95,abs_kL_fraction_lt_0p01,abs_kL_fraction_lt_0p1,abs_kL_fraction_lt_1,rel_error_Ys_mean,rel_error_Ys_median,rel_error_Ys_max,rel_error_Yt_mean,rel_error_Yt_median,rel_error_Yt_max,run_name,summary_path,weighting_regime,flow_rmse_rank_scaled,kirchhoff_rms_rank_scaled,flow_rmse_p05,flow_rmse_p95,kirchhoff_rms_p05,kirchhoff_rms_p95,score_flow_prioritized,score_balanced,score_conservation_prioritized,selection_score,selection_score_formula,selection_score_regime,pareto_rank,is_pareto_front,selected_representative,selection_rank_within_regime,plot_label
/mnt/home/sswee/yolk/Yolk-Sac-Flow-Data-and-Sim/gnn_clean/datasets/harmonized_scaled_dataset.gpickle,/mnt/home/sswee/yolk/Yolk-Sac-Flow-Data-and-Sim/gnn_clean/outputs/dc/02_physics_weight_sweep/gnn/q_1__k_1__delta_1,loaded_from_b1_run_dir,full_ideal,Full ideal admittance,2,2.7733447429741864,17.425438940799154,34.85087788159831,0.001,0,0.0035,1,constrained_least_squares,1.0,0.1,100.0,numpy,4388,6443,0.02882261591419114,0.026876743902956406,67.74149431268522,5411,4.131397240613581e-06,0.6648781239218668,0.11470807391764527,0.7801297268018524,0.22941614783529055,0.9393476088072942,1.7194773356091466,1.3294124722082203,1.9271396676192607,0.9021743941703765,1.9271396676192607,1.0249652734488843,-33.0045654003234,18.805176198951365,51.809741599274766,True,8776,,,False,,,,,,,19600,8776,,1061.4872034443476,0.9775439880469283,9.775439880469281e-13,390.436897801992,True,numpy_linalg_lstsq_real_mixed,2,0.00046376121018929737,normalized_phase_only_real_rows,0,-34.931310410847665,0.0013293931974992681,/mnt/home/sswee/yolk/Yolk-Sac-Flow-Data-and-Sim/gnn_clean/outputs/ac/02_physics_weight_sweep/H2/q_1__k_0p1,0.08655586207963088,0.0732129376370474,0.5832822312399212,0.023491963793452576,0.043357599854248724,0.11469035426859728,0.19630223569192157,0.0001552072016141549,0.6746857054167313,1,8.227969829983705e-06,6.384660159077744e-07,0.002547889891101176,7.207721710689886e-06,5.586590975526825e-07,0.0022507454094475147,q_1__k_0p1,/mnt/home/sswee/yolk/Yolk-Sac-Flow-Data-and-Sim/gnn_clean/outputs/ac/02_physics_weight_sweep/H2/q_1__k_0p1/summary.csv,flow_prioritized,0.033044737462949565,0.8840430100180376,0.0152063394793782,0.4272621607755766,0.020337226887879884,0.7494204159748408,0.24579430560172158,0.4585438737404936,0.6712934418792657,0.18783649291611007,0.75*complex_flow_rmse_nl_s + 0.25*kirchhoff_rms_per_internal_node_nl_s,flow_prioritized,1,True,True,1,F1
/mnt/home/sswee/yolk/Yolk-Sac-Flow-Data-and-Sim/gnn_clean/datasets/harmonized_scaled_dataset.gpickle,/mnt/home/sswee/yolk/Yolk-Sac-Flow-Data-and-Sim/gnn_clean/outputs/dc/02_physics_weight_sweep/gnn/q_1__k_1__delta_1,loaded_from_b1_run_dir,full_ideal,Full ideal admittance,2,2.7733447429741864,17.425438940799154,34.85087788159831,0.001,0,0.0035,1,constrained_least_squares,10.0,1.0,100.0,numpy,4388,6443,0.028778150016363142,0.02684556991260775,67.3206513603739,5411,4.131397240613581e-06,0.6648891434545406,0.9291217363695357,0.8283643809627638,1.8582434727390713,0.9285860030293985,1.7569503839921623,1.3427681935107805,1.9318711434509188,0.8755601001471598,1.9318711434509188,1.056311043303759,-35.01753708631502,18.043895904588602,53.061432990903626,True,8776,,,False,,,,,,,19600,8776,,3356.7172700066676,0.9775439880469283,9.775439880469281e-13,1892.1765195899934,False,numpy_linalg_lstsq_real_mixed,20,0.0037024127137134776,normalized_phase_only_real_rows,0,-29.58059287621782,0.0013426445221542008,/mnt/home/sswee/yolk/Yolk-Sac-Flow-Data-and-Sim/gnn_clean/outputs/ac/02_physics_weight_sweep/H2/q_10__k_1,0.08655586207963088,0.0732129376370474,0.5832822312399212,0.023491963793452576,0.043357599854248724,0.11469035426859728,0.19630223569192157,0.0001552072016141549,0.6746857054167313,1,8.227969829983705e-06,6.384660159077744e-07,0.002547889891101176,7.207721710689886e-06,5.586590975526825e-07,0.0022507454094475147,q_10__k_1,/mnt/home/sswee/yolk/Yolk-Sac-Flow-Data-and-Sim/gnn_clean/outputs/ac/02_physics_weight_sweep/H2/q_10__k_1/summary.csv,flow_prioritized,0.03293682514736058,0.884058124250321,0.0152063394793782,0.4272621607755766,0.020337226887879884,0.7494204159748408,0.2457171499231007,0.45849747469884083,0.6712777994745809,0.18780589837590753,0.75*complex_flow_rmse_nl_s + 0.25*kirchhoff_rms_per_internal_node_nl_s,flow_prioritized,1,True,True,2,F2
/mnt/home/sswee/yolk/Yolk-Sac-Flow-Data-and-Sim/gnn_clean/datasets/harmonized_scaled_dataset.gpickle,/mnt/home/sswee/yolk/Yolk-Sac-Flow-Data-and-Sim/gnn_clean/outputs/dc/02_physics_weight_sweep/gnn/q_1__k_1__delta_1,loaded_from_b1_run_dir,full_ideal,Full ideal admittance,2,2.7733447429741864,17.425438940799154,34.85087788159831,0.001,0,0.0035,1,constrained_least_squares,100.0,10.0,100.0,numpy,4388,6443,0.0287100941653715,0.026805789637192663,66.01946061687951,5411,4.131397240613581e-06,0.6649305357110236,4.044558064495808,0.8899637354101285,8.089116128991613,0.9071440886334915,1.79710782404362,1.3521259563385557,1.914070873345481,0.8361524769537063,1.914070873345481,1.0779183963917747,-38.64923261831939,18.101610504064,56.75084312238339,True,8776,,,False,,,,,,,19600,8776,,10614.872034443479,0.9775439880469283,9.775439880469281e-13,2245.579363492987,False,numpy_linalg_lstsq_real_mixed,20,0.0030385516207102835,normalized_phase_only_real_rows,0,-21.433139063539755,0.0013530098658052516,/mnt/home/sswee/yolk/Yolk-Sac-Flow-Data-and-Sim/gnn_clean/outputs/ac/02_physics_weight_sweep/H2/q_100__k_10,0.08655586207963088,0.0732129376370474,0.5832822312399212,0.023491963793452576,0.043357599854248724,0.11469035426859728,0.19630223569192157,0.0001552072016141549,0.6746857054167313,1,8.227969829983705e-06,6.384660159077744e-07,0.002547889891101176,7.207721710689886e-06,5.586590975526825e-07,0.0022507454094475147,q_100__k_10,/mnt/home/sswee/yolk/Yolk-Sac-Flow-Data-and-Sim/gnn_clean/outputs/ac/02_physics_weight_sweep/H2/q_100__k_10/summary.csv,flow_prioritized,0.03277166342054026,0.8841148972730741,0.0152063394793782,0.4272621607755766,0.020337226887879884,0.7494204159748408,0.24560747188367374,0.4584432803468072,0.6712790888099407,0.18776520455178453,0.75*complex_flow_rmse_nl_s + 0.25*kirchhoff_rms_per_internal_node_nl_s,flow_prioritized,1,True,True,3,F3
/mnt/home/sswee/yolk/Yolk-Sac-Flow-Data-and-Sim/gnn_clean/datasets/harmonized_scaled_dataset.gpickle,/mnt/home/sswee/yolk/Yolk-Sac-Flow-Data-and-Sim/gnn_clean/outputs/dc/02_physics_weight_sweep/gnn/q_1__k_1__delta_1,loaded_from_b1_run_dir,full_ideal,Full ideal admittance,2,2.7733447429741864,17.425438940799154,34.85087788159831,0.001,0,0.0035,1,constrained_least_squares,10.0,0.1,100.0,numpy,4388,6443,0.016028747677659334,0.014883023522074214,56.37840880608971,5411,4.131397240613581e-06,0.7157173610609263,0.37860981519509646,0.7342903639281806,0.757219630390193,0.39695333970213315,1.1312437036303138,0.7640985216662235,1.1312437036303138,0.19542416263540638,1.1312437036303138,0.9358195409949074,-126.12979459992538,59.447005833149255,185.57680043307462,True,8776,,,False,,,,,,,19600,8776,,3253.778765695422,0.9775439880469283,9.775439880469281e-13,1923.0695072820004,False,numpy_linalg_lstsq_real_mixed,20,0.004377015283598706,normalized_phase_only_real_rows,0,41.66161400986815,0.0007641033438068041,/mnt/home/sswee/yolk/Yolk-Sac-Flow-Data-and-Sim/gnn_clean/outputs/ac/02_physics_weight_sweep/H2/q_10__k_0p1,0.08655586207963088,0.0732129376370474,0.5832822312399212,0.023491963793452576,0.043357599854248724,0.11469035426859728,0.19630223569192157,0.0001552072016141549,0.6746857054167313,1,8.227969829983705e-06,6.384660159077744e-07,0.002547889891101176,7.207721710689886e-06,5.586590975526825e-07,0.0022507454094475147,q_10__k_0p1,/mnt/home/sswee/yolk/Yolk-Sac-Flow-Data-and-Sim/gnn_clean/outputs/ac/02_physics_weight_sweep/H2/q_10__k_0p1/summary.csv,flow_prioritized,0.0019958659865406013,0.9537733753590983,0.0152063394793782,0.4272621607755766,0.020337226887879884,0.7494204159748408,0.23994024332968003,0.47788462067281945,0.7158289980159589,0.1909509010234761,0.75*complex_flow_rmse_nl_s + 0.25*kirchhoff_rms_per_internal_node_nl_s,flow_prioritized,2,False,True,4,F4
/mnt/home/sswee/yolk/Yolk-Sac-Flow-Data-and-Sim/gnn_clean/datasets/harmonized_scaled_dataset.gpickle,/mnt/home/sswee/yolk/Yolk-Sac-Flow-Data-and-Sim/gnn_clean/outputs/dc/02_physics_weight_sweep/gnn/q_1__k_1__delta_1,loaded_from_b1_run_dir,full_ideal,Full ideal admittance,2,2.7733447429741864,17.425438940799154,34.85087788159831,0.001,0,0.0035,1,constrained_least_squares,0.1,0.1,100.0,numpy,4388,6443,0.1407612729992019,0.13118672955437644,77.75338851057326,5411,4.131397240613581e-06,0.4452460121816787,0.014535867577137885,0.6366977502529904,0.029071735154282127,0.9757881096561823,1.6124858599091727,1.2941369847826776,2.283793124142571,0.8824372903757499,2.283793124142571,1.401355833766821,-37.982568078737714,64.84220358593164,102.82477166466936,True,8776,,,False,,,,,,,19600,8776,,425.7422164159101,0.9775439880469283,9.775439880469281e-13,271.79626808600733,True,numpy_linalg_lstsq_real_mixed,2,4.1459403685850377e-05,normalized_phase_only_real_rows,0,-42.93534213919033,0.0012941323189084955,/mnt/home/sswee/yolk/Yolk-Sac-Flow-Data-and-Sim/gnn_clean/outputs/ac/02_physics_weight_sweep/H2/q_0p1__k_0p1,0.08655586207963088,0.0732129376370474,0.5832822312399212,0.023491963793452576,0.043357599854248724,0.11469035426859728,0.19630223569192157,0.0001552072016141549,0.6746857054167313,1,8.227969829983705e-06,6.384660159077744e-07,0.002547889891101176,7.207721710689886e-06,5.586590975526825e-07,0.0022507454094475147,q_0p1__k_0p1,/mnt/home/sswee/yolk/Yolk-Sac-Flow-Data-and-Sim/gnn_clean/outputs/ac/02_physics_weight_sweep/H2/q_0p1__k_0p1/summary.csv,balanced,0.3047037003988131,0.5827987692679033,0.0152063394793782,0.4272621607755766,0.020337226887879884,0.7494204159748408,0.37422746761608566,0.4437512348333582,0.5132750020506307,0.2930036425904403,0.5*complex_flow_rmse_nl_s + 0.5*kirchhoff_rms_per_internal_node_nl_s,balanced,3,False,True,1,B1
/mnt/home/sswee/yolk/Yolk-Sac-Flow-Data-and-Sim/gnn_clean/datasets/harmonized_scaled_dataset.gpickle,/mnt/home/sswee/yolk/Yolk-Sac-Flow-Data-and-Sim/gnn_clean/outputs/dc/02_physics_weight_sweep/gnn/q_1__k_1__delta_1,loaded_from_b1_run_dir,full_ideal,Full ideal admittance,2,2.7733447429741864,17.425438940799154,34.85087788159831,0.001,0,0.0035,1,constrained_least_squares,1.0,1.0,100.0,numpy,4388,6443,0.14076058751354042,0.1311863391850783,77.74230821502277,5411,4.131397240613581e-06,0.4452459881892634,0.14358653116451853,0.6370022366737802,0.28717306232903705,0.975796131410726,1.6127983680845062,1.2942972497476162,2.284338675883281,0.8825544596329916,2.284338675883281,1.4017842162502894,-38.02460363206611,64.78894616685926,102.81354979892537,True,8776,,,False,,,,,,,19600,8776,,1346.3150999626039,0.9775439880469283,9.775439880469281e-13,390.91954512899974,True,numpy_linalg_lstsq_real_mixed,2,0.0004061815584237236,normalized_phase_only_real_rows,0,-42.898917054193845,0.0012942522121050326,/mnt/home/sswee/yolk/Yolk-Sac-Flow-Data-and-Sim/gnn_clean/outputs/ac/02_physics_weight_sweep/H2/q_1__k_1,0.08655586207963088,0.0732129376370474,0.5832822312399212,0.023491963793452576,0.043357599854248724,0.11469035426859728,0.19630223569192157,0.0001552072016141549,0.6746857054167313,1,8.227969829983705e-06,6.384660159077744e-07,0.002547889891101176,7.207721710689886e-06,5.586590975526825e-07,0.0022507454094475147,q_1__k_1,/mnt/home/sswee/yolk/Yolk-Sac-Flow-Data-and-Sim/gnn_clean/outputs/ac/02_physics_weight_sweep/H2/q_1__k_1/summary.csv,balanced,0.3047020368240593,0.5827987363602521,0.0152063394793782,0.4272621607755766,0.020337226887879884,0.7494204159748408,0.3742262117081075,0.4437503865921557,0.5132745614762039,0.29300328785140195,0.5*complex_flow_rmse_nl_s + 0.5*kirchhoff_rms_per_internal_node_nl_s,balanced,2,False,True,2,B2
/mnt/home/sswee/yolk/Yolk-Sac-Flow-Data-and-Sim/gnn_clean/datasets/harmonized_scaled_dataset.gpickle,/mnt/home/sswee/yolk/Yolk-Sac-Flow-Data-and-Sim/gnn_clean/outputs/dc/02_physics_weight_sweep/gnn/q_1__k_1__delta_1,loaded_from_b1_run_dir,full_ideal,Full ideal admittance,2,2.7733447429741864,17.425438940799154,34.85087788159831,0.001,0,0.0035,1,constrained_least_squares,10.0,10.0,100.0,numpy,4388,6443,0.14075250093726588,0.13117893888374407,77.56041471585122,5411,4.131397240613581e-06,0.4452455089930048,1.1902292597741235,0.6671600200119998,2.380458519548247,0.9639880126601668,1.6311480326721666,1.2975680226661668,2.3228751810580683,0.8820097503873742,2.3228751810580683,1.4408654306706943,-39.37128845026147,63.00202219428428,102.37331064454574,True,8776,,,False,,,,,,,19600,8776,,4257.4221641591,0.9775439880469283,9.775439880469281e-13,1720.3747566959937,True,numpy_linalg_lstsq_real_mixed,15,0.0019198890488119538,normalized_phase_only_real_rows,0,-39.40656939807469,0.0012975868813384596,/mnt/home/sswee/yolk/Yolk-Sac-Flow-Data-and-Sim/gnn_clean/outputs/ac/02_physics_weight_sweep/H2/q_10__k_10,0.08655586207963088,0.0732129376370474,0.5832822312399212,0.023491963793452576,0.043357599854248724,0.11469035426859728,0.19630223569192157,0.0001552072016141549,0.6746857054167313,1,8.227969829983705e-06,6.384660159077744e-07,0.002547889891101176,7.207721710689886e-06,5.586590975526825e-07,0.0022507454094475147,q_10__k_10,/mnt/home/sswee/yolk/Yolk-Sac-Flow-Data-and-Sim/gnn_clean/outputs/ac/02_physics_weight_sweep/H2/q_10__k_10/summary.csv,balanced,0.30468241187069955,0.5827980791015664,0.0152063394793782,0.4272621607755766,0.020337226887879884,0.7494204159748408,0.3742113286784163,0.443740245486133,0.5132691622938497,0.2929990049651353,0.5*complex_flow_rmse_nl_s + 0.5*kirchhoff_rms_per_internal_node_nl_s,balanced,1,True,True,3,B3
/mnt/home/sswee/yolk/Yolk-Sac-Flow-Data-and-Sim/gnn_clean/datasets/harmonized_scaled_dataset.gpickle,/mnt/home/sswee/yolk/Yolk-Sac-Flow-Data-and-Sim/gnn_clean/outputs/dc/02_physics_weight_sweep/gnn/q_1__k_1__delta_1,loaded_from_b1_run_dir,full_ideal,Full ideal admittance,2,2.7733447429741864,17.425438940799154,34.85087788159831,0.001,0,0.0035,1,constrained_least_squares,100.0,100.0,100.0,numpy,4388,6443,0.1407365518166212,0.13117000048222804,76.82169255673054,5411,4.131397240613581e-06,0.44524760357049475,6.07713053272249,0.6700552503412086,12.154261065444983,0.9736156912741086,1.6436709416153172,1.3086433164447129,2.311128732306296,0.885782796243002,2.311128732306296,1.425345936063294,-40.09982213603134,62.26191812537198,102.36174026140333,True,8776,,,False,,,,,,,19600,8776,,13463.150999626037,0.9775439880469283,9.775439880469281e-13,849.6819439890096,True,numpy_linalg_lstsq_real_mixed,7,0.0014214298942417866,normalized_phase_only_real_rows,0,-39.523145642468116,0.0013087615859539174,/mnt/home/sswee/yolk/Yolk-Sac-Flow-Data-and-Sim/gnn_clean/outputs/ac/02_physics_weight_sweep/H2/q_100__k_100,0.08655586207963088,0.0732129376370474,0.5832822312399212,0.023491963793452576,0.043357599854248724,0.11469035426859728,0.19630223569192157,0.0001552072016141549,0.6746857054167313,1,8.227969829983705e-06,6.384660159077744e-07,0.002547889891101176,7.207721710689886e-06,5.586590975526825e-07,0.0022507454094475147,q_100__k_100,/mnt/home/sswee/yolk/Yolk-Sac-Flow-Data-and-Sim/gnn_clean/outputs/ac/02_physics_weight_sweep/H2/q_100__k_100/summary.csv,balanced,0.30464370565707416,0.58280095199388,0.0152063394793782,0.4272621607755766,0.020337226887879884,0.7494204159748408,0.3741830172412757,0.44372232882547713,0.5132616404096786,0.29299207769355795,0.5*complex_flow_rmse_nl_s + 0.5*kirchhoff_rms_per_internal_node_nl_s,balanced,1,True,True,4,B4
/mnt/home/sswee/yolk/Yolk-Sac-Flow-Data-and-Sim/gnn_clean/datasets/harmonized_scaled_dataset.gpickle,/mnt/home/sswee/yolk/Yolk-Sac-Flow-Data-and-Sim/gnn_clean/outputs/dc/02_physics_weight_sweep/gnn/q_1__k_1__delta_1,loaded_from_b1_run_dir,full_ideal,Full ideal admittance,2,2.7733447429741864,17.425438940799154,34.85087788159831,0.001,0,0.0035,1,constrained_least_squares,0.1,100.0,100.0,numpy,4388,6443,0.44756308434957703,0.44169755919498466,102.18826835498673,5411,4.131397240613581e-06,0.004372171640427782,0.04287292830902486,0.1608518548987066,0.0857458566180497,0.23754735432014032,0.3983992092188469,0.31797328176949363,0.41950424480345305,0.0011027490901167087,0.41950424480345305,0.41840149571333635,-179.8272211450185,179.9924472421241,359.8196683871426,True,8776,,,False,,,,,,,19600,8776,,8783.860906597065,0.9775439880469283,9.775439880469281e-13,399.51575349795166,True,numpy_linalg_lstsq_real_mixed,2,0.0003717049643247364,normalized_phase_only_real_rows,0,17.970203746079175,0.0003179641311743657,/mnt/home/sswee/yolk/Yolk-Sac-Flow-Data-and-Sim/gnn_clean/outputs/ac/02_physics_weight_sweep/H2/q_0p1__k_100,0.08655586207963088,0.0732129376370474,0.5832822312399212,0.023491963793452576,0.043357599854248724,0.11469035426859728,0.19630223569192157,0.0001552072016141549,0.6746857054167313,1,8.227969829983705e-06,6.384660159077744e-07,0.002547889891101176,7.207721710689886e-06,5.586590975526825e-07,0.0022507454094475147,q_0p1__k_100,/mnt/home/sswee/yolk/Yolk-Sac-Flow-Data-and-Sim/gnn_clean/outputs/ac/02_physics_weight_sweep/H2/q_0p1__k_100/summary.csv,conservation_prioritized,1.0,0.0,0.0152063394793782,0.4272621607755766,0.020337226887879884,0.7494204159748408,0.75,0.5,0.25,0.1151698998177151,0.25*complex_flow_rmse_nl_s + 0.75*kirchhoff_rms_per_internal_node_nl_s,conservation_prioritized,1,True,True,1,K1
/mnt/home/sswee/yolk/Yolk-Sac-Flow-Data-and-Sim/gnn_clean/datasets/harmonized_scaled_dataset.gpickle,/mnt/home/sswee/yolk/Yolk-Sac-Flow-Data-and-Sim/gnn_clean/outputs/dc/02_physics_weight_sweep/gnn/q_1__k_1__delta_1,loaded_from_b1_run_dir,full_ideal,Full ideal admittance,2,2.7733447429741864,17.425438940799154,34.85087788159831,0.001,0,0.0035,1,constrained_least_squares,0.1,10.0,100.0,numpy,4388,6443,0.4204951862509098,0.40270086917297826,94.88813240260596,5411,4.131397240613581e-06,0.025659074309249314,0.01947691506451628,0.16215122664422257,0.03895383012903892,0.1329085913261486,0.2950598179703712,0.2139842046482599,1.2110604891730923,0.004372483142409611,1.2110604891730923,1.2066880060306826,-179.80257448417842,179.78469630034115,359.5872707845196,True,8776,,,False,,,,,,,19600,8776,,2794.3316381298964,0.9775439880469283,9.775439880469281e-13,395.9691991729778,True,numpy_linalg_lstsq_real_mixed,2,0.00020672482710671489,normalized_phase_only_real_rows,0,50.81053351070439,0.00021392119047408553,/mnt/home/sswee/yolk/Yolk-Sac-Flow-Data-and-Sim/gnn_clean/outputs/ac/02_physics_weight_sweep/H2/q_0p1__k_10,0.08655586207963088,0.0732129376370474,0.5832822312399212,0.023491963793452576,0.043357599854248724,0.11469035426859728,0.19630223569192157,0.0001552072016141549,0.6746857054167313,1,8.227969829983705e-06,6.384660159077744e-07,0.002547889891101176,7.207721710689886e-06,5.586590975526825e-07,0.0022507454094475147,q_0p1__k_10,/mnt/home/sswee/yolk/Yolk-Sac-Flow-Data-and-Sim/gnn_clean/outputs/ac/02_physics_weight_sweep/H2/q_0p1__k_10/summary.csv,conservation_prioritized,0.9835775296090223,0.007299369264067163,0.0152063394793782,0.4272621607755766,0.020337226887879884,0.7494204159748408,0.7395079895227835,0.49543844943654475,0.251368909350306,0.12436810229466444,0.25*complex_flow_rmse_nl_s + 0.75*kirchhoff_rms_per_internal_node_nl_s,conservation_prioritized,2,False,True,2,K2
/mnt/home/sswee/yolk/Yolk-Sac-Flow-Data-and-Sim/gnn_clean/datasets/harmonized_scaled_dataset.gpickle,/mnt/home/sswee/yolk/Yolk-Sac-Flow-Data-and-Sim/gnn_clean/outputs/dc/02_physics_weight_sweep/gnn/q_1__k_1__delta_1,loaded_from_b1_run_dir,full_ideal,Full ideal admittance,2,2.7733447429741864,17.425438940799154,34.85087788159831,0.001,0,0.0035,1,constrained_least_squares,1.0,100.0,100.0,numpy,4388,6443,0.42049447664678963,0.4027004223272989,94.87774249524958,5411,4.131397240613581e-06,0.025658911970363917,0.1939073235764416,0.16639709656610638,0.3878146471528832,0.13158353832535383,0.2979806348914602,0.21478208660840703,1.2109327992835575,0.003548918506906709,1.2109327992835575,1.2073838807766508,-179.35463049662897,179.81706992434496,359.17170042097393,True,8776,,,False,,,,,,,19600,8776,,8836.452514359882,0.9775439880469283,9.775439880469281e-13,369.705713900039,True,numpy_linalg_lstsq_real_mixed,3,0.0009366067382906717,normalized_phase_only_real_rows,0,50.35503601293001,0.00021454396221070178,/mnt/home/sswee/yolk/Yolk-Sac-Flow-Data-and-Sim/gnn_clean/outputs/ac/02_physics_weight_sweep/H2/q_1__k_100,0.08655586207963088,0.0732129376370474,0.5832822312399212,0.023491963793452576,0.043357599854248724,0.11469035426859728,0.19630223569192157,0.0001552072016141549,0.6746857054167313,1,8.227969829983705e-06,6.384660159077744e-07,0.002547889891101176,7.207721710689886e-06,5.586590975526825e-07,0.0022507454094475147,q_1__k_100,/mnt/home/sswee/yolk/Yolk-Sac-Flow-Data-and-Sim/gnn_clean/outputs/ac/02_physics_weight_sweep/H2/q_1__k_100/summary.csv,conservation_prioritized,0.9835758075022506,0.007299146602390379,0.0152063394793782,0.4272621607755766,0.020337226887879884,0.7494204159748408,0.7395066422772856,0.4954374770523205,0.2513683118273554,0.12436780313947035,0.25*complex_flow_rmse_nl_s + 0.75*kirchhoff_rms_per_internal_node_nl_s,conservation_prioritized,1,True,True,3,K3
/mnt/home/sswee/yolk/Yolk-Sac-Flow-Data-and-Sim/gnn_clean/datasets/harmonized_scaled_dataset.gpickle,/mnt/home/sswee/yolk/Yolk-Sac-Flow-Data-and-Sim/gnn_clean/outputs/dc/02_physics_weight_sweep/gnn/q_1__k_1__delta_1,loaded_from_b1_run_dir,full_ideal,Full ideal admittance,2,2.7733447429741864,17.425438940799154,34.85087788159831,0.001,0,0.0035,1,constrained_least_squares,0.1,1.0,100.0,numpy,4388,6443,0.3304981130363712,0.3066174619857168,88.48378417851885,5411,4.131397240613581e-06,0.13451711361135646,0.012985033679716325,0.5487764715652242,0.02597006735943265,0.07298987915331849,0.6217663507185427,0.34737811493593057,2.0602873558051398,0.05513914873996876,2.0602873558051398,2.005148207065171,-152.32694717625645,176.08413462514602,328.4110818014024,True,8776,,,False,,,,,,,19600,8776,,934.7352278150559,0.9775439880469283,9.775439880469281e-13,397.71559128403896,True,numpy_linalg_lstsq_real_mixed,2,8.566638689912168e-05,normalized_phase_only_real_rows,0,-64.3985053331837,0.00034728487861686145,/mnt/home/sswee/yolk/Yolk-Sac-Flow-Data-and-Sim/gnn_clean/outputs/ac/02_physics_weight_sweep/H2/q_0p1__k_1,0.08655586207963088,0.0732129376370474,0.5832822312399212,0.023491963793452576,0.043357599854248724,0.11469035426859728,0.19630223569192157,0.0001552072016141549,0.6746857054167313,1,8.227969829983705e-06,6.384660159077744e-07,0.002547889891101176,7.207721710689886e-06,5.586590975526825e-07,0.0022507454094475147,q_0p1__k_1,/mnt/home/sswee/yolk/Yolk-Sac-Flow-Data-and-Sim/gnn_clean/outputs/ac/02_physics_weight_sweep/H2/q_0p1__k_1/summary.csv,conservation_prioritized,0.7651676235641666,0.15660748791432888,0.0152063394793782,0.4272621607755766,0.020337226887879884,0.7494204159748408,0.6130275896517072,0.4608875557392477,0.30874752182678833,0.18351236346761016,0.25*complex_flow_rmse_nl_s + 0.75*kirchhoff_rms_per_internal_node_nl_s,conservation_prioritized,3,False,True,4,K4
/mnt/home/sswee/yolk/Yolk-Sac-Flow-Data-and-Sim/gnn_clean/datasets/harmonized_scaled_dataset.gpickle,/mnt/home/sswee/yolk/Yolk-Sac-Flow-Data-and-Sim/gnn_clean/outputs/dc/02_physics_weight_sweep/gnn/q_1__k_1__delta_1,loaded_from_b1_run_dir,taylor_dc_transferred,Taylor-expanded + transferred DC conductance,2,2.7733447429741864,17.425438940799154,34.85087788159831,0.001,0,0.0035,1,constrained_least_squares,10.0,0.1,100.0,numpy,4388,6443,0.022489950578604166,0.021097886187399686,62.167682201383485,5411,4.131397240613581e-06,0.7006881093349965,0.36383755698625003,0.9739480167492875,0.7276751139725002,0.5515286967885729,1.5254767135378604,1.0385027051632165,1.6029590654621904,0.5119407646730145,1.6029590654621904,1.0910183007891758,-52.95328088344685,24.673888415797975,77.62716929924484,True,8776,,,False,,,,,,,19600,8776,,1437.0831183460325,0.9775439880469283,9.775439880469281e-13,275.5035397009997,True,numpy_linalg_lstsq_real_mixed,2,0.0017093021369728816,normalized_phase_only_real_rows,0,-28.900019454729986,0.001038592237897611,/mnt/home/sswee/yolk/Yolk-Sac-Flow-Data-and-Sim/gnn_clean/outputs/ac/02_physics_weight_sweep/H2/q_10__k_0p1,0.08655586207963088,0.0732129376370474,0.5832822312399212,0.023491963793452576,0.043357599854248724,0.11469035426859728,0.19630223569192157,0.0001552072016141549,0.6746857054167313,1,8.227969829983705e-06,6.384660159077744e-07,0.002547889891101176,7.207721710689886e-06,5.586590975526825e-07,0.0022507454094475147,q_10__k_0p1,/mnt/home/sswee/yolk/Yolk-Sac-Flow-Data-and-Sim/gnn_clean/outputs/ac/02_physics_weight_sweep/H2/q_10__k_0p1/summary.csv,flow_prioritized,0.002927546645975111,0.9731785021190453,0.021255442514372953,0.4429423406303964,0.008000404385253653,0.7197790795629847,0.24549028551424268,0.48805302438251025,0.7306157632507778,0.19203949026770223,0.75*complex_flow_rmse_nl_s + 0.25*kirchhoff_rms_per_internal_node_nl_s,flow_prioritized,2,False,True,1,F1
/mnt/home/sswee/yolk/Yolk-Sac-Flow-Data-and-Sim/gnn_clean/datasets/harmonized_scaled_dataset.gpickle,/mnt/home/sswee/yolk/Yolk-Sac-Flow-Data-and-Sim/gnn_clean/outputs/dc/02_physics_weight_sweep/gnn/q_1__k_1__delta_1,loaded_from_b1_run_dir,taylor_dc_transferred,Taylor-expanded + transferred DC conductance,2,2.7733447429741864,17.425438940799154,34.85087788159831,0.001,0,0.0035,1,constrained_least_squares,100.0,1.0,100.0,numpy,4388,6443,0.022395403500219638,0.02104354225854176,60.08898741494799,5411,4.131397240613581e-06,0.7006087395297012,1.5124909405586795,1.129175775238418,3.024981881117359,0.5407625394661534,1.6699383147045714,1.1053504270853625,1.6699383147045714,0.4373676374949953,1.6699383147045714,1.2325706772095761,-61.888676632679676,22.671085552251405,84.55976218493109,True,8776,,,False,,,,,,,19600,8776,,4544.45584095077,0.9775439880469283,9.775439880469281e-13,2123.4200478569837,False,numpy_linalg_lstsq_real_mixed,20,0.00955362168220932,normalized_phase_only_real_rows,0,-10.04814687105284,0.001106058246532955,/mnt/home/sswee/yolk/Yolk-Sac-Flow-Data-and-Sim/gnn_clean/outputs/ac/02_physics_weight_sweep/H2/q_100__k_1,0.08655586207963088,0.0732129376370474,0.5832822312399212,0.023491963793452576,0.043357599854248724,0.11469035426859728,0.19630223569192157,0.0001552072016141549,0.6746857054167313,1,8.227969829983705e-06,6.384660159077744e-07,0.002547889891101176,7.207721710689886e-06,5.586590975526825e-07,0.0022507454094475147,q_100__k_1,/mnt/home/sswee/yolk/Yolk-Sac-Flow-Data-and-Sim/gnn_clean/outputs/ac/02_physics_weight_sweep/H2/q_100__k_1/summary.csv,flow_prioritized,0.0027033350833039972,0.9730669930108587,0.021255442514372953,0.4429423406303964,0.008000404385253653,0.7197790795629847,0.2452942495651927,0.4878851640470814,0.7304760785289701,0.19194873750759,0.75*complex_flow_rmse_nl_s + 0.25*kirchhoff_rms_per_internal_node_nl_s,flow_prioritized,1,True,True,2,F2
/mnt/home/sswee/yolk/Yolk-Sac-Flow-Data-and-Sim/gnn_clean/datasets/harmonized_scaled_dataset.gpickle,/mnt/home/sswee/yolk/Yolk-Sac-Flow-Data-and-Sim/gnn_clean/outputs/dc/02_physics_weight_sweep/gnn/q_1__k_1__delta_1,loaded_from_b1_run_dir,taylor_dc_transferred,Taylor-expanded + transferred DC conductance,2,2.7733447429741864,17.425438940799154,34.85087788159831,0.001,0,0.0035,1,constrained_least_squares,1.0,0.1,100.0,numpy,4388,6443,0.06789946121371711,0.063604124850026,74.07204189826858,5411,4.131397240613581e-06,0.5879063500241346,0.11349480656912118,0.7419943398345203,0.22698961313824237,1.1848097455045818,1.9268040853391022,1.555806915421842,2.220075950264415,1.1796263756709024,2.220075950264415,1.0404495745935127,-37.54205029599453,26.84970720563283,64.39175750162735,True,8776,,,False,,,,,,,19600,8776,,499.7224847434225,0.9775439880469283,9.775439880469281e-13,388.4195197930094,True,numpy_linalg_lstsq_real_mixed,2,0.00033896003288716345,normalized_phase_only_real_rows,0,-43.83011970388892,0.0015557823160617993,/mnt/home/sswee/yolk/Yolk-Sac-Flow-Data-and-Sim/gnn_clean/outputs/ac/02_physics_weight_sweep/H2/q_1__k_0p1,0.08655586207963088,0.0732129376370474,0.5832822312399212,0.023491963793452576,0.043357599854248724,0.11469035426859728,0.19630223569192157,0.0001552072016141549,0.6746857054167313,1,8.227969829983705e-06,6.384660159077744e-07,0.002547889891101176,7.207721710689886e-06,5.586590975526825e-07,0.0022507454094475147,q_1__k_0p1,/mnt/home/sswee/yolk/Yolk-Sac-Flow-Data-and-Sim/gnn_clean/outputs/ac/02_physics_weight_sweep/H2/q_1__k_0p1/summary.csv,flow_prioritized,0.11061291898737262,0.8147279004868733,0.021255442514372953,0.4429423406303964,0.008000404385253653,0.7197790795629847,0.2866416643622478,0.4626704097371229,0.6386991551119982,0.19790118341632149,0.75*complex_flow_rmse_nl_s + 0.25*kirchhoff_rms_per_internal_node_nl_s,flow_prioritized,1,True,True,3,F3
/mnt/home/sswee/yolk/Yolk-Sac-Flow-Data-and-Sim/gnn_clean/datasets/harmonized_scaled_dataset.gpickle,/mnt/home/sswee/yolk/Yolk-Sac-Flow-Data-and-Sim/gnn_clean/outputs/dc/02_physics_weight_sweep/gnn/q_1__k_1__delta_1,loaded_from_b1_run_dir,taylor_dc_transferred,Taylor-expanded + transferred DC conductance,2,2.7733447429741864,17.425438940799154,34.85087788159831,0.001,0,0.0035,1,constrained_least_squares,10.0,1.0,100.0,numpy,4388,6443,0.0678702588074129,0.06358319121030555,73.83107016084027,5411,4.131397240613581e-06,0.587908545915694,1.0007044086991126,0.8077112422894572,2.001408817398225,1.161108384656813,1.9688196269462703,1.5649640058015417,2.2206397420520974,1.145433230580858,2.2206397420520974,1.0752065114712392,-39.37774644339595,26.12899250992963,65.50673895332558,True,8776,,,False,,,,,,,19600,8776,,1580.261249787959,0.9775439880469283,9.775439880469281e-13,1898.0044884910167,False,numpy_linalg_lstsq_real_mixed,20,0.0026691551246214753,normalized_phase_only_real_rows,0,-39.37358508963569,0.0015648956822369349,/mnt/home/sswee/yolk/Yolk-Sac-Flow-Data-and-Sim/gnn_clean/outputs/ac/02_physics_weight_sweep/H2/q_10__k_1,0.08655586207963088,0.0732129376370474,0.5832822312399212,0.023491963793452576,0.043357599854248724,0.11469035426859728,0.19630223569192157,0.0001552072016141549,0.6746857054167313,1,8.227969829983705e-06,6.384660159077744e-07,0.002547889891101176,7.207721710689886e-06,5.586590975526825e-07,0.0022507454094475147,q_10__k_1,/mnt/home/sswee/yolk/Yolk-Sac-Flow-Data-and-Sim/gnn_clean/outputs/ac/02_physics_weight_sweep/H2/q_10__k_1/summary.csv,flow_prioritized,0.11054366759152734,0.8147309855632263,0.021255442514372953,0.4429423406303964,0.008000404385253653,0.7197790795629847,0.28659049708445206,0.46263732657737683,0.6386841560703015,0.19787983058448316,0.75*complex_flow_rmse_nl_s + 0.25*kirchhoff_rms_per_internal_node_nl_s,flow_prioritized,1,True,True,4,F4
/mnt/home/sswee/yolk/Yolk-Sac-Flow-Data-and-Sim/gnn_clean/datasets/harmonized_scaled_dataset.gpickle,/mnt/home/sswee/yolk/Yolk-Sac-Flow-Data-and-Sim/gnn_clean/outputs/dc/02_physics_weight_sweep/gnn/q_1__k_1__delta_1,loaded_from_b1_run_dir,taylor_dc_transferred,Taylor-expanded + transferred DC conductance,2,2.7733447429741864,17.425438940799154,34.85087788159831,0.001,0,0.0035,1,constrained_least_squares,0.1,0.1,100.0,numpy,4388,6443,0.24787285170860657,0.23003420525169518,86.80100438531066,5411,4.131397240613581e-06,0.26490327614844883,0.008681764490333544,0.6782471718334386,0.017363528980667085,0.4360734257503496,1.1143205975837882,0.7751970116670689,1.8667702520215506,0.07061046165829574,1.8667702520215506,1.796159790363255,-72.26440702632561,126.69916075818698,198.96356778451258,True,8776,,,False,,,,,,,19600,8776,,262.03771996771803,0.9775439880469283,9.775439880469281e-13,272.4194407729956,True,numpy_linalg_lstsq_real_mixed,2,3.210891361859355e-05,normalized_phase_only_real_rows,0,-51.58830020943914,0.0007751766173799293,/mnt/home/sswee/yolk/Yolk-Sac-Flow-Data-and-Sim/gnn_clean/outputs/ac/02_physics_weight_sweep/H2/q_0p1__k_0p1,0.08655586207963088,0.0732129376370474,0.5832822312399212,0.023491963793452576,0.043357599854248724,0.11469035426859728,0.19630223569192157,0.0001552072016141549,0.6746857054167313,1,8.227969829983705e-06,6.384660159077744e-07,0.002547889891101176,7.207721710689886e-06,5.586590975526825e-07,0.0022507454094475147,q_0p1__k_0p1,/mnt/home/sswee/yolk/Yolk-Sac-Flow-Data-and-Sim/gnn_clean/outputs/ac/02_physics_weight_sweep/H2/q_0p1__k_0p1/summary.csv,balanced,0.537406806345408,0.36093083527551106,0.021255442514372953,0.4429423406303964,0.008000404385253653,0.7197790795629847,0.49328781357793383,0.44916882081045956,0.4050498280429853,0.2563880639285277,0.5*complex_flow_rmse_nl_s + 0.5*kirchhoff_rms_per_internal_node_nl_s,balanced,4,False,True,1,B1
/mnt/home/sswee/yolk/Yolk-Sac-Flow-Data-and-Sim/gnn_clean/datasets/harmonized_scaled_dataset.gpickle,/mnt/home/sswee/yolk/Yolk-Sac-Flow-Data-and-Sim/gnn_clean/outputs/dc/02_physics_weight_sweep/gnn/q_1__k_1__delta_1,loaded_from_b1_run_dir,taylor_dc_transferred,Taylor-expanded + transferred DC conductance,2,2.7733447429741864,17.425438940799154,34.85087788159831,0.001,0,0.0035,1,constrained_least_squares,1.0,1.0,100.0,numpy,4388,6443,0.24787251684100425,0.23003404431217098,86.79725033013983,5411,4.131397240613581e-06,0.26490315152250765,0.08638423813813471,0.6790683767144107,0.1727684762762694,0.43586578325066416,1.1149341599650748,0.7753999716078694,1.8668623631536183,0.07051003914555291,1.8668623631536183,1.7963523240080654,-72.3149218090265,126.53311789841818,198.84803970744468,True,8776,,,False,,,,,,,19600,8776,,828.6360279753725,0.9775439880469283,9.775439880469281e-13,388.17007221496897,True,numpy_linalg_lstsq_real_mixed,2,0.0003182958758091072,normalized_phase_only_real_rows,0,-51.528934408099424,0.0007751986490598524,/mnt/home/sswee/yolk/Yolk-Sac-Flow-Data-and-Sim/gnn_clean/outputs/ac/02_physics_weight_sweep/H2/q_1__k_1,0.08655586207963088,0.0732129376370474,0.5832822312399212,0.023491963793452576,0.043357599854248724,0.11469035426859728,0.19630223569192157,0.0001552072016141549,0.6746857054167313,1,8.227969829983705e-06,6.384660159077744e-07,0.002547889891101176,7.207721710689886e-06,5.586590975526825e-07,0.0022507454094475147,q_1__k_1,/mnt/home/sswee/yolk/Yolk-Sac-Flow-Data-and-Sim/gnn_clean/outputs/ac/02_physics_weight_sweep/H2/q_1__k_1/summary.csv,balanced,0.5374060122310929,0.3609306601846499,0.021255442514372953,0.4429423406303964,0.008000404385253653,0.7197790795629847,0.4932871742194821,0.4491683362078714,0.4050494981962607,0.2563878341817559,0.5*complex_flow_rmse_nl_s + 0.5*kirchhoff_rms_per_internal_node_nl_s,balanced,3,False,True,2,B2
/mnt/home/sswee/yolk/Yolk-Sac-Flow-Data-and-Sim/gnn_clean/datasets/harmonized_scaled_dataset.gpickle,/mnt/home/sswee/yolk/Yolk-Sac-Flow-Data-and-Sim/gnn_clean/outputs/dc/02_physics_weight_sweep/gnn/q_1__k_1__delta_1,loaded_from_b1_run_dir,taylor_dc_transferred,Taylor-expanded + transferred DC conductance,2,2.7733447429741864,17.425438940799154,34.85087788159831,0.001,0,0.0035,1,constrained_least_squares,10.0,10.0,100.0,numpy,4388,6443,0.2478619532169306,0.23002332405091358,86.71078166149505,5411,4.131397240613581e-06,0.26489650834048145,0.7051035420324705,0.7868225155179059,1.410207084064941,0.3998735344501968,1.1866960499681027,0.7932847922091497,1.871489030112455,0.06529823974356809,1.871489030112455,1.8061907903688867,-75.71402949849067,117.19334020325921,192.9073697017499,True,8776,,,False,,,,,,,19600,8776,,2620.377199677181,0.9775439880469283,9.775439880469281e-13,2254.1214589279843,False,numpy_linalg_lstsq_real_mixed,20,0.0026590430045921394,normalized_phase_only_real_rows,0,-43.32962629639274,0.0007928411179001177,/mnt/home/sswee/yolk/Yolk-Sac-Flow-Data-and-Sim/gnn_clean/outputs/ac/02_physics_weight_sweep/H2/q_10__k_10,0.08655586207963088,0.0732129376370474,0.5832822312399212,0.023491963793452576,0.043357599854248724,0.11469035426859728,0.19630223569192157,0.0001552072016141549,0.6746857054167313,1,8.227969829983705e-06,6.384660159077744e-07,0.002547889891101176,7.207721710689886e-06,5.586590975526825e-07,0.0022507454094475147,q_10__k_10,/mnt/home/sswee/yolk/Yolk-Sac-Flow-Data-and-Sim/gnn_clean/outputs/ac/02_physics_weight_sweep/H2/q_10__k_10/summary.csv,balanced,0.5373809613601248,0.360921326971591,0.021255442514372953,0.4429423406303964,0.008000404385253653,0.7197790795629847,0.49326605276299135,0.4491511441658579,0.4050362355687245,0.25637923077870606,0.5*complex_flow_rmse_nl_s + 0.5*kirchhoff_rms_per_internal_node_nl_s,balanced,2,False,True,3,B3
/mnt/home/sswee/yolk/Yolk-Sac-Flow-Data-and-Sim/gnn_clean/datasets/harmonized_scaled_dataset.gpickle,/mnt/home/sswee/yolk/Yolk-Sac-Flow-Data-and-Sim/gnn_clean/outputs/dc/02_physics_weight_sweep/gnn/q_1__k_1__delta_1,loaded_from_b1_run_dir,taylor_dc_transferred,Taylor-expanded + transferred DC conductance,2,2.7733447429741864,17.425438940799154,34.85087788159831,0.001,0,0.0035,1,constrained_least_squares,100.0,100.0,100.0,numpy,4388,6443,0.24785722470518246,0.2300146704787017,86.17022854253248,5411,4.131397240613581e-06,0.26487885601035177,3.1523000151932545,0.9272562073541486,6.304600030386509,0.32554484006688966,1.2528010474210383,0.789172943743964,1.9001514481849433,0.07971654462569541,1.9001514481849433,1.820434903559248,-82.2176328884276,111.00993211228531,193.2275650007129,True,8776,,,False,,,,,,,19600,8776,,8286.360279753726,0.9775439880469283,9.775439880469281e-13,1900.716531641985,True,numpy_linalg_lstsq_real_mixed,17,0.0019585511751656877,normalized_phase_only_real_rows,0,-30.096952690415957,0.0007899397876302103,/mnt/home/sswee/yolk/Yolk-Sac-Flow-Data-and-Sim/gnn_clean/outputs/ac/02_physics_weight_sweep/H2/q_100__k_100,0.08655586207963088,0.0732129376370474,0.5832822312399212,0.023491963793452576,0.043357599854248724,0.11469035426859728,0.19630223569192157,0.0001552072016141549,0.6746857054167313,1,8.227969829983705e-06,6.384660159077744e-07,0.002547889891101176,7.207721710689886e-06,5.586590975526825e-07,0.0022507454094475147,q_100__k_100,/mnt/home/sswee/yolk/Yolk-Sac-Flow-Data-and-Sim/gnn_clean/outputs/ac/02_physics_weight_sweep/H2/q_100__k_100/summary.csv,balanced,0.5373697480362836,0.36089652666393185,0.021255442514372953,0.4429423406303964,0.008000404385253653,0.7197790795629847,0.49325144269319565,0.44913313735010774,0.40501483200701976,0.2563680403577671,0.5*complex_flow_rmse_nl_s + 0.5*kirchhoff_rms_per_internal_node_nl_s,balanced,1,True,True,4,B4
/mnt/home/sswee/yolk/Yolk-Sac-Flow-Data-and-Sim/gnn_clean/datasets/harmonized_scaled_dataset.gpickle,/mnt/home/sswee/yolk/Yolk-Sac-Flow-Data-and-Sim/gnn_clean/outputs/dc/02_physics_weight_sweep/gnn/q_1__k_1__delta_1,loaded_from_b1_run_dir,taylor_dc_transferred,Taylor-expanded + transferred DC conductance,2,2.7733447429741864,17.425438940799154,34.85087788159831,0.001,0,0.0035,1,constrained_least_squares,0.1,100.0,100.0,numpy,4388,6443,0.4530744172058771,0.450696783711502,106.98676839292995,5411,4.131397240613581e-06,0.0015058655825397227,0.03449699966659437,0.08817429364572599,0.06899399933318873,0.3323436116562645,0.4205179053019905,0.37643075847912755,0.4205179053019905,0.0007806760109945812,0.4205179053019905,0.41973722929099594,-179.88648825335503,179.15226250944255,359.03875076279763,True,8776,,,False,,,,,,,19600,8776,,6986.094026773169,0.9775439880469283,9.775439880469281e-13,396.6910616289824,True,numpy_linalg_lstsq_real_mixed,2,0.000349961114417781,normalized_phase_only_real_rows,0,9.870473458474404,0.00037642956311216845,/mnt/home/sswee/yolk/Yolk-Sac-Flow-Data-and-Sim/gnn_clean/outputs/ac/02_physics_weight_sweep/H2/q_0p1__k_100,0.08655586207963088,0.0732129376370474,0.5832822312399212,0.023491963793452576,0.043357599854248724,0.11469035426859728,0.19630223569192157,0.0001552072016141549,0.6746857054167313,1,8.227969829983705e-06,6.384660159077744e-07,0.002547889891101176,7.207721710689886e-06,5.586590975526825e-07,0.0022507454094475147,q_0p1__k_100,/mnt/home/sswee/yolk/Yolk-Sac-Flow-Data-and-Sim/gnn_clean/outputs/ac/02_physics_weight_sweep/H2/q_0p1__k_100/summary.csv,conservation_prioritized,1.0,0.0,0.021255442514372953,0.4429423406303964,0.008000404385253653,0.7197790795629847,0.75,0.5,0.25,0.11439800348837406,0.25*complex_flow_rmse_nl_s + 0.75*kirchhoff_rms_per_internal_node_nl_s,conservation_prioritized,1,True,True,1,K1
/mnt/home/sswee/yolk/Yolk-Sac-Flow-Data-and-Sim/gnn_clean/datasets/harmonized_scaled_dataset.gpickle,/mnt/home/sswee/yolk/Yolk-Sac-Flow-Data-and-Sim/gnn_clean/outputs/dc/02_physics_weight_sweep/gnn/q_1__k_1__delta_1,loaded_from_b1_run_dir,taylor_dc_transferred,Taylor-expanded + transferred DC conductance,2,2.7733447429741864,17.425438940799154,34.85087788159831,0.001,0,0.0035,1,constrained_least_squares,0.1,10.0,100.0,numpy,4388,6443,0.43956498177190284,0.429479929898196,98.80683556840418,5411,4.131397240613581e-06,0.01016556024956443,0.01565258959621228,0.1967534472809867,0.03130517919242456,0.20027144589323537,0.39702489317422207,0.29864816953372875,0.8839452660289465,0.0011415821347850394,0.8839452660289465,0.8828036838941615,-179.93436987493484,179.39659549766162,359.33096537259644,True,8776,,,False,,,,,,,19600,8776,,2213.217312373741,0.9775439880469283,9.775439880469281e-13,393.9139373730286,True,numpy_linalg_lstsq_real_mixed,2,7.991778542678389e-05,normalized_phase_only_real_rows,0,31.08638137420231,0.0002986365442596487,/mnt/home/sswee/yolk/Yolk-Sac-Flow-Data-and-Sim/gnn_clean/outputs/ac/02_physics_weight_sweep/H2/q_0p1__k_10,0.08655586207963088,0.0732129376370474,0.5832822312399212,0.023491963793452576,0.043357599854248724,0.11469035426859728,0.19630223569192157,0.0001552072016141549,0.6746857054167313,1,8.227969829983705e-06,6.384660159077744e-07,0.002547889891101176,7.207721710689886e-06,5.586590975526825e-07,0.0022507454094475147,q_0p1__k_10,/mnt/home/sswee/yolk/Yolk-Sac-Flow-Data-and-Sim/gnn_clean/outputs/ac/02_physics_weight_sweep/H2/q_0p1__k_10/summary.csv,conservation_prioritized,0.9919908375774001,0.003041894819018199,0.021255442514372953,0.4429423406303964,0.008000404385253653,0.7197790795629847,0.7447536018878046,0.49751636619820916,0.25027913050861367,0.11751541563014903,0.25*complex_flow_rmse_nl_s + 0.75*kirchhoff_rms_per_internal_node_nl_s,conservation_prioritized,2,False,True,2,K2
/mnt/home/sswee/yolk/Yolk-Sac-Flow-Data-and-Sim/gnn_clean/datasets/harmonized_scaled_dataset.gpickle,/mnt/home/sswee/yolk/Yolk-Sac-Flow-Data-and-Sim/gnn_clean/outputs/dc/02_physics_weight_sweep/gnn/q_1__k_1__delta_1,loaded_from_b1_run_dir,taylor_dc_transferred,Taylor-expanded + transferred DC conductance,2,2.7733447429741864,17.425438940799154,34.85087788159831,0.001,0,0.0035,1,constrained_least_squares,1.0,100.0,100.0,numpy,4388,6443,0.43956472459340046,0.4294798922365008,98.80036622955693,5411,4.131397240613581e-06,0.010165250652824963,0.15478518884704257,0.19738474613839335,0.30957037769408513,0.20006052399561408,0.39744527013400743,0.2987528970648108,0.8839346979561282,0.0011371421257035308,0.8839346979561282,0.8827975558304247,-179.94828824461194,179.9803926362759,359.92868088088784,True,8776,,,False,,,,,,,19600,8776,,6998.807664017384,0.9775439880469283,9.775439880469281e-13,278.46063264500117,True,numpy_linalg_lstsq_real_mixed,2,0.0007839556264150142,normalized_phase_only_real_rows,0,30.96439302560533,0.00029863989064971735,/mnt/home/sswee/yolk/Yolk-Sac-Flow-Data-and-Sim/gnn_clean/outputs/ac/02_physics_weight_sweep/H2/q_1__k_100,0.08655586207963088,0.0732129376370474,0.5832822312399212,0.023491963793452576,0.043357599854248724,0.11469035426859728,0.19630223569192157,0.0001552072016141549,0.6746857054167313,1,8.227969829983705e-06,6.384660159077744e-07,0.002547889891101176,7.207721710689886e-06,5.586590975526825e-07,0.0022507454094475147,q_1__k_100,/mnt/home/sswee/yolk/Yolk-Sac-Flow-Data-and-Sim/gnn_clean/outputs/ac/02_physics_weight_sweep/H2/q_1__k_100/summary.csv,conservation_prioritized,0.9919902276971702,0.00304145985692919,0.021255442514372953,0.4429423406303964,0.008000404385253653,0.7197790795629847,0.7447530357371099,0.49751584377704966,0.25027865181698944,0.11751511913796883,0.25*complex_flow_rmse_nl_s + 0.75*kirchhoff_rms_per_internal_node_nl_s,conservation_prioritized,1,True,True,3,K3
/mnt/home/sswee/yolk/Yolk-Sac-Flow-Data-and-Sim/gnn_clean/datasets/harmonized_scaled_dataset.gpickle,/mnt/home/sswee/yolk/Yolk-Sac-Flow-Data-and-Sim/gnn_clean/outputs/dc/02_physics_weight_sweep/gnn/q_1__k_1__delta_1,loaded_from_b1_run_dir,taylor_dc_transferred,Taylor-expanded + transferred DC conductance,2,2.7733447429741864,17.425438940799154,34.85087788159831,0.001,0,0.0035,1,constrained_least_squares,0.1,1.0,100.0,numpy,4388,6443,0.3917153473942813,0.3689434667923463,93.53853509744657,5411,4.131397240613581e-06,0.05800136477047305,0.005276257964857404,0.131983840851846,0.01055251592971481,0.08608203623613751,0.21806587708798353,0.15207395666206053,1.6159992967537142,0.014649993552808462,1.6159992967537142,1.6013493032009058,-179.59199196820546,177.4604701081484,357.0524620763539,True,8776,,,False,,,,,,,19600,8776,,712.4801623350818,0.9775439880469283,9.775439880469281e-13,395.09439614700386,True,numpy_linalg_lstsq_real_mixed,2,0.00022722937798187552,normalized_phase_only_real_rows,0,62.95105607052414,0.00015195471726431664,/mnt/home/sswee/yolk/Yolk-Sac-Flow-Data-and-Sim/gnn_clean/outputs/ac/02_physics_weight_sweep/H2/q_0p1__k_1,0.08655586207963088,0.0732129376370474,0.5832822312399212,0.023491963793452576,0.043357599854248724,0.11469035426859728,0.19630223569192157,0.0001552072016141549,0.6746857054167313,1,8.227969829983705e-06,6.384660159077744e-07,0.002547889891101176,7.207721710689886e-06,5.586590975526825e-07,0.0022507454094475147,q_0p1__k_1,/mnt/home/sswee/yolk/Yolk-Sac-Flow-Data-and-Sim/gnn_clean/outputs/ac/02_physics_weight_sweep/H2/q_0p1__k_1/summary.csv,conservation_prioritized,0.8785188881490447,0.07024790448060862,0.021255442514372953,0.4429423406303964,0.008000404385253653,0.7197790795629847,0.6764511422319357,0.4743833963148266,0.27231565039771766,0.14142986042642514,0.25*complex_flow_rmse_nl_s + 0.75*kirchhoff_rms_per_internal_node_nl_s,conservation_prioritized,2,False,True,4,K4
/mnt/home/sswee/yolk/Yolk-Sac-Flow-Data-and-Sim/gnn_clean/datasets/harmonized_scaled_dataset.gpickle,/mnt/home/sswee/yolk/Yolk-Sac-Flow-Data-and-Sim/gnn_clean/outputs/dc/02_physics_weight_sweep/gnn/q_1__k_1__delta_1,loaded_from_b1_run_dir,taylor_ideal,Taylor-expanded ideal admittance,2,2.7733447429741864,17.425438940799154,34.85087788159831,0.001,0,0.0035,1,constrained_least_squares,1.0,0.1,100.0,numpy,4388,6443,0.028823047408706212,0.02687698327153434,67.74703873584122,5411,4.131397240613581e-06,0.6648769426551454,0.11487987551448783,0.7760783570769111,0.2297597510289757,0.9392409152591917,1.7153192723361028,1.3272800937976472,1.9278319756160507,0.9030013853248908,1.9278319756160507,1.0248305902911599,-32.976209333745736,18.801349304232566,51.7775586379783,True,8776,,,False,,,,,,,19600,8776,,1061.486969074836,0.9775439880469283,9.775439880469281e-13,388.1776770299766,True,numpy_linalg_lstsq_real_mixed,2,0.00046393121076612916,normalized_phase_only_real_rows,0,-34.980648236952824,0.0013272613693677893,/mnt/home/sswee/yolk/Yolk-Sac-Flow-Data-and-Sim/gnn_clean/outputs/ac/02_physics_weight_sweep/H2/q_1__k_0p1,0.08655586207963088,0.0732129376370474,0.5832822312399212,0.023491963793452576,0.043357599854248724,0.11469035426859728,0.19630223569192157,0.0001552072016141549,0.6746857054167313,1,8.227969829983705e-06,6.384660159077744e-07,0.002547889891101176,7.207721710689886e-06,5.586590975526825e-07,0.0022507454094475147,q_1__k_0p1,/mnt/home/sswee/yolk/Yolk-Sac-Flow-Data-and-Sim/gnn_clean/outputs/ac/02_physics_weight_sweep/H2/q_1__k_0p1/summary.csv,flow_prioritized,0.033045691222912135,0.8840395158732471,0.015206384406009186,0.4272620109881504,0.02033724190372819,0.7494219594740125,0.24579414738549588,0.45854260354807963,0.6712910597106634,0.18783652122031602,0.75*complex_flow_rmse_nl_s + 0.25*kirchhoff_rms_per_internal_node_nl_s,flow_prioritized,1,True,True,1,F1
/mnt/home/sswee/yolk/Yolk-Sac-Flow-Data-and-Sim/gnn_clean/datasets/harmonized_scaled_dataset.gpickle,/mnt/home/sswee/yolk/Yolk-Sac-Flow-Data-and-Sim/gnn_clean/outputs/dc/02_physics_weight_sweep/gnn/q_1__k_1__delta_1,loaded_from_b1_run_dir,taylor_ideal,Taylor-expanded ideal admittance,2,2.7733447429741864,17.425438940799154,34.85087788159831,0.001,0,0.0035,1,constrained_least_squares,10.0,1.0,100.0,numpy,4388,6443,0.028778495111964862,0.026845746659321285,67.32464873924667,5411,4.131397240613581e-06,0.6648879670102825,0.9307860217218286,0.8243411514614397,1.8615720434436573,0.9284494585002278,1.7527906099616675,1.3406200342309476,1.9326133839138608,0.8763340622592314,1.9326133839138608,1.0562793216546296,-34.98932522727777,18.04143426553519,53.03075949281296,True,8776,,,False,,,,,,,19600,8776,,3356.7165288651972,0.9775439880469283,9.775439880469281e-13,1892.768208974012,False,numpy_linalg_lstsq_real_mixed,20,0.003704654944206705,normalized_phase_only_real_rows,0,-29.626159043458266,0.001340497380144809,/mnt/home/sswee/yolk/Yolk-Sac-Flow-Data-and-Sim/gnn_clean/outputs/ac/02_physics_weight_sweep/H2/q_10__k_1,0.08655586207963088,0.0732129376370474,0.5832822312399212,0.023491963793452576,0.043357599854248724,0.11469035426859728,0.19630223569192157,0.0001552072016141549,0.6746857054167313,1,8.227969829983705e-06,6.384660159077744e-07,0.002547889891101176,7.207721710689886e-06,5.586590975526825e-07,0.0022507454094475147,q_10__k_1,/mnt/home/sswee/yolk/Yolk-Sac-Flow-Data-and-Sim/gnn_clean/outputs/ac/02_physics_weight_sweep/H2/q_10__k_1/summary.csv,flow_prioritized,0.0329375691785394,0.8840546366882518,0.015206384406009186,0.4272620109881504,0.02033724190372819,0.7494219594740125,0.2457168360559675,0.4584961029333956,0.6712753698108237,0.1878058630865443,0.75*complex_flow_rmse_nl_s + 0.25*kirchhoff_rms_per_internal_node_nl_s,flow_prioritized,1,True,True,2,F2
/mnt/home/sswee/yolk/Yolk-Sac-Flow-Data-and-Sim/gnn_clean/datasets/harmonized_scaled_dataset.gpickle,/mnt/home/sswee/yolk/Yolk-Sac-Flow-Data-and-Sim/gnn_clean/outputs/dc/02_physics_weight_sweep/gnn/q_1__k_1__delta_1,loaded_from_b1_run_dir,taylor_ideal,Taylor-expanded ideal admittance,2,2.7733447429741864,17.425438940799154,34.85087788159831,0.001,0,0.0035,1,constrained_least_squares,100.0,10.0,100.0,numpy,4388,6443,0.028710244117166845,0.0268058640180596,66.02426389708081,5411,4.131397240613581e-06,0.6649293877774557,4.054257082466488,0.8860185508997108,8.108514164932977,0.9069874675465058,1.7930060184462167,1.3499967429963613,1.9148781931872918,0.8368826769808351,1.9148781931872918,1.0779955162064567,-38.621594786480664,18.11644950023269,56.73804428671335,True,8776,,,False,,,,,,,19600,8776,,10614.869690748359,0.9775439880469283,9.775439880469281e-13,2153.0121382649813,False,numpy_linalg_lstsq_real_mixed,20,0.003042380252861898,normalized_phase_only_real_rows,0,-21.472799089560734,0.0013508820755537933,/mnt/home/sswee/yolk/Yolk-Sac-Flow-Data-and-Sim/gnn_clean/outputs/ac/02_physics_weight_sweep/H2/q_100__k_10,0.08655586207963088,0.0732129376370474,0.5832822312399212,0.023491963793452576,0.043357599854248724,0.11469035426859728,0.19630223569192157,0.0001552072016141549,0.6746857054167313,1,8.227969829983705e-06,6.384660159077744e-07,0.002547889891101176,7.207721710689886e-06,5.586590975526825e-07,0.0022507454094475147,q_100__k_10,/mnt/home/sswee/yolk/Yolk-Sac-Flow-Data-and-Sim/gnn_clean/outputs/ac/02_physics_weight_sweep/H2/q_100__k_10/summary.csv,flow_prioritized,0.03277193378759926,0.8841114486967536,0.015206384406009186,0.4272620109881504,0.02033724190372819,0.7494219594740125,0.24560681251488786,0.45844169124217643,0.671276569969465,0.18776503003223904,0.75*complex_flow_rmse_nl_s + 0.25*kirchhoff_rms_per_internal_node_nl_s,flow_prioritized,1,True,True,3,F3
/mnt/home/sswee/yolk/Yolk-Sac-Flow-Data-and-Sim/gnn_clean/datasets/harmonized_scaled_dataset.gpickle,/mnt/home/sswee/yolk/Yolk-Sac-Flow-Data-and-Sim/gnn_clean/outputs/dc/02_physics_weight_sweep/gnn/q_1__k_1__delta_1,loaded_from_b1_run_dir,taylor_ideal,Taylor-expanded ideal admittance,2,2.7733447429741864,17.425438940799154,34.85087788159831,0.001,0,0.0035,1,constrained_least_squares,10.0,0.1,100.0,numpy,4388,6443,0.01602884811023788,0.014883098291543245,56.378040904656444,5411,4.131397240613581e-06,0.7157177566405922,0.3784121043338197,0.7317556630612703,0.7568242086676331,0.39606211793513246,1.1278177809964027,0.7619399494657676,1.1278177809964027,0.19514021421962474,1.1278177809964027,0.9326775667767779,-126.21352750980544,59.63122529150337,185.84475280130883,True,8776,,,False,,,,,,,19600,8776,,3253.7780172875346,0.9775439880469283,9.775439880469281e-13,1926.7826214819997,False,numpy_linalg_lstsq_real_mixed,20,0.0043810553244135325,normalized_phase_only_real_rows,0,41.68394210050415,0.0007619454754175194,/mnt/home/sswee/yolk/Yolk-Sac-Flow-Data-and-Sim/gnn_clean/outputs/ac/02_physics_weight_sweep/H2/q_10__k_0p1,0.08655586207963088,0.0732129376370474,0.5832822312399212,0.023491963793452576,0.043357599854248724,0.11469035426859728,0.19630223569192157,0.0001552072016141549,0.6746857054167313,1,8.227969829983705e-06,6.384660159077744e-07,0.002547889891101176,7.207721710689886e-06,5.586590975526825e-07,0.0022507454094475147,q_10__k_0p1,/mnt/home/sswee/yolk/Yolk-Sac-Flow-Data-and-Sim/gnn_clean/outputs/ac/02_physics_weight_sweep/H2/q_10__k_0p1/summary.csv,flow_prioritized,0.0019960016346597304,0.953771897803946,0.015206384406009186,0.4272620109881504,0.02033724190372819,0.7494219594740125,0.2399399756769813,0.47788394971930287,0.7158279237616244,0.19095107524282648,0.75*complex_flow_rmse_nl_s + 0.25*kirchhoff_rms_per_internal_node_nl_s,flow_prioritized,2,False,True,4,F4
/mnt/home/sswee/yolk/Yolk-Sac-Flow-Data-and-Sim/gnn_clean/datasets/harmonized_scaled_dataset.gpickle,/mnt/home/sswee/yolk/Yolk-Sac-Flow-Data-and-Sim/gnn_clean/outputs/dc/02_physics_weight_sweep/gnn/q_1__k_1__delta_1,loaded_from_b1_run_dir,taylor_ideal,Taylor-expanded ideal admittance,2,2.7733447429741864,17.425438940799154,34.85087788159831,0.001,0,0.0035,1,constrained_least_squares,0.1,0.1,100.0,numpy,4388,6443,0.14076105529313193,0.13118637224188812,77.75579981526823,5411,4.131397240613581e-06,0.4452455379828358,0.014555187729550887,0.6338194562574438,0.029110375459095405,0.9758980670641489,1.6097175233215928,1.292807795192871,2.2830582906604224,0.8829801563025292,2.2830582906604224,1.4000781343578932,-37.949345341294396,64.86767520956492,102.81702055085931,True,8776,,,False,,,,,,,19600,8776,,425.74214563881435,0.9775439880469283,9.775439880469281e-13,272.05788632199983,True,numpy_linalg_lstsq_real_mixed,2,4.14242087181865e-05,normalized_phase_only_real_rows,0,-42.99034364966206,0.001292803150222564,/mnt/home/sswee/yolk/Yolk-Sac-Flow-Data-and-Sim/gnn_clean/outputs/ac/02_physics_weight_sweep/H2/q_0p1__k_0p1,0.08655586207963088,0.0732129376370474,0.5832822312399212,0.023491963793452576,0.043357599854248724,0.11469035426859728,0.19630223569192157,0.0001552072016141549,0.6746857054167313,1,8.227969829983705e-06,6.384660159077744e-07,0.002547889891101176,7.207721710689886e-06,5.586590975526825e-07,0.0022507454094475147,q_0p1__k_0p1,/mnt/home/sswee/yolk/Yolk-Sac-Flow-Data-and-Sim/gnn_clean/outputs/ac/02_physics_weight_sweep/H2/q_0p1__k_0p1/summary.csv,balanced,0.304703207012498,0.5827968764660687,0.015206384406009186,0.4272620109881504,0.02033724190372819,0.7494219594740125,0.37422662437589066,0.44375004173928334,0.513273459102676,0.29300329663798386,0.5*complex_flow_rmse_nl_s + 0.5*kirchhoff_rms_per_internal_node_nl_s,balanced,3,False,True,1,B1
/mnt/home/sswee/yolk/Yolk-Sac-Flow-Data-and-Sim/gnn_clean/datasets/harmonized_scaled_dataset.gpickle,/mnt/home/sswee/yolk/Yolk-Sac-Flow-Data-and-Sim/gnn_clean/outputs/dc/02_physics_weight_sweep/gnn/q_1__k_1__delta_1,loaded_from_b1_run_dir,taylor_ideal,Taylor-expanded ideal admittance,2,2.7733447429741864,17.425438940799154,34.85087788159831,0.001,0,0.0035,1,constrained_least_squares,1.0,1.0,100.0,numpy,4388,6443,0.14076036785737622,0.13118598277377685,77.74439880219515,5411,4.131397240613581e-06,0.44524551412360025,0.1437782781408332,0.634123803795095,0.28755655628166,0.975906187800963,1.610029991596058,1.2929680896985105,2.283602415981483,0.8830972299735927,2.283602415981483,1.4005051860078903,-37.99134304962611,64.81446715001638,102.8058101996425,True,8776,,,False,,,,,,,19600,8776,,1346.3148761457749,0.9775439880469283,9.775439880469281e-13,388.0219206609763,True,numpy_linalg_lstsq_real_mixed,2,0.0004058378166290685,normalized_phase_only_real_rows,0,-42.95393151675792,0.0012929232588134152,/mnt/home/sswee/yolk/Yolk-Sac-Flow-Data-and-Sim/gnn_clean/outputs/ac/02_physics_weight_sweep/H2/q_1__k_1,0.08655586207963088,0.0732129376370474,0.5832822312399212,0.023491963793452576,0.043357599854248724,0.11469035426859728,0.19630223569192157,0.0001552072016141549,0.6746857054167313,1,8.227969829983705e-06,6.384660159077744e-07,0.002547889891101176,7.207721710689886e-06,5.586590975526825e-07,0.0022507454094475147,q_1__k_1,/mnt/home/sswee/yolk/Yolk-Sac-Flow-Data-and-Sim/gnn_clean/outputs/ac/02_physics_weight_sweep/H2/q_1__k_1/summary.csv,balanced,0.30470153870435857,0.5827968437411536,0.015206384406009186,0.4272620109881504,0.02033724190372819,0.7494219594740125,0.3742253649635573,0.4437491912227561,0.5132730174819549,0.29300294099048824,0.5*complex_flow_rmse_nl_s + 0.5*kirchhoff_rms_per_internal_node_nl_s,balanced,2,False,True,2,B2
/mnt/home/sswee/yolk/Yolk-Sac-Flow-Data-and-Sim/gnn_clean/datasets/harmonized_scaled_dataset.gpickle,/mnt/home/sswee/yolk/Yolk-Sac-Flow-Data-and-Sim/gnn_clean/outputs/dc/02_physics_weight_sweep/gnn/q_1__k_1__delta_1,loaded_from_b1_run_dir,taylor_ideal,Taylor-expanded ideal admittance,2,2.7733447429741864,17.425438940799154,34.85087788159831,0.001,0,0.0035,1,constrained_least_squares,10.0,10.0,100.0,numpy,4388,6443,0.1407522614008179,0.13117859870857146,77.56288294604278,5411,4.131397240613581e-06,0.44524504264192105,1.1922063332573716,0.66428142298848,2.384412666514744,0.9640898215076253,1.6283712444961054,1.2962305330018653,2.32212974072352,0.8825257861050189,2.32212974072352,1.4396039546185013,-39.336492486800466,63.029261852605266,102.36575433940574,True,8776,,,False,,,,,,,19600,8776,,4257.421456388142,0.9775439880469283,9.775439880469281e-13,1714.9914741250104,True,numpy_linalg_lstsq_real_mixed,15,0.001918417957793587,normalized_phase_only_real_rows,0,-39.46316713912154,0.0012962497047230809,/mnt/home/sswee/yolk/Yolk-Sac-Flow-Data-and-Sim/gnn_clean/outputs/ac/02_physics_weight_sweep/H2/q_10__k_10,0.08655586207963088,0.0732129376370474,0.5832822312399212,0.023491963793452576,0.043357599854248724,0.11469035426859728,0.19630223569192157,0.0001552072016141549,0.6746857054167313,1,8.227969829983705e-06,6.384660159077744e-07,0.002547889891101176,7.207721710689886e-06,5.586590975526825e-07,0.0022507454094475147,q_10__k_10,/mnt/home/sswee/yolk/Yolk-Sac-Flow-Data-and-Sim/gnn_clean/outputs/ac/02_physics_weight_sweep/H2/q_10__k_10/summary.csv,balanced,0.3046818654951233,0.5827961970650296,0.015206384406009186,0.4272620109881504,0.02033724190372819,0.7494219594740125,0.37421044838759987,0.44373903128007647,0.513267614172553,0.2929986520213695,0.5*complex_flow_rmse_nl_s + 0.5*kirchhoff_rms_per_internal_node_nl_s,balanced,1,True,True,3,B3
/mnt/home/sswee/yolk/Yolk-Sac-Flow-Data-and-Sim/gnn_clean/datasets/harmonized_scaled_dataset.gpickle,/mnt/home/sswee/yolk/Yolk-Sac-Flow-Data-and-Sim/gnn_clean/outputs/dc/02_physics_weight_sweep/gnn/q_1__k_1__delta_1,loaded_from_b1_run_dir,taylor_ideal,Taylor-expanded ideal admittance,2,2.7733447429741864,17.425438940799154,34.85087788159831,0.001,0,0.0035,1,constrained_least_squares,100.0,100.0,100.0,numpy,4388,6443,0.14073625777047125,0.13116966435645078,76.82458179397024,5411,4.131397240613581e-06,0.4452471409777467,6.087438256807052,0.6671584197205269,12.174876513614105,0.9737522498582636,1.6409106695787905,1.307331459718527,2.3103088937660483,0.8863209891413638,2.3103088937660483,1.4239879046246844,-40.064530172238825,62.290082195604455,102.35461236784327,True,8776,,,False,,,,,,,19600,8776,,13463.148761457753,0.9775439880469283,9.775439880469281e-13,848.2126430129865,True,numpy_linalg_lstsq_real_mixed,7,0.0014194587574107524,normalized_phase_only_real_rows,0,-39.58097278876384,0.001307449693367469,/mnt/home/sswee/yolk/Yolk-Sac-Flow-Data-and-Sim/gnn_clean/outputs/ac/02_physics_weight_sweep/H2/q_100__k_100,0.08655586207963088,0.0732129376370474,0.5832822312399212,0.023491963793452576,0.043357599854248724,0.11469035426859728,0.19630223569192157,0.0001552072016141549,0.6746857054167313,1,8.227969829983705e-06,6.384660159077744e-07,0.002547889891101176,7.207721710689886e-06,5.586590975526825e-07,0.0022507454094475147,q_100__k_100,/mnt/home/sswee/yolk/Yolk-Sac-Flow-Data-and-Sim/gnn_clean/outputs/ac/02_physics_weight_sweep/H2/q_100__k_100/summary.csv,balanced,0.30464302697596657,0.5827990751061888,0.015206384406009186,0.4272620109881504,0.02033724190372819,0.7494219594740125,0.3741820390085221,0.4437210510410777,0.5132600630736333,0.29299169937410896,0.5*complex_flow_rmse_nl_s + 0.5*kirchhoff_rms_per_internal_node_nl_s,balanced,1,True,True,4,B4
/mnt/home/sswee/yolk/Yolk-Sac-Flow-Data-and-Sim/gnn_clean/datasets/harmonized_scaled_dataset.gpickle,/mnt/home/sswee/yolk/Yolk-Sac-Flow-Data-and-Sim/gnn_clean/outputs/dc/02_physics_weight_sweep/gnn/q_1__k_1__delta_1,loaded_from_b1_run_dir,taylor_ideal,Taylor-expanded ideal admittance,2,2.7733447429741864,17.425438940799154,34.85087788159831,0.001,0,0.0035,1,constrained_least_squares,0.1,100.0,100.0,numpy,4388,6443,0.44756276703156794,0.4416965924830597,102.18528824283632,5411,4.131397240613581e-06,0.0043722638813219,0.042802058900921494,0.16146693923471492,0.08560411780184299,0.23755136545942127,0.3990183046941362,0.31828483507677874,0.4195296125726067,0.0011082528247815004,0.4195296125726067,0.4184213597478252,-179.96685519262118,179.0634736489312,359.0303288415524,True,8776,,,False,,,,,,,19600,8776,,8783.860225706825,0.9775439880469283,9.775439880469281e-13,398.8447463029879,True,numpy_linalg_lstsq_real_mixed,2,0.0003705026630084242,normalized_phase_only_real_rows,0,17.936259007207,0.00031827564254667865,/mnt/home/sswee/yolk/Yolk-Sac-Flow-Data-and-Sim/gnn_clean/outputs/ac/02_physics_weight_sweep/H2/q_0p1__k_100,0.08655586207963088,0.0732129376370474,0.5832822312399212,0.023491963793452576,0.043357599854248724,0.11469035426859728,0.19630223569192157,0.0001552072016141549,0.6746857054167313,1,8.227969829983705e-06,6.384660159077744e-07,0.002547889891101176,7.207721710689886e-06,5.586590975526825e-07,0.0022507454094475147,q_0p1__k_100,/mnt/home/sswee/yolk/Yolk-Sac-Flow-Data-and-Sim/gnn_clean/outputs/ac/02_physics_weight_sweep/H2/q_0p1__k_100/summary.csv,conservation_prioritized,1.0,0.0,0.015206384406009186,0.4272620109881504,0.02033724190372819,0.7494219594740125,0.75,0.5,0.25,0.1151698896688834,0.25*complex_flow_rmse_nl_s + 0.75*kirchhoff_rms_per_internal_node_nl_s,conservation_prioritized,1,True,True,1,K1
/mnt/home/sswee/yolk/Yolk-Sac-Flow-Data-and-Sim/gnn_clean/datasets/harmonized_scaled_dataset.gpickle,/mnt/home/sswee/yolk/Yolk-Sac-Flow-Data-and-Sim/gnn_clean/outputs/dc/02_physics_weight_sweep/gnn/q_1__k_1__delta_1,loaded_from_b1_run_dir,taylor_ideal,Taylor-expanded ideal admittance,2,2.7733447429741864,17.425438940799154,34.85087788159831,0.001,0,0.0035,1,constrained_least_squares,0.1,10.0,100.0,numpy,4388,6443,0.4204950923070112,0.4027005811302775,94.88895284308326,5411,4.131397240613581e-06,0.02565906427409679,0.01941706817690657,0.16198441190883633,0.0388341363538195,0.13260941275725335,0.2945938246660897,0.21360161871167152,1.2109219229644177,0.004170824464396975,1.2109219229644177,1.2067510985000207,-179.64655353567926,179.92554722784945,359.5721007635287,True,8776,,,False,,,,,,,19600,8776,,2794.331416422512,0.9775439880469283,9.775439880469281e-13,395.3886042489903,True,numpy_linalg_lstsq_real_mixed,2,0.0002073550650385371,normalized_phase_only_real_rows,0,50.8862886447299,0.0002135382618198512,/mnt/home/sswee/yolk/Yolk-Sac-Flow-Data-and-Sim/gnn_clean/outputs/ac/02_physics_weight_sweep/H2/q_0p1__k_10,0.08655586207963088,0.0732129376370474,0.5832822312399212,0.023491963793452576,0.043357599854248724,0.11469035426859728,0.19630223569192157,0.0001552072016141549,0.6746857054167313,1,8.227969829983705e-06,6.384660159077744e-07,0.002547889891101176,7.207721710689886e-06,5.586590975526825e-07,0.0022507454094475147,q_0p1__k_10,/mnt/home/sswee/yolk/Yolk-Sac-Flow-Data-and-Sim/gnn_clean/outputs/ac/02_physics_weight_sweep/H2/q_0p1__k_10/summary.csv,conservation_prioritized,0.9835776573729414,0.007299319601848016,0.015206384406009186,0.4272620109881504,0.02033724190372819,0.7494219594740125,0.7395080729301681,0.49543848848739475,0.25136890404462137,0.1243680712823254,0.25*complex_flow_rmse_nl_s + 0.75*kirchhoff_rms_per_internal_node_nl_s,conservation_prioritized,2,False,True,2,K2
/mnt/home/sswee/yolk/Yolk-Sac-Flow-Data-and-Sim/gnn_clean/datasets/harmonized_scaled_dataset.gpickle,/mnt/home/sswee/yolk/Yolk-Sac-Flow-Data-and-Sim/gnn_clean/outputs/dc/02_physics_weight_sweep/gnn/q_1__k_1__delta_1,loaded_from_b1_run_dir,taylor_ideal,Taylor-expanded ideal admittance,2,2.7733447429741864,17.425438940799154,34.85087788159831,0.001,0,0.0035,1,constrained_least_squares,1.0,100.0,100.0,numpy,4388,6443,0.4204943855993923,0.40270013383624587,94.87855949431463,5411,4.131397240613581e-06,0.025658901244530283,0.19332733152612974,0.1662434104669411,0.3866546630522595,0.13128087067409824,0.29752428114103935,0.21440257590756878,1.210794461130315,0.0036168363849012944,1.210794461130315,1.2071776247454136,-179.18871594398956,179.9741184275478,359.1628343715374,True,8776,,,False,,,,,,,19600,8776,,8836.451813259575,0.9775439880469283,9.775439880469281e-13,369.85358158301096,True,numpy_linalg_lstsq_real_mixed,3,0.0009326109311830587,normalized_phase_only_real_rows,0,50.430541549571295,0.0002141644116220164,/mnt/home/sswee/yolk/Yolk-Sac-Flow-Data-and-Sim/gnn_clean/outputs/ac/02_physics_weight_sweep/H2/q_1__k_100,0.08655586207963088,0.0732129376370474,0.5832822312399212,0.023491963793452576,0.043357599854248724,0.11469035426859728,0.19630223569192157,0.0001552072016141549,0.6746857054167313,1,8.227969829983705e-06,6.384660159077744e-07,0.002547889891101176,7.207721710689886e-06,5.586590975526825e-07,0.0022507454094475147,q_1__k_100,/mnt/home/sswee/yolk/Yolk-Sac-Flow-Data-and-Sim/gnn_clean/outputs/ac/02_physics_weight_sweep/H2/q_1__k_100/summary.csv,conservation_prioritized,0.9835759422947498,0.007299095993311755,0.015206384406009186,0.4272620109881504,0.02033724190372819,0.7494219594740125,0.7395067307193902,0.4954375191440308,0.25136830756867123,0.12436777233324578,0.25*complex_flow_rmse_nl_s + 0.75*kirchhoff_rms_per_internal_node_nl_s,conservation_prioritized,1,True,True,3,K3
/mnt/home/sswee/yolk/Yolk-Sac-Flow-Data-and-Sim/gnn_clean/datasets/harmonized_scaled_dataset.gpickle,/mnt/home/sswee/yolk/Yolk-Sac-Flow-Data-and-Sim/gnn_clean/outputs/dc/02_physics_weight_sweep/gnn/q_1__k_1__delta_1,loaded_from_b1_run_dir,taylor_ideal,Taylor-expanded ideal admittance,2,2.7733447429741864,17.425438940799154,34.85087788159831,0.001,0,0.0035,1,constrained_least_squares,0.1,1.0,100.0,numpy,4388,6443,0.3304980177129116,0.30661726748887425,88.48291618596821,5411,4.131397240613581e-06,0.13451708858338693,0.012982980680001147,0.5469732003297151,0.0259659613600023,0.07345080034277732,0.6204240006724924,0.34693740050763483,2.059829574785374,0.05485039703780022,2.059829574785374,2.004979177747574,-152.1390278131256,176.27083024922013,328.40985806234573,True,8776,,,False,,,,,,,19600,8776,,934.7351385109938,0.9775439880469283,9.775439880469281e-13,396.3943496660213,True,numpy_linalg_lstsq_real_mixed,2,8.598555066349114e-05,normalized_phase_only_real_rows,0,-64.57806493364602,0.0003468438199826506,/mnt/home/sswee/yolk/Yolk-Sac-Flow-Data-and-Sim/gnn_clean/outputs/ac/02_physics_weight_sweep/H2/q_0p1__k_1,0.08655586207963088,0.0732129376370474,0.5832822312399212,0.023491963793452576,0.043357599854248724,0.11469035426859728,0.19630223569192157,0.0001552072016141549,0.6746857054167313,1,8.227969829983705e-06,6.384660159077744e-07,0.002547889891101176,7.207721710689886e-06,5.586590975526825e-07,0.0022507454094475147,q_0p1__k_1,/mnt/home/sswee/yolk/Yolk-Sac-Flow-Data-and-Sim/gnn_clean/outputs/ac/02_physics_weight_sweep/H2/q_0p1__k_1/summary.csv,conservation_prioritized,0.7651676447719871,0.15660710467251254,0.015206384406009186,0.4272620109881504,0.02033724190372819,0.7494219594740125,0.6130275097471185,0.46088737472224983,0.30874723969738116,0.18351232086576807,0.25*complex_flow_rmse_nl_s + 0.75*kirchhoff_rms_per_internal_node_nl_s,conservation_prioritized,3,False,True,4,K4
