graph_path,b1_run_dir,b1_artifact_mode,model_name,model_label,harmonic_number,f0_hz,omega0_rad_s,omega_n_rad_s,D0,alpha,viscosity_pa_s,boundary_amplitude_scale,arterial_boundary_mode,venous_boundary_mode,pressure_solver_mode,lambda_q,lambda_k,lambda_b,use_observed_flow_snr_weighting,lstsq_backend,n_nodes,n_edges,boundary_mapping_count_total,boundary_mapping_count_active,arterial_boundary_count_total,arterial_boundary_count_active,phase_constraint_node_count,snr_weight_p10,snr_weight_p05_clip,snr_weight_p95_clip,snr_weight_median_clipped,complex_flow_rmse_nl_s,flow_amplitude_rmse_nl_s,flow_phase_rmse_deg,phase_eval_edge_count,phase_eval_amplitude_threshold_nl_s,kirchhoff_rms_per_internal_node_nl_s,common_arterial_pressure_phase_residual_deg,arterial_pressure_amplitude_difference_pa,arterial_pressure_phase_difference_deg,arterial_pressure_amplitude_min_pa,arterial_pressure_amplitude_max_pa,arterial_pressure_amplitude_mean_pa,global_pressure_amplitude_max_pa,pressure_amplitude_min_pa,pressure_amplitude_max_pa,pressure_amplitude_range_pa,pressure_phase_min_deg,pressure_phase_max_deg,pressure_phase_range_deg,harmonic_matrix_full_rank,harmonic_matrix_rank,harmonic_matrix_condition_number,harmonic_matrix_ones_residual_norm,gauge_applied,gauge_reason,direct_system_residual_norm,max_abs_kirchhoff_residual_m3_s,rms_kirchhoff_residual_m3_s,relative_direct_residual,relative_pressure_difference,matrix_rows,matrix_cols,min_singular_value,max_singular_value,net_boundary_injection_abs_nl_s,net_boundary_injection_abs_m3_s,runtime_seconds,solver_success,pressure_solver_backend,phase_iterations_used,phase_iteration_relative_change,phase_constraint_kind,arterial_antiphase_count,common_arterial_phase_deg,phase_constraint_amplitude_floor_pa,run_dir,abs_kL_mean,abs_kL_median,abs_kL_max,abs_kL_p05,abs_kL_p25,abs_kL_p75,abs_kL_p95,abs_kL_fraction_lt_0p01,abs_kL_fraction_lt_0p1,abs_kL_fraction_lt_1,rel_error_Ys_mean,rel_error_Ys_median,rel_error_Ys_max,rel_error_Yt_mean,rel_error_Yt_median,rel_error_Yt_max,run_name,summary_path,weighting_regime,flow_rmse_rank_scaled,kirchhoff_rms_rank_scaled,flow_rmse_p05,flow_rmse_p95,kirchhoff_rms_p05,kirchhoff_rms_p95,score_flow_prioritized,score_balanced,score_conservation_prioritized,selection_score,selection_score_formula,selection_score_regime,pareto_rank,is_pareto_front,selected_representative,selection_rank_within_regime,plot_label
/mnt/home/sswee/yolk/Yolk-Sac-Flow-Data-and-Sim/gnn_clean/datasets_upload/harmonized_scaled_dataset.gpickle,/mnt/home/sswee/yolk/Yolk-Sac-Flow-Data-and-Sim/gnn_clean/outputs_harmonized/dc/02_physics_weight_sweep/gnn/q_10__k_10__delta_0p1,loaded_from_b1_run_dir,full_ideal,Full ideal admittance,1,2.7733447429741864,17.425438940799154,17.425438940799154,0.001,0,0.0035,1,all,observed,constrained_least_squares,100.0,10.0,100.0,True,torch,4388,6443,4,4,2,2,2,1.0215429614010159,1,43.911099063797664,4.029301575658415,0.041854981310473674,0.03748317284711672,65.84624713112711,5411,1.0067006424899968e-05,0.5946099664682104,3.1144996330371075,0.2399407533963982,6.2289992660742115,1.9867092632081949,2.226650016604593,2.106679639906394,2.226650016604593,0.9263630443110633,2.226650016604593,1.3002869722935297,-15.842897259072638,43.632230271643145,59.47512753071579,True,8776,,,False,,,,,,,19600,8776,,16690.259722709936,2.0926677318120515,2.0926677318120514e-12,12.285997561004478,True,torch_linalg_lstsq_real_mixed_cuda,12,0.0018911538852868443,normalized_phase_only_real_rows,0,-18.34593045154662,0.002106758183248092,/mnt/home/sswee/yolk/Yolk-Sac-Flow-Data-and-Sim/gnn_clean/outputs_harmonized/ac/02_physics_weight_sweep_q10_k10_delta0p1/H1/q_100__k_10,0.06120423702795453,0.05176936467374403,0.4124428210553681,0.016611326901739165,0.030658452872912138,0.08109832724001262,0.13880664201983767,0.0024833152258264784,0.8491386000310415,1,2.05874950536307e-06,1.5961678869651405e-07,0.000641511996488677,1.8019245107063057e-06,1.3966477336592355e-07,0.0005626709531122682,q_100__k_10,/mnt/home/sswee/yolk/Yolk-Sac-Flow-Data-and-Sim/gnn_clean/outputs_harmonized/ac/02_physics_weight_sweep_q10_k10_delta0p1/H1/q_100__k_10/summary.csv,flow_prioritized,0.063079982247794,0.8460087071985689,0.016972327936929314,0.41143428697488615,0.015941797436128727,0.6999396855290948,0.25881216348548775,0.45454434472318145,0.6502765259608752,0.18004372759990786,0.75*complex_flow_rmse_nl_s + 0.25*kirchhoff_rms_per_internal_node_nl_s,flow_prioritized,1,True,True,1,F1
/mnt/home/sswee/yolk/Yolk-Sac-Flow-Data-and-Sim/gnn_clean/datasets_upload/harmonized_scaled_dataset.gpickle,/mnt/home/sswee/yolk/Yolk-Sac-Flow-Data-and-Sim/gnn_clean/outputs_harmonized/dc/02_physics_weight_sweep/gnn/q_10__k_10__delta_0p1,loaded_from_b1_run_dir,full_ideal,Full ideal admittance,1,2.7733447429741864,17.425438940799154,17.425438940799154,0.001,0,0.0035,1,all,observed,constrained_least_squares,10.0,1.0,100.0,True,torch,4388,6443,4,4,2,2,2,1.0215429614010159,1,43.911099063797664,4.029301575658415,0.041857562813531486,0.037479413100595,65.84676091144765,5411,1.0067006424899968e-05,0.5946474040697345,0.8955741445529473,0.23148231269340513,1.7911482891058945,2.0244924910666664,2.2559748037600715,2.140233647413369,2.2559748037600715,0.963855172957381,2.2559748037600715,1.2921196308026905,-16.49354275903589,41.458846762220524,57.952389521256414,True,8776,,,False,,,,,,,19600,8776,,5277.923546353371,2.0926677318120515,2.0926677318120514e-12,8.302902746014297,True,torch_linalg_lstsq_real_mixed_cuda,2,0.0011537228828431229,normalized_phase_only_real_rows,0,-17.10091175475259,0.002140776146349225,/mnt/home/sswee/yolk/Yolk-Sac-Flow-Data-and-Sim/gnn_clean/outputs_harmonized/ac/02_physics_weight_sweep_q10_k10_delta0p1/H1/q_10__k_1,0.06120423702795453,0.05176936467374403,0.4124428210553681,0.016611326901739165,0.030658452872912138,0.08109832724001262,0.13880664201983767,0.0024833152258264784,0.8491386000310415,1,2.05874950536307e-06,1.5961678869651405e-07,0.000641511996488677,1.8019245107063057e-06,1.3966477336592355e-07,0.0005626709531122682,q_10__k_1,/mnt/home/sswee/yolk/Yolk-Sac-Flow-Data-and-Sim/gnn_clean/outputs_harmonized/ac/02_physics_weight_sweep_q10_k10_delta0p1/H1/q_10__k_1/summary.csv,flow_prioritized,0.06308652661284281,0.8460634407031248,0.016972327936929314,0.41143428697488615,0.015941797436128727,0.6999396855290948,0.2588307551354133,0.45457498365798377,0.6503192121805543,0.18005502312758223,0.75*complex_flow_rmse_nl_s + 0.25*kirchhoff_rms_per_internal_node_nl_s,flow_prioritized,2,False,True,2,F2
/mnt/home/sswee/yolk/Yolk-Sac-Flow-Data-and-Sim/gnn_clean/datasets_upload/harmonized_scaled_dataset.gpickle,/mnt/home/sswee/yolk/Yolk-Sac-Flow-Data-and-Sim/gnn_clean/outputs_harmonized/dc/02_physics_weight_sweep/gnn/q_10__k_10__delta_0p1,loaded_from_b1_run_dir,full_ideal,Full ideal admittance,1,2.7733447429741864,17.425438940799154,17.425438940799154,0.001,0,0.0035,1,all,observed,constrained_least_squares,1.0,0.1,100.0,True,torch,4388,6443,4,4,2,2,2,1.0215429614010159,1,43.911099063797664,4.029301575658415,0.041861493443601364,0.0374792657757388,65.85578186936624,5411,1.0067006424899968e-05,0.5946622766405423,0.11057361073975874,0.2311732800069226,0.22114722147951751,2.037114865500533,2.2682881455074555,2.152701505503994,2.2682881455074555,0.9765860252092431,2.2682881455074555,1.2917021202982124,-16.745644698902577,40.73724460108957,57.482889299992145,True,8776,,,False,,,,,,,19600,8776,,1669.025972270993,2.0926677318120515,2.0926677318120514e-12,7.842961298010778,True,torch_linalg_lstsq_real_mixed_cuda,2,0.00015626688806755226,normalized_phase_only_real_rows,0,-17.060207078484964,0.0021528046865851957,/mnt/home/sswee/yolk/Yolk-Sac-Flow-Data-and-Sim/gnn_clean/outputs_harmonized/ac/02_physics_weight_sweep_q10_k10_delta0p1/H1/q_1__k_0p1,0.06120423702795453,0.05176936467374403,0.4124428210553681,0.016611326901739165,0.030658452872912138,0.08109832724001262,0.13880664201983767,0.0024833152258264784,0.8491386000310415,1,2.05874950536307e-06,1.5961678869651405e-07,0.000641511996488677,1.8019245107063057e-06,1.3966477336592355e-07,0.0005626709531122682,q_1__k_0p1,/mnt/home/sswee/yolk/Yolk-Sac-Flow-Data-and-Sim/gnn_clean/outputs_harmonized/ac/02_physics_weight_sweep_q10_k10_delta0p1/H1/q_1__k_0p1/summary.csv,flow_prioritized,0.06309649114802755,0.8460851842948327,0.016972327936929314,0.41143428697488615,0.015941797436128727,0.6999396855290948,0.25884366443472884,0.4545908377214301,0.6503380110081314,0.1800616892428366,0.75*complex_flow_rmse_nl_s + 0.25*kirchhoff_rms_per_internal_node_nl_s,flow_prioritized,3,False,True,3,F3
/mnt/home/sswee/yolk/Yolk-Sac-Flow-Data-and-Sim/gnn_clean/datasets_upload/harmonized_scaled_dataset.gpickle,/mnt/home/sswee/yolk/Yolk-Sac-Flow-Data-and-Sim/gnn_clean/outputs_harmonized/dc/02_physics_weight_sweep/gnn/q_10__k_10__delta_0p1,loaded_from_b1_run_dir,full_ideal,Full ideal admittance,1,2.7733447429741864,17.425438940799154,17.425438940799154,0.001,0,0.0035,1,all,observed,constrained_least_squares,100.0,1.0,100.0,True,torch,4388,6443,4,4,2,2,2,1.0215429614010159,1,43.911099063797664,4.029301575658415,0.0177007253393302,0.01423143748162273,59.034135684386904,5411,1.0067006424899968e-05,0.67720645489423,1.4168031021022964,0.0810734476470194,2.8336062042045937,2.4603258334957494,2.541399281142769,2.500862557319259,2.541399281142769,1.3705144927012438,2.541399281142769,1.170884788441525,-16.751653260477397,26.413452909391207,43.1651061698686,True,8776,,,False,,,,,,,19600,8776,,16486.58087570009,2.0926677318120515,2.0926677318120514e-12,6.595923971035518,True,torch_linalg_lstsq_real_mixed_cuda,2,0.000534103913159406,normalized_phase_only_real_rows,0,-4.952255593629477,0.0025011462739177787,/mnt/home/sswee/yolk/Yolk-Sac-Flow-Data-and-Sim/gnn_clean/outputs_harmonized/ac/02_physics_weight_sweep_q10_k10_delta0p1/H1/q_100__k_1,0.06120423702795453,0.05176936467374403,0.4124428210553681,0.016611326901739165,0.030658452872912138,0.08109832724001262,0.13880664201983767,0.0024833152258264784,0.8491386000310415,1,2.05874950536307e-06,1.5961678869651405e-07,0.000641511996488677,1.8019245107063057e-06,1.3966477336592355e-07,0.0005626709531122682,q_100__k_1,/mnt/home/sswee/yolk/Yolk-Sac-Flow-Data-and-Sim/gnn_clean/outputs_harmonized/ac/02_physics_weight_sweep_q10_k10_delta0p1/H1/q_100__k_1/summary.csv,flow_prioritized,0.0018465593087286676,0.9667641800792008,0.016972327936929314,0.41143428697488615,0.015941797436128727,0.6999396855290948,0.24307596450134672,0.48430536969396476,0.7255347748865828,0.18257715772805516,0.75*complex_flow_rmse_nl_s + 0.25*kirchhoff_rms_per_internal_node_nl_s,flow_prioritized,1,True,True,4,F4
/mnt/home/sswee/yolk/Yolk-Sac-Flow-Data-and-Sim/gnn_clean/datasets_upload/harmonized_scaled_dataset.gpickle,/mnt/home/sswee/yolk/Yolk-Sac-Flow-Data-and-Sim/gnn_clean/outputs_harmonized/dc/02_physics_weight_sweep/gnn/q_10__k_10__delta_0p1,loaded_from_b1_run_dir,full_ideal,Full ideal admittance,1,2.7733447429741864,17.425438940799154,17.425438940799154,0.001,0,0.0035,1,all,observed,constrained_least_squares,100.0,100.0,100.0,True,torch,4388,6443,4,4,2,2,2,1.0215429614010159,1,43.911099063797664,4.029301575658415,0.17454129495869844,0.16082897616525754,75.35772232295396,5411,1.0067006424899968e-05,0.348287202829701,3.6625562886358587,0.5181798802835043,7.3251125772717165,0.9497647466433852,1.4679446269268894,1.2088546867851373,1.6635792266472398,0.11991411476351231,1.6635792266472398,1.5436651118837275,-131.39877786431487,174.1165681070595,305.51534597137436,True,8776,,,False,,,,,,,19600,8776,,18614.797726507677,2.0926677318120515,2.0926677318120514e-12,15.46889260597527,True,torch_linalg_lstsq_real_mixed_cuda,17,0.0019138003687208202,normalized_phase_only_real_rows,0,-42.862924124260324,0.0012090410234266264,/mnt/home/sswee/yolk/Yolk-Sac-Flow-Data-and-Sim/gnn_clean/outputs_harmonized/ac/02_physics_weight_sweep_q10_k10_delta0p1/H1/q_100__k_100,0.06120423702795453,0.05176936467374403,0.4124428210553681,0.016611326901739165,0.030658452872912138,0.08109832724001262,0.13880664201983767,0.0024833152258264784,0.8491386000310415,1,2.05874950536307e-06,1.5961678869651405e-07,0.000641511996488677,1.8019245107063057e-06,1.3966477336592355e-07,0.0005626709531122682,q_100__k_100,/mnt/home/sswee/yolk/Yolk-Sac-Flow-Data-and-Sim/gnn_clean/outputs_harmonized/ac/02_physics_weight_sweep_q10_k10_delta0p1/H1/q_100__k_100/summary.csv,balanced,0.3994528836343561,0.4858865958200171,0.016972327936929314,0.41143428697488615,0.015941797436128727,0.6999396855290948,0.4210613116807714,0.4426697397271866,0.4642781677736018,0.26141424889419973,0.5*complex_flow_rmse_nl_s + 0.5*kirchhoff_rms_per_internal_node_nl_s,balanced,1,True,True,1,B1
/mnt/home/sswee/yolk/Yolk-Sac-Flow-Data-and-Sim/gnn_clean/datasets_upload/harmonized_scaled_dataset.gpickle,/mnt/home/sswee/yolk/Yolk-Sac-Flow-Data-and-Sim/gnn_clean/outputs_harmonized/dc/02_physics_weight_sweep/gnn/q_10__k_10__delta_0p1,loaded_from_b1_run_dir,full_ideal,Full ideal admittance,1,2.7733447429741864,17.425438940799154,17.425438940799154,0.001,0,0.0035,1,all,observed,constrained_least_squares,10.0,10.0,100.0,True,torch,4388,6443,4,4,2,2,2,1.0215429614010159,1,43.911099063797664,4.029301575658415,0.17454105912200105,0.16082846312895854,75.56148377511855,5411,1.0067006424899968e-05,0.348295454580651,0.7739524181316593,0.501720121798846,1.5479048362633188,0.9642487982571256,1.4659689200559716,1.2151088591565486,1.633840667100926,0.12387357016478794,1.633840667100926,1.509967096936138,-141.44828051256195,163.5340346486443,304.98231516120626,True,8776,,,False,,,,,,,19600,8776,,5886.515899908837,2.0926677318120515,2.0926677318120514e-12,20.132397469016723,False,torch_linalg_lstsq_real_mixed_cuda,20,0.002558823555420525,normalized_phase_only_real_rows,0,-40.174420775558325,0.0012151993876613055,/mnt/home/sswee/yolk/Yolk-Sac-Flow-Data-and-Sim/gnn_clean/outputs_harmonized/ac/02_physics_weight_sweep_q10_k10_delta0p1/H1/q_10__k_10,0.06120423702795453,0.05176936467374403,0.4124428210553681,0.016611326901739165,0.030658452872912138,0.08109832724001262,0.13880664201983767,0.0024833152258264784,0.8491386000310415,1,2.05874950536307e-06,1.5961678869651405e-07,0.000641511996488677,1.8019245107063057e-06,1.3966477336592355e-07,0.0005626709531122682,q_10__k_10,/mnt/home/sswee/yolk/Yolk-Sac-Flow-Data-and-Sim/gnn_clean/outputs_harmonized/ac/02_physics_weight_sweep_q10_k10_delta0p1/H1/q_10__k_10/summary.csv,balanced,0.3994522857650509,0.4858986598206429,0.016972327936929314,0.41143428697488615,0.015941797436128727,0.6999396855290948,0.4210638792789489,0.4426754727928469,0.4642870663067449,0.261418256851326,0.5*complex_flow_rmse_nl_s + 0.5*kirchhoff_rms_per_internal_node_nl_s,balanced,1,True,True,2,B2
/mnt/home/sswee/yolk/Yolk-Sac-Flow-Data-and-Sim/gnn_clean/datasets_upload/harmonized_scaled_dataset.gpickle,/mnt/home/sswee/yolk/Yolk-Sac-Flow-Data-and-Sim/gnn_clean/outputs_harmonized/dc/02_physics_weight_sweep/gnn/q_10__k_10__delta_0p1,loaded_from_b1_run_dir,full_ideal,Full ideal admittance,1,2.7733447429741864,17.425438940799154,17.425438940799154,0.001,0,0.0035,1,all,observed,constrained_least_squares,1.0,1.0,100.0,True,torch,4388,6443,4,4,2,2,2,1.0215429614010159,1,43.911099063797664,4.029301575658415,0.1745394562452612,0.16082786891850653,75.6231079583881,5411,1.0067006424899968e-05,0.34830124887096786,0.09259337263061804,0.48474023195807836,0.18518674526123605,0.9746133853759026,1.459353617333981,1.2169835013549417,1.6130041416068588,0.13517929522158034,1.6130041416068588,1.4778248463852783,-155.4716924019724,158.2378557076199,313.70954810959233,True,8776,,,False,,,,,,,19600,8776,,1861.4797726507677,2.0926677318120515,2.0926677318120514e-12,7.363328421022743,True,torch_linalg_lstsq_real_mixed_cuda,2,0.000393195232288507,normalized_phase_only_real_rows,0,-37.40719027174,0.0012169790419942791,/mnt/home/sswee/yolk/Yolk-Sac-Flow-Data-and-Sim/gnn_clean/outputs_harmonized/ac/02_physics_weight_sweep_q10_k10_delta0p1/H1/q_1__k_1,0.06120423702795453,0.05176936467374403,0.4124428210553681,0.016611326901739165,0.030658452872912138,0.08109832724001262,0.13880664201983767,0.0024833152258264784,0.8491386000310415,1,2.05874950536307e-06,1.5961678869651405e-07,0.000641511996488677,1.8019245107063057e-06,1.3966477336592355e-07,0.0005626709531122682,q_1__k_1,/mnt/home/sswee/yolk/Yolk-Sac-Flow-Data-and-Sim/gnn_clean/outputs_harmonized/ac/02_physics_weight_sweep_q10_k10_delta0p1/H1/q_1__k_1/summary.csv,balanced,0.39944822231430965,0.48590713103147226,0.016972327936929314,0.41143428697488615,0.015941797436128727,0.6999396855290948,0.4210629494936003,0.44267767667289093,0.4642924038521816,0.2614203525581145,0.5*complex_flow_rmse_nl_s + 0.5*kirchhoff_rms_per_internal_node_nl_s,balanced,1,True,True,3,B3
/mnt/home/sswee/yolk/Yolk-Sac-Flow-Data-and-Sim/gnn_clean/datasets_upload/harmonized_scaled_dataset.gpickle,/mnt/home/sswee/yolk/Yolk-Sac-Flow-Data-and-Sim/gnn_clean/outputs_harmonized/dc/02_physics_weight_sweep/gnn/q_10__k_10__delta_0p1,loaded_from_b1_run_dir,full_ideal,Full ideal admittance,1,2.7733447429741864,17.425438940799154,17.425438940799154,0.001,0,0.0035,1,all,observed,constrained_least_squares,0.1,0.1,100.0,True,torch,4388,6443,4,4,2,2,2,1.0215429614010159,1,43.911099063797664,4.029301575658415,0.1745395728647955,0.16082791103256974,75.62982944311855,5411,1.0067006424899968e-05,0.3483014603811931,0.009367258745498633,0.48462202512241803,0.01873451749100363,0.9748238941195657,1.4594459192419837,1.2171349066807746,1.6131280017953225,0.13544149745036022,1.6131280017953225,1.4776865043449623,-155.59138578248564,158.16861772201338,313.760003504499,True,8776,,,False,,,,,,,19600,8776,,588.6515899908835,2.0926677318120515,2.0926677318120514e-12,8.49434932899021,True,torch_linalg_lstsq_real_mixed_cuda,2,3.990262055877132e-05,normalized_phase_only_real_rows,0,-37.389976165230344,0.0012171344631089582,/mnt/home/sswee/yolk/Yolk-Sac-Flow-Data-and-Sim/gnn_clean/outputs_harmonized/ac/02_physics_weight_sweep_q10_k10_delta0p1/H1/q_0p1__k_0p1,0.06120423702795453,0.05176936467374403,0.4124428210553681,0.016611326901739165,0.030658452872912138,0.08109832724001262,0.13880664201983767,0.0024833152258264784,0.8491386000310415,1,2.05874950536307e-06,1.5961678869651405e-07,0.000641511996488677,1.8019245107063057e-06,1.3966477336592355e-07,0.0005626709531122682,q_0p1__k_0p1,/mnt/home/sswee/yolk/Yolk-Sac-Flow-Data-and-Sim/gnn_clean/outputs_harmonized/ac/02_physics_weight_sweep_q10_k10_delta0p1/H1/q_0p1__k_0p1/summary.csv,balanced,0.3994485179563395,0.4859074402579025,0.016972327936929314,0.41143428697488615,0.015941797436128727,0.6999396855290948,0.4210632485317302,0.44267797910712103,0.4642927096825118,0.26142051662299426,0.5*complex_flow_rmse_nl_s + 0.5*kirchhoff_rms_per_internal_node_nl_s,balanced,2,False,True,4,B4
/mnt/home/sswee/yolk/Yolk-Sac-Flow-Data-and-Sim/gnn_clean/datasets_upload/harmonized_scaled_dataset.gpickle,/mnt/home/sswee/yolk/Yolk-Sac-Flow-Data-and-Sim/gnn_clean/outputs_harmonized/dc/02_physics_weight_sweep/gnn/q_10__k_10__delta_0p1,loaded_from_b1_run_dir,full_ideal,Full ideal admittance,1,2.7733447429741864,17.425438940799154,17.425438940799154,0.001,0,0.0035,1,all,observed,constrained_least_squares,0.1,1.0,100.0,True,torch,4388,6443,4,4,2,2,2,1.0215429614010159,1,43.911099063797664,4.029301575658415,0.3356265280309621,0.3083561332188702,89.20526030018637,5411,1.0067006424899968e-05,0.09774881553565493,0.0018002727625874965,0.6186393557537071,0.0036005455251749926,0.174090386333745,0.7927297420874521,0.4834100642105985,1.4636935001236517,0.0800557949005089,1.4636935001236517,1.3836377052231428,-97.45036564754312,73.01407007961627,170.4644357271594,True,8776,,,False,,,,,,,19600,8776,,1017.9040887274217,2.0926677318120515,2.0926677318120514e-12,7.057595666992711,True,torch_linalg_lstsq_real_mixed_cuda,2,1.335244415085059e-05,normalized_phase_only_real_rows,0,-71.5959353250383,0.0004834095347210977,/mnt/home/sswee/yolk/Yolk-Sac-Flow-Data-and-Sim/gnn_clean/outputs_harmonized/ac/02_physics_weight_sweep_q10_k10_delta0p1/H1/q_0p1__k_1,0.06120423702795453,0.05176936467374403,0.4124428210553681,0.016611326901739165,0.030658452872912138,0.08109832724001262,0.13880664201983767,0.0024833152258264784,0.8491386000310415,1,2.05874950536307e-06,1.5961678869651405e-07,0.000641511996488677,1.8019245107063057e-06,1.3966477336592355e-07,0.0005626709531122682,q_0p1__k_1,/mnt/home/sswee/yolk/Yolk-Sac-Flow-Data-and-Sim/gnn_clean/outputs_harmonized/ac/02_physics_weight_sweep_q10_k10_delta0p1/H1/q_0p1__k_1/summary.csv,conservation_prioritized,0.8078198487661278,0.11960127293318097,0.016972327936929314,0.41143428697488615,0.015941797436128727,0.6999396855290948,0.635765204807891,0.4637105608496544,0.2916559168914177,0.15721824365948173,0.25*complex_flow_rmse_nl_s + 0.75*kirchhoff_rms_per_internal_node_nl_s,conservation_prioritized,1,True,True,1,K1
/mnt/home/sswee/yolk/Yolk-Sac-Flow-Data-and-Sim/gnn_clean/datasets_upload/harmonized_scaled_dataset.gpickle,/mnt/home/sswee/yolk/Yolk-Sac-Flow-Data-and-Sim/gnn_clean/outputs_harmonized/dc/02_physics_weight_sweep/gnn/q_10__k_10__delta_0p1,loaded_from_b1_run_dir,full_ideal,Full ideal admittance,1,2.7733447429741864,17.425438940799154,17.425438940799154,0.001,0,0.0035,1,all,observed,constrained_least_squares,1.0,10.0,100.0,True,torch,4388,6443,4,4,2,2,2,1.0215429614010159,1,43.911099063797664,4.029301575658415,0.33562655224300847,0.30835615469325256,89.20453365559219,5411,1.0067006424899968e-05,0.09774879886539042,0.017873776792974496,0.6186591116316325,0.03574755358594899,0.17408285450260186,0.7927419661342343,0.4834124103184181,1.4637176526618085,0.08008433403552402,1.4637176526618085,1.3836333186262846,-97.4306846344906,72.94603669477515,170.37672132926576,True,8776,,,False,,,,,,,19600,8776,,3218.895359976778,2.0926677318120515,2.0926677318120514e-12,7.341755080997245,True,torch_linalg_lstsq_real_mixed_cuda,2,0.00013220042709462056,normalized_phase_only_real_rows,0,-71.60809694644296,0.00048340715297057305,/mnt/home/sswee/yolk/Yolk-Sac-Flow-Data-and-Sim/gnn_clean/outputs_harmonized/ac/02_physics_weight_sweep_q10_k10_delta0p1/H1/q_1__k_10,0.06120423702795453,0.05176936467374403,0.4124428210553681,0.016611326901739165,0.030658452872912138,0.08109832724001262,0.13880664201983767,0.0024833152258264784,0.8491386000310415,1,2.05874950536307e-06,1.5961678869651405e-07,0.000641511996488677,1.8019245107063057e-06,1.3966477336592355e-07,0.0005626709531122682,q_1__k_10,/mnt/home/sswee/yolk/Yolk-Sac-Flow-Data-and-Sim/gnn_clean/outputs_harmonized/ac/02_physics_weight_sweep_q10_k10_delta0p1/H1/q_1__k_10/summary.csv,conservation_prioritized,0.807819910146055,0.119601248561374,0.016972327936929314,0.41143428697488615,0.015941797436128727,0.6999396855290948,0.6357652447498848,0.4637105793537145,0.29165591395754425,0.15721823720979494,0.25*complex_flow_rmse_nl_s + 0.75*kirchhoff_rms_per_internal_node_nl_s,conservation_prioritized,1,True,True,2,K2
/mnt/home/sswee/yolk/Yolk-Sac-Flow-Data-and-Sim/gnn_clean/datasets_upload/harmonized_scaled_dataset.gpickle,/mnt/home/sswee/yolk/Yolk-Sac-Flow-Data-and-Sim/gnn_clean/outputs_harmonized/dc/02_physics_weight_sweep/gnn/q_10__k_10__delta_0p1,loaded_from_b1_run_dir,full_ideal,Full ideal admittance,1,2.7733447429741864,17.425438940799154,17.425438940799154,0.001,0,0.0035,1,all,observed,constrained_least_squares,10.0,100.0,100.0,True,torch,4388,6443,4,4,2,2,2,1.0215429614010159,1,43.911099063797664,4.029301575658415,0.33562677901506577,0.30835635544735657,89.19792684205214,5411,1.0067006424899968e-05,0.09774864513640591,0.16676962888895241,0.6188523283555627,0.33353925777790483,0.17401219043807972,0.7928645187936424,0.48343835461586104,1.463940295543344,0.08035170830266172,1.463940295543344,1.3835885872406823,-97.2480559151536,72.3071807112009,169.5552366263545,True,8776,,,False,,,,,,,19600,8776,,10179.040887274217,2.0926677318120515,2.0926677318120514e-12,7.933417460008059,True,torch_linalg_lstsq_real_mixed_cuda,2,0.0012004554823754608,normalized_phase_only_real_rows,0,-71.72255300342628,0.0004833894759754501,/mnt/home/sswee/yolk/Yolk-Sac-Flow-Data-and-Sim/gnn_clean/outputs_harmonized/ac/02_physics_weight_sweep_q10_k10_delta0p1/H1/q_10__k_100,0.06120423702795453,0.05176936467374403,0.4124428210553681,0.016611326901739165,0.030658452872912138,0.08109832724001262,0.13880664201983767,0.0024833152258264784,0.8491386000310415,1,2.05874950536307e-06,1.5961678869651405e-07,0.000641511996488677,1.8019245107063057e-06,1.3966477336592355e-07,0.0005626709531122682,q_10__k_100,/mnt/home/sswee/yolk/Yolk-Sac-Flow-Data-and-Sim/gnn_clean/outputs_harmonized/ac/02_physics_weight_sweep_q10_k10_delta0p1/H1/q_10__k_100/summary.csv,conservation_prioritized,0.807820485035603,0.1196010238107027,0.016972327936929314,0.41143428697488615,0.015941797436128727,0.6999396855290948,0.6357656197293778,0.46371075442315285,0.29165588911692775,0.15721817860607087,0.25*complex_flow_rmse_nl_s + 0.75*kirchhoff_rms_per_internal_node_nl_s,conservation_prioritized,1,True,True,3,K3
/mnt/home/sswee/yolk/Yolk-Sac-Flow-Data-and-Sim/gnn_clean/datasets_upload/harmonized_scaled_dataset.gpickle,/mnt/home/sswee/yolk/Yolk-Sac-Flow-Data-and-Sim/gnn_clean/outputs_harmonized/dc/02_physics_weight_sweep/gnn/q_10__k_10__delta_0p1,loaded_from_b1_run_dir,full_ideal,Full ideal admittance,1,2.7733447429741864,17.425438940799154,17.425438940799154,0.001,0,0.0035,1,all,observed,constrained_least_squares,1.0,100.0,100.0,True,torch,4388,6443,4,4,2,2,2,1.0215429614010159,1,43.911099063797664,4.029301575658415,0.4055754492229939,0.3927088558559832,98.29756808945565,5411,1.0067006424899968e-05,0.01992751982073596,89.25823923319582,0.16930803788929755,178.51647846639165,0.019161737684922877,0.18846977557422043,0.10381575662957165,1.185147841329854,0.019161737684922877,1.185147841329854,1.165986103644931,-167.600984603938,56.92045243349332,224.52143703743133,True,8776,,,False,,,,,,,19600,8776,,8927.045502251261,2.0926677318120515,2.0926677318120514e-12,19.340660716989078,False,torch_linalg_lstsq_real_mixed_cuda,20,0.3994691881271879,normalized_phase_only_real_rows,0,-134.53894711620495,0.00031007963733768854,/mnt/home/sswee/yolk/Yolk-Sac-Flow-Data-and-Sim/gnn_clean/outputs_harmonized/ac/02_physics_weight_sweep_q10_k10_delta0p1/H1/q_1__k_100,0.06120423702795453,0.05176936467374403,0.4124428210553681,0.016611326901739165,0.030658452872912138,0.08109832724001262,0.13880664201983767,0.0024833152258264784,0.8491386000310415,1,2.05874950536307e-06,1.5961678869651405e-07,0.000641511996488677,1.8019245107063057e-06,1.3966477336592355e-07,0.0005626709531122682,q_1__k_100,/mnt/home/sswee/yolk/Yolk-Sac-Flow-Data-and-Sim/gnn_clean/outputs_harmonized/ac/02_physics_weight_sweep_q10_k10_delta0p1/H1/q_1__k_100/summary.csv,conservation_prioritized,0.9851472680250809,0.005827097501309112,0.016972327936929314,0.41143428697488615,0.015941797436128727,0.6999396855290948,0.740317225394138,0.49548718276319503,0.25065714013225204,0.11633950217130044,0.25*complex_flow_rmse_nl_s + 0.75*kirchhoff_rms_per_internal_node_nl_s,conservation_prioritized,1,True,True,4,K4
/mnt/home/sswee/yolk/Yolk-Sac-Flow-Data-and-Sim/gnn_clean/datasets_upload/harmonized_scaled_dataset.gpickle,/mnt/home/sswee/yolk/Yolk-Sac-Flow-Data-and-Sim/gnn_clean/outputs_harmonized/dc/02_physics_weight_sweep/gnn/q_10__k_10__delta_0p1,loaded_from_b1_run_dir,taylor_dc_transferred,Taylor-expanded + transferred DC conductance,1,2.7733447429741864,17.425438940799154,17.425438940799154,0.001,0,0.0035,1,all,observed,constrained_least_squares,100.0,10.0,100.0,True,torch,4388,6443,4,4,2,2,2,1.0215429614010159,1,43.911099063797664,4.029301575658415,0.08611134342638724,0.07935779089600052,70.05231819557059,5411,1.0067006424899968e-05,0.5106628657347846,3.1353112087613546,0.3364697215494308,6.270622417522706,1.4756249707197735,1.8120946922692043,1.6438598314944888,2.076308950091804,0.3198736183602103,2.076308950091804,1.7564353317315937,-28.09726711262846,89.49715124949206,117.59441836212054,True,8776,,,False,,,,,,,19600,8776,,8183.977845764907,2.0926677318120515,2.0926677318120514e-12,15.59882886899868,False,torch_linalg_lstsq_real_mixed_cuda,20,0.0025055511815190905,normalized_phase_only_real_rows,0,-28.226135220408665,0.001644074937858656,/mnt/home/sswee/yolk/Yolk-Sac-Flow-Data-and-Sim/gnn_clean/outputs_harmonized/ac/02_physics_weight_sweep_q10_k10_delta0p1/H1/q_100__k_10,0.06120423702795453,0.05176936467374403,0.4124428210553681,0.016611326901739165,0.030658452872912138,0.08109832724001262,0.13880664201983767,0.0024833152258264784,0.8491386000310415,1,2.05874950536307e-06,1.5961678869651405e-07,0.000641511996488677,1.8019245107063057e-06,1.3966477336592355e-07,0.0005626709531122682,q_100__k_10,/mnt/home/sswee/yolk/Yolk-Sac-Flow-Data-and-Sim/gnn_clean/outputs_harmonized/ac/02_physics_weight_sweep_q10_k10_delta0p1/H1/q_100__k_10/summary.csv,flow_prioritized,0.15673812027647888,0.760299194938933,0.02339726503946314,0.42351740349907546,0.00746618679010574,0.6693065284533577,0.30762838894209243,0.45851865760770594,0.6094089262733194,0.19224922400348657,0.75*complex_flow_rmse_nl_s + 0.25*kirchhoff_rms_per_internal_node_nl_s,flow_prioritized,1,True,True,1,F1
/mnt/home/sswee/yolk/Yolk-Sac-Flow-Data-and-Sim/gnn_clean/datasets_upload/harmonized_scaled_dataset.gpickle,/mnt/home/sswee/yolk/Yolk-Sac-Flow-Data-and-Sim/gnn_clean/outputs_harmonized/dc/02_physics_weight_sweep/gnn/q_10__k_10__delta_0p1,loaded_from_b1_run_dir,taylor_dc_transferred,Taylor-expanded + transferred DC conductance,1,2.7733447429741864,17.425438940799154,17.425438940799154,0.001,0,0.0035,1,all,observed,constrained_least_squares,10.0,1.0,100.0,True,torch,4388,6443,4,4,2,2,2,1.0215429614010159,1,43.911099063797664,4.029301575658415,0.08611498990892576,0.07935694381649028,70.2143543446242,5411,1.0067006424899968e-05,0.5106811106887745,0.5847444940744355,0.30869708185074063,1.169488988148871,1.5092690660221255,1.8179661478728661,1.6636176069474957,2.0364135968888393,0.39471037498866934,2.0364135968888393,1.64170322190017,-29.508970892344223,84.32687481869645,113.83584571104069,True,8776,,,False,,,,,,,19600,8776,,2588.001031297531,2.0926677318120515,2.0926677318120514e-12,7.362376179022249,True,torch_linalg_lstsq_real_mixed_cuda,2,0.0012066401829785274,normalized_phase_only_real_rows,0,-24.654305534949607,0.0016637699768748187,/mnt/home/sswee/yolk/Yolk-Sac-Flow-Data-and-Sim/gnn_clean/outputs_harmonized/ac/02_physics_weight_sweep_q10_k10_delta0p1/H1/q_10__k_1,0.06120423702795453,0.05176936467374403,0.4124428210553681,0.016611326901739165,0.030658452872912138,0.08109832724001262,0.13880664201983767,0.0024833152258264784,0.8491386000310415,1,2.05874950536307e-06,1.5961678869651405e-07,0.000641511996488677,1.8019245107063057e-06,1.3966477336592355e-07,0.0005626709531122682,q_10__k_1,/mnt/home/sswee/yolk/Yolk-Sac-Flow-Data-and-Sim/gnn_clean/outputs_harmonized/ac/02_physics_weight_sweep_q10_k10_delta0p1/H1/q_10__k_1/summary.csv,flow_prioritized,0.15674723374562982,0.7603267619408841,0.02339726503946314,0.42351740349907546,0.00746618679010574,0.6693065284533577,0.3076421157944434,0.45853699784325697,0.6094318798920705,0.19225652010388794,0.75*complex_flow_rmse_nl_s + 0.25*kirchhoff_rms_per_internal_node_nl_s,flow_prioritized,2,False,True,2,F2
/mnt/home/sswee/yolk/Yolk-Sac-Flow-Data-and-Sim/gnn_clean/datasets_upload/harmonized_scaled_dataset.gpickle,/mnt/home/sswee/yolk/Yolk-Sac-Flow-Data-and-Sim/gnn_clean/outputs_harmonized/dc/02_physics_weight_sweep/gnn/q_10__k_10__delta_0p1,loaded_from_b1_run_dir,taylor_dc_transferred,Taylor-expanded + transferred DC conductance,1,2.7733447429741864,17.425438940799154,17.425438940799154,0.001,0,0.0035,1,all,observed,constrained_least_squares,1.0,0.1,100.0,True,torch,4388,6443,4,4,2,2,2,1.0215429614010159,1,43.911099063797664,4.029301575658415,0.08611688101576001,0.07935731782048402,70.23849278799194,5411,1.0067006424899968e-05,0.5106839928302022,0.06356552550983724,0.3082645352945206,0.12713105101967448,1.5131324879519863,1.8213970232465069,1.6672647555992466,2.0356837759101674,0.3957183137305954,2.0356837759101674,1.639965462179572,-29.66849837297989,83.89571827619929,113.56421664917919,True,8776,,,False,,,,,,,19600,8776,,818.3977845764905,2.0926677318120515,2.0926677318120514e-12,6.765232976991683,True,torch_linalg_lstsq_real_mixed_cuda,2,0.00013371410177366103,normalized_phase_only_real_rows,0,-24.60674562397357,0.0016672852287551055,/mnt/home/sswee/yolk/Yolk-Sac-Flow-Data-and-Sim/gnn_clean/outputs_harmonized/ac/02_physics_weight_sweep_q10_k10_delta0p1/H1/q_1__k_0p1,0.06120423702795453,0.05176936467374403,0.4124428210553681,0.016611326901739165,0.030658452872912138,0.08109832724001262,0.13880664201983767,0.0024833152258264784,0.8491386000310415,1,2.05874950536307e-06,1.5961678869651405e-07,0.000641511996488677,1.8019245107063057e-06,1.3966477336592355e-07,0.0005626709531122682,q_1__k_0p1,/mnt/home/sswee/yolk/Yolk-Sac-Flow-Data-and-Sim/gnn_clean/outputs_harmonized/ac/02_physics_weight_sweep_q10_k10_delta0p1/H1/q_1__k_0p1/summary.csv,flow_prioritized,0.15675196009317516,0.7603311166790985,0.02339726503946314,0.42351740349907546,0.00746618679010574,0.6693065284533577,0.30764674923965596,0.4585415383861368,0.6094363275326177,0.19225865896937055,0.75*complex_flow_rmse_nl_s + 0.25*kirchhoff_rms_per_internal_node_nl_s,flow_prioritized,3,False,True,3,F3
/mnt/home/sswee/yolk/Yolk-Sac-Flow-Data-and-Sim/gnn_clean/datasets_upload/harmonized_scaled_dataset.gpickle,/mnt/home/sswee/yolk/Yolk-Sac-Flow-Data-and-Sim/gnn_clean/outputs_harmonized/dc/02_physics_weight_sweep/gnn/q_10__k_10__delta_0p1,loaded_from_b1_run_dir,taylor_dc_transferred,Taylor-expanded + transferred DC conductance,1,2.7733447429741864,17.425438940799154,17.425438940799154,0.001,0,0.0035,1,all,observed,constrained_least_squares,100.0,1.0,100.0,True,torch,4388,6443,4,4,2,2,2,1.0215429614010159,1,43.911099063797664,4.029301575658415,0.024902879469048792,0.02106710117078868,61.47998719019599,5411,1.0067006424899968e-05,0.650827198471383,1.8156366339814598,0.019674035158325776,3.631273267962919,2.1681390885836023,2.187813123741928,2.177976106162765,2.2907061289257684,0.9765022172983013,2.2907061289257684,1.314203911627467,-21.879424163760138,42.34266696798375,64.2220911317439,True,8776,,,False,,,,,,,19600,8776,,7908.663236652344,2.0926677318120515,2.0926677318120514e-12,5.45671623601811,True,torch_linalg_lstsq_real_mixed_cuda,2,0.001100434181841399,normalized_phase_only_real_rows,0,-3.991198255284752,0.0021795132781386767,/mnt/home/sswee/yolk/Yolk-Sac-Flow-Data-and-Sim/gnn_clean/outputs_harmonized/ac/02_physics_weight_sweep_q10_k10_delta0p1/H1/q_100__k_1,0.06120423702795453,0.05176936467374403,0.4124428210553681,0.016611326901739165,0.030658452872912138,0.08109832724001262,0.13880664201983767,0.0024833152258264784,0.8491386000310415,1,2.05874950536307e-06,1.5961678869651405e-07,0.000641511996488677,1.8019245107063057e-06,1.3966477336592355e-07,0.0005626709531122682,q_100__k_1,/mnt/home/sswee/yolk/Yolk-Sac-Flow-Data-and-Sim/gnn_clean/outputs_harmonized/ac/02_physics_weight_sweep_q10_k10_delta0p1/H1/q_100__k_1/summary.csv,flow_prioritized,0.0037629058996679963,0.9720788703578649,0.02339726503946314,0.42351740349907546,0.00746618679010574,0.6693065284533577,0.24584189701421721,0.48792088812876644,0.7299998792433158,0.18138395921963235,0.75*complex_flow_rmse_nl_s + 0.25*kirchhoff_rms_per_internal_node_nl_s,flow_prioritized,1,True,True,4,F4
/mnt/home/sswee/yolk/Yolk-Sac-Flow-Data-and-Sim/gnn_clean/datasets_upload/harmonized_scaled_dataset.gpickle,/mnt/home/sswee/yolk/Yolk-Sac-Flow-Data-and-Sim/gnn_clean/outputs_harmonized/dc/02_physics_weight_sweep/gnn/q_10__k_10__delta_0p1,loaded_from_b1_run_dir,taylor_dc_transferred,Taylor-expanded + transferred DC conductance,1,2.7733447429741864,17.425438940799154,17.425438940799154,0.001,0,0.0035,1,all,observed,constrained_least_squares,100.0,100.0,100.0,True,torch,4388,6443,4,4,2,2,2,1.0215429614010159,1,43.911099063797664,4.029301575658415,0.2597765370357191,0.23711153696424644,83.07456636977811,5411,1.0067006424899968e-05,0.21031818807970612,1.6383886267141525,0.575944247440152,3.276777253428305,0.5003321616460147,1.0762764090861667,0.7883042853660907,1.6763062607014014,0.14014987538160045,1.6763062607014014,1.536156385319801,-144.2477498697869,107.41305595857784,251.66080582836474,True,8776,,,False,,,,,,,19600,8776,,10571.691906471999,2.0926677318120515,2.0926677318120514e-12,16.062722266011406,False,torch_linalg_lstsq_real_mixed_cuda,20,0.002061126652643032,normalized_phase_only_real_rows,0,-61.58028676223398,0.000788539055480513,/mnt/home/sswee/yolk/Yolk-Sac-Flow-Data-and-Sim/gnn_clean/outputs_harmonized/ac/02_physics_weight_sweep_q10_k10_delta0p1/H1/q_100__k_100,0.06120423702795453,0.05176936467374403,0.4124428210553681,0.016611326901739165,0.030658452872912138,0.08109832724001262,0.13880664201983767,0.0024833152258264784,0.8491386000310415,1,2.05874950536307e-06,1.5961678869651405e-07,0.000641511996488677,1.8019245107063057e-06,1.3966477336592355e-07,0.0005626709531122682,q_100__k_100,/mnt/home/sswee/yolk/Yolk-Sac-Flow-Data-and-Sim/gnn_clean/outputs_harmonized/ac/02_physics_weight_sweep_q10_k10_delta0p1/H1/q_100__k_100/summary.csv,balanced,0.5907707442726376,0.3064968822840548,0.02339726503946314,0.42351740349907546,0.00746618679010574,0.6693065284533577,0.5197022787754919,0.4486338132783462,0.37756534778120054,0.23504736255771264,0.5*complex_flow_rmse_nl_s + 0.5*kirchhoff_rms_per_internal_node_nl_s,balanced,1,True,True,1,B1
/mnt/home/sswee/yolk/Yolk-Sac-Flow-Data-and-Sim/gnn_clean/datasets_upload/harmonized_scaled_dataset.gpickle,/mnt/home/sswee/yolk/Yolk-Sac-Flow-Data-and-Sim/gnn_clean/outputs_harmonized/dc/02_physics_weight_sweep/gnn/q_10__k_10__delta_0p1,loaded_from_b1_run_dir,taylor_dc_transferred,Taylor-expanded + transferred DC conductance,1,2.7733447429741864,17.425438940799154,17.425438940799154,0.001,0,0.0035,1,all,observed,constrained_least_squares,10.0,10.0,100.0,True,torch,4388,6443,4,4,2,2,2,1.0215429614010159,1,43.911099063797664,4.029301575658415,0.25976811198286615,0.23709839892803344,83.1597639838262,5411,1.0067006424899968e-05,0.21032875924744007,0.318994979729655,0.5387370841588646,0.6379899594593099,0.5223028628342656,1.0610399469931302,0.7916714049136979,1.6299863726112502,0.08633642009167498,1.6299863726112502,1.5436499525195753,-154.5084813173661,104.22900793643142,258.7374892537975,True,8776,,,False,,,,,,,19600,8776,,3343.0625146019265,2.0926677318120515,2.0926677318120514e-12,7.282894167001359,True,torch_linalg_lstsq_real_mixed_cuda,2,0.0016972202263573154,normalized_phase_only_real_rows,0,-53.247605736141765,0.000791583325559631,/mnt/home/sswee/yolk/Yolk-Sac-Flow-Data-and-Sim/gnn_clean/outputs_harmonized/ac/02_physics_weight_sweep_q10_k10_delta0p1/H1/q_10__k_10,0.06120423702795453,0.05176936467374403,0.4124428210553681,0.016611326901739165,0.030658452872912138,0.08109832724001262,0.13880664201983767,0.0024833152258264784,0.8491386000310415,1,2.05874950536307e-06,1.5961678869651405e-07,0.000641511996488677,1.8019245107063057e-06,1.3966477336592355e-07,0.0005626709531122682,q_10__k_10,/mnt/home/sswee/yolk/Yolk-Sac-Flow-Data-and-Sim/gnn_clean/outputs_harmonized/ac/02_physics_weight_sweep_q10_k10_delta0p1/H1/q_10__k_10/summary.csv,balanced,0.5907496879646862,0.3065128546675263,0.02339726503946314,0.42351740349907546,0.00746618679010574,0.6693065284533577,0.5196904796403962,0.44863127131610625,0.3775720629918163,0.2350484356151531,0.5*complex_flow_rmse_nl_s + 0.5*kirchhoff_rms_per_internal_node_nl_s,balanced,1,True,True,2,B2
/mnt/home/sswee/yolk/Yolk-Sac-Flow-Data-and-Sim/gnn_clean/datasets_upload/harmonized_scaled_dataset.gpickle,/mnt/home/sswee/yolk/Yolk-Sac-Flow-Data-and-Sim/gnn_clean/outputs_harmonized/dc/02_physics_weight_sweep/gnn/q_10__k_10__delta_0p1,loaded_from_b1_run_dir,taylor_dc_transferred,Taylor-expanded + transferred DC conductance,1,2.7733447429741864,17.425438940799154,17.425438940799154,0.001,0,0.0035,1,all,observed,constrained_least_squares,1.0,1.0,100.0,True,torch,4388,6443,4,4,2,2,2,1.0215429614010159,1,43.911099063797664,4.029301575658415,0.2597679942531887,0.2370981911515844,83.16962780651897,5411,1.0067006424899968e-05,0.21032931765606228,0.033134134392669996,0.538077265639508,0.06626826878533998,0.5227052350837219,1.0607825007232299,0.7917438679034758,1.6277485784050898,0.08536457029057523,1.6277485784050898,1.5423840081145146,-154.82776160530028,104.12688024969528,258.95464185499554,True,8776,,,False,,,,,,,19600,8776,,1057.1691906471995,2.0926677318120515,2.0926677318120514e-12,6.751936115993885,True,torch_linalg_lstsq_real_mixed_cuda,2,0.000179508266769998,normalized_phase_only_real_rows,0,-53.132878024301405,0.0007917345197283656,/mnt/home/sswee/yolk/Yolk-Sac-Flow-Data-and-Sim/gnn_clean/outputs_harmonized/ac/02_physics_weight_sweep_q10_k10_delta0p1/H1/q_1__k_1,0.06120423702795453,0.05176936467374403,0.4124428210553681,0.016611326901739165,0.030658452872912138,0.08109832724001262,0.13880664201983767,0.0024833152258264784,0.8491386000310415,1,2.05874950536307e-06,1.5961678869651405e-07,0.000641511996488677,1.8019245107063057e-06,1.3966477336592355e-07,0.0005626709531122682,q_1__k_1,/mnt/home/sswee/yolk/Yolk-Sac-Flow-Data-and-Sim/gnn_clean/outputs_harmonized/ac/02_physics_weight_sweep_q10_k10_delta0p1/H1/q_1__k_1/summary.csv,balanced,0.5907493937288651,0.30651369838856757,0.02339726503946314,0.42351740349907546,0.00746618679010574,0.6693065284533577,0.5196904698937908,0.44863154605871636,0.37757262222364196,0.23504865595462548,0.5*complex_flow_rmse_nl_s + 0.5*kirchhoff_rms_per_internal_node_nl_s,balanced,1,True,True,3,B3
/mnt/home/sswee/yolk/Yolk-Sac-Flow-Data-and-Sim/gnn_clean/datasets_upload/harmonized_scaled_dataset.gpickle,/mnt/home/sswee/yolk/Yolk-Sac-Flow-Data-and-Sim/gnn_clean/outputs_harmonized/dc/02_physics_weight_sweep/gnn/q_10__k_10__delta_0p1,loaded_from_b1_run_dir,taylor_dc_transferred,Taylor-expanded + transferred DC conductance,1,2.7733447429741864,17.425438940799154,17.425438940799154,0.001,0,0.0035,1,all,observed,constrained_least_squares,0.1,0.1,100.0,True,torch,4388,6443,4,4,2,2,2,1.0215429614010159,1,43.911099063797664,4.029301575658415,0.2597679824610111,0.23709816965413594,83.1706783670006,5411,1.0067006424899968e-05,0.21032937641615726,0.0033263225759613117,0.5380108230256629,0.006652645151928985,0.5227474369729085,1.0607582599985714,0.7917528484857399,1.627514226783551,0.08526434449590603,1.627514226783551,1.542249882287645,-154.8612871388968,104.11614673556385,258.97743387446064,True,8776,,,False,,,,,,,19600,8776,,334.3062514601925,2.0926677318120515,2.0926677318120514e-12,8.050056378997397,True,torch_linalg_lstsq_real_mixed_cuda,2,1.8054032234083848e-05,normalized_phase_only_real_rows,0,-53.12089306166321,0.0007917519081705889,/mnt/home/sswee/yolk/Yolk-Sac-Flow-Data-and-Sim/gnn_clean/outputs_harmonized/ac/02_physics_weight_sweep_q10_k10_delta0p1/H1/q_0p1__k_0p1,0.06120423702795453,0.05176936467374403,0.4124428210553681,0.016611326901739165,0.030658452872912138,0.08109832724001262,0.13880664201983767,0.0024833152258264784,0.8491386000310415,1,2.05874950536307e-06,1.5961678869651405e-07,0.000641511996488677,1.8019245107063057e-06,1.3966477336592355e-07,0.0005626709531122682,q_0p1__k_0p1,/mnt/home/sswee/yolk/Yolk-Sac-Flow-Data-and-Sim/gnn_clean/outputs_harmonized/ac/02_physics_weight_sweep_q10_k10_delta0p1/H1/q_0p1__k_0p1/summary.csv,balanced,0.5907493642572729,0.3065137871714526,0.02339726503946314,0.42351740349907546,0.00746618679010574,0.6693065284533577,0.5196904699858178,0.44863157571436274,0.3775726814429077,0.2350486794385842,0.5*complex_flow_rmse_nl_s + 0.5*kirchhoff_rms_per_internal_node_nl_s,balanced,1,True,True,4,B4
/mnt/home/sswee/yolk/Yolk-Sac-Flow-Data-and-Sim/gnn_clean/datasets_upload/harmonized_scaled_dataset.gpickle,/mnt/home/sswee/yolk/Yolk-Sac-Flow-Data-and-Sim/gnn_clean/outputs_harmonized/dc/02_physics_weight_sweep/gnn/q_10__k_10__delta_0p1,loaded_from_b1_run_dir,taylor_dc_transferred,Taylor-expanded + transferred DC conductance,1,2.7733447429741864,17.425438940799154,17.425438940799154,0.001,0,0.0035,1,all,observed,constrained_least_squares,10.0,100.0,100.0,True,torch,4388,6443,4,4,2,2,2,1.0215429614010159,1,43.911099063797664,4.029301575658415,0.37737122434932624,0.35599441397487486,95.08327606739586,5411,1.0067006424899968e-05,0.04824529493670904,0.3541681473329068,0.2222563812833078,0.7083362946658135,0.049251831984226634,0.27150821326753444,0.16038002262588053,1.328707442752625,0.02396435231334167,1.328707442752625,1.3047430904392834,-159.9639395699955,55.4755916213967,215.43953119139218,True,8776,,,False,,,,,,,19600,8776,,7517.468317351731,2.0926677318120515,2.0926677318120514e-12,8.044525669974973,True,torch_linalg_lstsq_real_mixed_cuda,3,0.001787777014120607,normalized_phase_only_real_rows,0,-142.9518513717325,0.0001594407701228305,/mnt/home/sswee/yolk/Yolk-Sac-Flow-Data-and-Sim/gnn_clean/outputs_harmonized/ac/02_physics_weight_sweep_q10_k10_delta0p1/H1/q_10__k_100,0.06120423702795453,0.05176936467374403,0.4124428210553681,0.016611326901739165,0.030658452872912138,0.08109832724001262,0.13880664201983767,0.0024833152258264784,0.8491386000310415,1,2.05874950536307e-06,1.5961678869651405e-07,0.000641511996488677,1.8019245107063057e-06,1.3966477336592355e-07,0.0005626709531122682,q_10__k_100,/mnt/home/sswee/yolk/Yolk-Sac-Flow-Data-and-Sim/gnn_clean/outputs_harmonized/ac/02_physics_weight_sweep_q10_k10_delta0p1/H1/q_10__k_100/summary.csv,conservation_prioritized,0.8846691912898876,0.061614721224340134,0.02339726503946314,0.42351740349907546,0.00746618679010574,0.6693065284533577,0.6789055737735008,0.47314195625711386,0.26737833874072703,0.13052677728986334,0.25*complex_flow_rmse_nl_s + 0.75*kirchhoff_rms_per_internal_node_nl_s,conservation_prioritized,1,True,True,1,K1
/mnt/home/sswee/yolk/Yolk-Sac-Flow-Data-and-Sim/gnn_clean/datasets_upload/harmonized_scaled_dataset.gpickle,/mnt/home/sswee/yolk/Yolk-Sac-Flow-Data-and-Sim/gnn_clean/outputs_harmonized/dc/02_physics_weight_sweep/gnn/q_10__k_10__delta_0p1,loaded_from_b1_run_dir,taylor_dc_transferred,Taylor-expanded + transferred DC conductance,1,2.7733447429741864,17.425438940799154,17.425438940799154,0.001,0,0.0035,1,all,observed,constrained_least_squares,1.0,10.0,100.0,True,torch,4388,6443,4,4,2,2,2,1.0215429614010159,1,43.911099063797664,4.029301575658415,0.3773719152042266,0.35599484431148426,95.10309233718179,5411,1.0067006424899968e-05,0.04824466465043435,0.03476506332914117,0.20612557192437408,0.06953012665828234,0.052047913463729015,0.2581734853881031,0.15511069942591604,1.3283483599308599,0.022214206168441317,1.3283483599308599,1.3061341537624185,-158.9865541278536,55.67980360327991,214.6663577311335,True,8776,,,False,,,,,,,19600,8776,,2377.232212098496,2.0926677318120515,2.0926677318120514e-12,6.689564881991828,True,torch_linalg_lstsq_real_mixed_cuda,2,0.0008174795538935599,normalized_phase_only_real_rows,0,-144.47106775007734,0.0001546159702963626,/mnt/home/sswee/yolk/Yolk-Sac-Flow-Data-and-Sim/gnn_clean/outputs_harmonized/ac/02_physics_weight_sweep_q10_k10_delta0p1/H1/q_1__k_10,0.06120423702795453,0.05176936467374403,0.4124428210553681,0.016611326901739165,0.030658452872912138,0.08109832724001262,0.13880664201983767,0.0024833152258264784,0.8491386000310415,1,2.05874950536307e-06,1.5961678869651405e-07,0.000641511996488677,1.8019245107063057e-06,1.3966477336592355e-07,0.0005626709531122682,q_1__k_10,/mnt/home/sswee/yolk/Yolk-Sac-Flow-Data-and-Sim/gnn_clean/outputs_harmonized/ac/02_physics_weight_sweep_q10_k10_delta0p1/H1/q_1__k_10/summary.csv,conservation_prioritized,0.8846709179085552,0.06161376890059223,0.02339726503946314,0.42351740349907546,0.00746618679010574,0.6693065284533577,0.6789066306565645,0.47314234340457373,0.267378056152583,0.1305264772888824,0.25*complex_flow_rmse_nl_s + 0.75*kirchhoff_rms_per_internal_node_nl_s,conservation_prioritized,1,True,True,2,K2
/mnt/home/sswee/yolk/Yolk-Sac-Flow-Data-and-Sim/gnn_clean/datasets_upload/harmonized_scaled_dataset.gpickle,/mnt/home/sswee/yolk/Yolk-Sac-Flow-Data-and-Sim/gnn_clean/outputs_harmonized/dc/02_physics_weight_sweep/gnn/q_10__k_10__delta_0p1,loaded_from_b1_run_dir,taylor_dc_transferred,Taylor-expanded + transferred DC conductance,1,2.7733447429741864,17.425438940799154,17.425438940799154,0.001,0,0.0035,1,all,observed,constrained_least_squares,0.1,1.0,100.0,True,torch,4388,6443,4,4,2,2,2,1.0215429614010159,1,43.911099063797664,4.029301575658415,0.37737197419771845,0.3559948816943725,95.1048613133104,5411,1.0067006424899968e-05,0.04824461118733404,0.003494159392339098,0.20475944350257877,0.006988318784678196,0.05228207346878507,0.25704151697136385,0.15466179522007445,1.3283140369429491,0.022088343801880923,1.3283140369429491,1.3062256931410683,-158.90720150715632,55.697441625811045,214.60464313296734,True,8776,,,False,,,,,,,19600,8776,,751.746831735173,2.0926677318120515,2.0926677318120514e-12,6.60854187401128,True,torch_linalg_lstsq_real_mixed_cuda,2,8.218590339081806e-05,normalized_phase_only_real_rows,0,-144.5992202554118,0.0001546119888177356,/mnt/home/sswee/yolk/Yolk-Sac-Flow-Data-and-Sim/gnn_clean/outputs_harmonized/ac/02_physics_weight_sweep_q10_k10_delta0p1/H1/q_0p1__k_1,0.06120423702795453,0.05176936467374403,0.4124428210553681,0.016611326901739165,0.030658452872912138,0.08109832724001262,0.13880664201983767,0.0024833152258264784,0.8491386000310415,1,2.05874950536307e-06,1.5961678869651405e-07,0.000641511996488677,1.8019245107063057e-06,1.3966477336592355e-07,0.0005626709531122682,q_0p1__k_1,/mnt/home/sswee/yolk/Yolk-Sac-Flow-Data-and-Sim/gnn_clean/outputs_harmonized/ac/02_physics_weight_sweep_q10_k10_delta0p1/H1/q_0p1__k_1/summary.csv,conservation_prioritized,0.884671065348002,0.061613688121139924,0.02339726503946314,0.42351740349907546,0.00746618679010574,0.6693065284533577,0.6789067210412865,0.47314237673457094,0.26737803242785546,0.13052645193993015,0.25*complex_flow_rmse_nl_s + 0.75*kirchhoff_rms_per_internal_node_nl_s,conservation_prioritized,1,True,True,3,K3
/mnt/home/sswee/yolk/Yolk-Sac-Flow-Data-and-Sim/gnn_clean/datasets_upload/harmonized_scaled_dataset.gpickle,/mnt/home/sswee/yolk/Yolk-Sac-Flow-Data-and-Sim/gnn_clean/outputs_harmonized/dc/02_physics_weight_sweep/gnn/q_10__k_10__delta_0p1,loaded_from_b1_run_dir,taylor_dc_transferred,Taylor-expanded + transferred DC conductance,1,2.7733447429741864,17.425438940799154,17.425438940799154,0.001,0,0.0035,1,all,observed,constrained_least_squares,1.0,100.0,100.0,True,torch,4388,6443,4,4,2,2,2,1.0215429614010159,1,43.911099063797664,4.029301575658415,0.4199947060662903,0.4129061293161418,100.59335963572319,5411,1.0067006424899968e-05,0.009397478132157567,0.011959337368382013,0.5934836234844387,0.02391867473676403,0.08161890539176786,0.6751025288762066,0.3783607171339872,0.9609755996771553,0.031915000624174246,0.9609755996771553,0.929060599052981,-179.8621491845205,178.9560083838625,358.818157568383,True,8776,,,False,,,,,,,19600,8776,,7145.787041607329,2.0926677318120515,2.0926677318120514e-12,6.9875467320671305,True,torch_linalg_lstsq_real_mixed_cuda,2,0.00012571105308192894,normalized_phase_only_real_rows,0,-48.31035926847593,0.00037835888145511227,/mnt/home/sswee/yolk/Yolk-Sac-Flow-Data-and-Sim/gnn_clean/outputs_harmonized/ac/02_physics_weight_sweep_q10_k10_delta0p1/H1/q_1__k_100,0.06120423702795453,0.05176936467374403,0.4124428210553681,0.016611326901739165,0.030658452872912138,0.08109832724001262,0.13880664201983767,0.0024833152258264784,0.8491386000310415,1,2.05874950536307e-06,1.5961678869651405e-07,0.000641511996488677,1.8019245107063057e-06,1.3966477336592355e-07,0.0005626709531122682,q_1__k_100,/mnt/home/sswee/yolk/Yolk-Sac-Flow-Data-and-Sim/gnn_clean/outputs_harmonized/ac/02_physics_weight_sweep_q10_k10_delta0p1/H1/q_1__k_100/summary.csv,conservation_prioritized,0.9911959006953589,0.0029180622885549012,0.02339726503946314,0.42351740349907546,0.00746618679010574,0.6693065284533577,0.7441264410936579,0.4970569814919569,0.24998752189025591,0.11204678511569074,0.25*complex_flow_rmse_nl_s + 0.75*kirchhoff_rms_per_internal_node_nl_s,conservation_prioritized,1,True,True,4,K4
/mnt/home/sswee/yolk/Yolk-Sac-Flow-Data-and-Sim/gnn_clean/datasets_upload/harmonized_scaled_dataset.gpickle,/mnt/home/sswee/yolk/Yolk-Sac-Flow-Data-and-Sim/gnn_clean/outputs_harmonized/dc/02_physics_weight_sweep/gnn/q_10__k_10__delta_0p1,loaded_from_b1_run_dir,taylor_ideal,Taylor-expanded ideal admittance,1,2.7733447429741864,17.425438940799154,17.425438940799154,0.001,0,0.0035,1,all,observed,constrained_least_squares,100.0,10.0,100.0,True,torch,4388,6443,4,4,2,2,2,1.0215429614010159,1,43.911099063797664,4.029301575658415,0.04185500336466316,0.037483186365850324,65.84586158096114,5411,1.0067006424899968e-05,0.5946098841986238,3.112820902722561,0.2392957419135311,6.225641805445122,1.986179245481815,2.225474987395346,2.1058271164385807,2.225474987395346,0.9262989377990372,2.225474987395346,1.299176049596309,-15.845313369522005,43.63549692728865,59.480810296810645,True,8776,,,False,,,,,,,19600,8776,,16690.258774463524,2.0926677318120515,2.0926677318120514e-12,11.136984259006567,True,torch_linalg_lstsq_real_mixed_cuda,12,0.0018935645554984876,normalized_phase_only_real_rows,0,-18.377109696740874,0.002105905921262745,/mnt/home/sswee/yolk/Yolk-Sac-Flow-Data-and-Sim/gnn_clean/outputs_harmonized/ac/02_physics_weight_sweep_q10_k10_delta0p1/H1/q_100__k_10,0.06120423702795453,0.05176936467374403,0.4124428210553681,0.016611326901739165,0.030658452872912138,0.08109832724001262,0.13880664201983767,0.0024833152258264784,0.8491386000310415,1,2.05874950536307e-06,1.5961678869651405e-07,0.000641511996488677,1.8019245107063057e-06,1.3966477336592355e-07,0.0005626709531122682,q_100__k_10,/mnt/home/sswee/yolk/Yolk-Sac-Flow-Data-and-Sim/gnn_clean/outputs_harmonized/ac/02_physics_weight_sweep_q10_k10_delta0p1/H1/q_100__k_10/summary.csv,flow_prioritized,0.06308004186381663,0.8460085515165138,0.016972334362924946,0.41143416835246727,0.015941843489115017,0.6999397057710229,0.2588121692769909,0.4545442966901652,0.6502764241033395,0.18004372357315332,0.75*complex_flow_rmse_nl_s + 0.25*kirchhoff_rms_per_internal_node_nl_s,flow_prioritized,1,True,True,1,F1
/mnt/home/sswee/yolk/Yolk-Sac-Flow-Data-and-Sim/gnn_clean/datasets_upload/harmonized_scaled_dataset.gpickle,/mnt/home/sswee/yolk/Yolk-Sac-Flow-Data-and-Sim/gnn_clean/outputs_harmonized/dc/02_physics_weight_sweep/gnn/q_10__k_10__delta_0p1,loaded_from_b1_run_dir,taylor_ideal,Taylor-expanded ideal admittance,1,2.7733447429741864,17.425438940799154,17.425438940799154,0.001,0,0.0035,1,all,observed,constrained_least_squares,10.0,1.0,100.0,True,torch,4388,6443,4,4,2,2,2,1.0215429614010159,1,43.911099063797664,4.029301575658415,0.0418575821784512,0.03747943251633074,65.84650335488348,5411,1.0067006424899968e-05,0.5946472900668723,0.8950980859658714,0.23081592657335426,1.7901961719317427,2.023965359423515,2.2547812859968692,2.139373322710192,2.2547812859968692,0.96378350194748,2.2547812859968692,1.2909977840493894,-16.495272478925976,41.462500162135306,57.95777264106128,True,8776,,,False,,,,,,,19600,8776,,5277.9232464915285,2.0926677318120515,2.0926677318120514e-12,7.3892736220150255,True,torch_linalg_lstsq_real_mixed_cuda,2,0.0011550421600551102,normalized_phase_only_real_rows,0,-17.13035597278635,0.002139915782573173,/mnt/home/sswee/yolk/Yolk-Sac-Flow-Data-and-Sim/gnn_clean/outputs_harmonized/ac/02_physics_weight_sweep_q10_k10_delta0p1/H1/q_10__k_1,0.06120423702795453,0.05176936467374403,0.4124428210553681,0.016611326901739165,0.030658452872912138,0.08109832724001262,0.13880664201983767,0.0024833152258264784,0.8491386000310415,1,2.05874950536307e-06,1.5961678869651405e-07,0.000641511996488677,1.8019245107063057e-06,1.3966477336592355e-07,0.0005626709531122682,q_10__k_1,/mnt/home/sswee/yolk/Yolk-Sac-Flow-Data-and-Sim/gnn_clean/outputs_harmonized/ac/02_physics_weight_sweep_q10_k10_delta0p1/H1/q_10__k_1/summary.csv,flow_prioritized,0.0630865794133736,0.8460632386293122,0.016972334362924946,0.41143416835246727,0.015941843489115017,0.6999397057710229,0.25883074421735824,0.4545749090213429,0.6503190738253275,0.1800550091505565,0.75*complex_flow_rmse_nl_s + 0.25*kirchhoff_rms_per_internal_node_nl_s,flow_prioritized,2,False,True,2,F2
/mnt/home/sswee/yolk/Yolk-Sac-Flow-Data-and-Sim/gnn_clean/datasets_upload/harmonized_scaled_dataset.gpickle,/mnt/home/sswee/yolk/Yolk-Sac-Flow-Data-and-Sim/gnn_clean/outputs_harmonized/dc/02_physics_weight_sweep/gnn/q_10__k_10__delta_0p1,loaded_from_b1_run_dir,taylor_ideal,Taylor-expanded ideal admittance,1,2.7733447429741864,17.425438940799154,17.425438940799154,0.001,0,0.0035,1,all,observed,constrained_least_squares,1.0,0.1,100.0,True,torch,4388,6443,4,4,2,2,2,1.0215429614010159,1,43.911099063797664,4.029301575658415,0.04186150919065433,0.037479286422329165,65.8558239284392,5411,1.0067006424899968e-05,0.594662147221606,0.11051319411062174,0.23050073786334702,0.2210263882212467,2.036585353457111,2.267086091320458,2.1518357223887845,2.267086091320458,0.9765181986881399,2.267086091320458,1.2905678926323179,-16.747026686437952,40.740794981471254,57.4878216679092,True,8776,,,False,,,,,,,19600,8776,,1669.0258774463523,2.0926677318120515,2.0926677318120514e-12,6.779863576986827,True,torch_linalg_lstsq_real_mixed_cuda,2,0.00015640859569015342,normalized_phase_only_real_rows,0,-17.08959382232533,0.0021519388802174523,/mnt/home/sswee/yolk/Yolk-Sac-Flow-Data-and-Sim/gnn_clean/outputs_harmonized/ac/02_physics_weight_sweep_q10_k10_delta0p1/H1/q_1__k_0p1,0.06120423702795453,0.05176936467374403,0.4124428210553681,0.016611326901739165,0.030658452872912138,0.08109832724001262,0.13880664201983767,0.0024833152258264784,0.8491386000310415,1,2.05874950536307e-06,1.5961678869651405e-07,0.000641511996488677,1.8019245107063057e-06,1.3966477336592355e-07,0.0005626709531122682,q_1__k_0p1,/mnt/home/sswee/yolk/Yolk-Sac-Flow-Data-and-Sim/gnn_clean/outputs_harmonized/ac/02_physics_weight_sweep_q10_k10_delta0p1/H1/q_1__k_0p1/summary.csv,flow_prioritized,0.06309653478006501,0.8460849596836503,0.016972334362924946,0.41143416835246727,0.015941843489115017,0.6999397057710229,0.25884364100596136,0.45459074723185766,0.650337853457754,0.18006166869839224,0.75*complex_flow_rmse_nl_s + 0.25*kirchhoff_rms_per_internal_node_nl_s,flow_prioritized,3,False,True,3,F3
/mnt/home/sswee/yolk/Yolk-Sac-Flow-Data-and-Sim/gnn_clean/datasets_upload/harmonized_scaled_dataset.gpickle,/mnt/home/sswee/yolk/Yolk-Sac-Flow-Data-and-Sim/gnn_clean/outputs_harmonized/dc/02_physics_weight_sweep/gnn/q_10__k_10__delta_0p1,loaded_from_b1_run_dir,taylor_ideal,Taylor-expanded ideal admittance,1,2.7733447429741864,17.425438940799154,17.425438940799154,0.001,0,0.0035,1,all,observed,constrained_least_squares,100.0,1.0,100.0,True,torch,4388,6443,4,4,2,2,2,1.0215429614010159,1,43.911099063797664,4.029301575658415,0.01770073423068625,0.014231438775559834,59.034279557215626,5411,1.0067006424899968e-05,0.6772063496172014,1.4165861788763598,0.08025356004626705,2.83317235775272,2.4595941680538966,2.5398477281001637,2.49972094807703,2.5398477281001637,1.3702424930505293,2.5398477281001637,1.1696052350496344,-16.74049912637425,26.416413750225175,43.15691287659942,True,8776,,,False,,,,,,,19600,8776,,16486.57992368168,2.0926677318120515,2.0926677318120514e-12,5.472642712993547,True,torch_linalg_lstsq_real_mixed_cuda,2,0.0005365921031936673,normalized_phase_only_real_rows,0,-4.99284977303685,0.002500004932797652,/mnt/home/sswee/yolk/Yolk-Sac-Flow-Data-and-Sim/gnn_clean/outputs_harmonized/ac/02_physics_weight_sweep_q10_k10_delta0p1/H1/q_100__k_1,0.06120423702795453,0.05176936467374403,0.4124428210553681,0.016611326901739165,0.030658452872912138,0.08109832724001262,0.13880664201983767,0.0024833152258264784,0.8491386000310415,1,2.05874950536307e-06,1.5961678869651405e-07,0.000641511996488677,1.8019245107063057e-06,1.3966477336592355e-07,0.0005626709531122682,q_100__k_1,/mnt/home/sswee/yolk/Yolk-Sac-Flow-Data-and-Sim/gnn_clean/outputs_harmonized/ac/02_physics_weight_sweep_q10_k10_delta0p1/H1/q_100__k_1/summary.csv,flow_prioritized,0.001846566144040733,0.9667639953172075,0.016972334362924946,0.41143416835246727,0.015941843489115017,0.6999397057710229,0.24307592343733242,0.4843052807306241,0.7255346380239157,0.18257713807731504,0.75*complex_flow_rmse_nl_s + 0.25*kirchhoff_rms_per_internal_node_nl_s,flow_prioritized,1,True,True,4,F4
/mnt/home/sswee/yolk/Yolk-Sac-Flow-Data-and-Sim/gnn_clean/datasets_upload/harmonized_scaled_dataset.gpickle,/mnt/home/sswee/yolk/Yolk-Sac-Flow-Data-and-Sim/gnn_clean/outputs_harmonized/dc/02_physics_weight_sweep/gnn/q_10__k_10__delta_0p1,loaded_from_b1_run_dir,taylor_ideal,Taylor-expanded ideal admittance,1,2.7733447429741864,17.425438940799154,17.425438940799154,0.001,0,0.0035,1,all,observed,constrained_least_squares,100.0,100.0,100.0,True,torch,4388,6443,4,4,2,2,2,1.0215429614010159,1,43.911099063797664,4.029301575658415,0.17454130021015624,0.16082895699797115,75.35708620734859,5411,1.0067006424899968e-05,0.34828712337566714,3.6586383813448777,0.5178507423651212,7.317276762689749,0.9495464846716871,1.4673972270368083,1.2084718558542478,1.663837978874749,0.12005778983463108,1.663837978874749,1.543780189040118,-131.27259686021347,174.2443829777107,305.51697983792417,True,8776,,,False,,,,,,,19600,8776,,18614.796806226477,2.0926677318120515,2.0926677318120514e-12,14.310667072015349,True,torch_linalg_lstsq_real_mixed_cuda,17,0.0019115668291882393,normalized_phase_only_real_rows,0,-42.88778132445689,0.0012086579441923254,/mnt/home/sswee/yolk/Yolk-Sac-Flow-Data-and-Sim/gnn_clean/outputs_harmonized/ac/02_physics_weight_sweep_q10_k10_delta0p1/H1/q_100__k_100,0.06120423702795453,0.05176936467374403,0.4124428210553681,0.016611326901739165,0.030658452872912138,0.08109832724001262,0.13880664201983767,0.0024833152258264784,0.8491386000310415,1,2.05874950536307e-06,1.5961678869651405e-07,0.000641511996488677,1.8019245107063057e-06,1.3966477336592355e-07,0.0005626709531122682,q_100__k_100,/mnt/home/sswee/yolk/Yolk-Sac-Flow-Data-and-Sim/gnn_clean/outputs_harmonized/ac/02_physics_weight_sweep_q10_k10_delta0p1/H1/q_100__k_100/summary.csv,balanced,0.3994530072874139,0.48588643066486203,0.016972334362924946,0.41143416835246727,0.015941843489115017,0.6999397057710229,0.42106136313177595,0.44266971897613794,0.4642780748205,0.2614142117929117,0.5*complex_flow_rmse_nl_s + 0.5*kirchhoff_rms_per_internal_node_nl_s,balanced,1,True,True,1,B1
/mnt/home/sswee/yolk/Yolk-Sac-Flow-Data-and-Sim/gnn_clean/datasets_upload/harmonized_scaled_dataset.gpickle,/mnt/home/sswee/yolk/Yolk-Sac-Flow-Data-and-Sim/gnn_clean/outputs_harmonized/dc/02_physics_weight_sweep/gnn/q_10__k_10__delta_0p1,loaded_from_b1_run_dir,taylor_ideal,Taylor-expanded ideal admittance,1,2.7733447429741864,17.425438940799154,17.425438940799154,0.001,0,0.0035,1,all,observed,constrained_least_squares,10.0,10.0,100.0,True,torch,4388,6443,4,4,2,2,2,1.0215429614010159,1,43.911099063797664,4.029301575658415,0.17454105882921545,0.16082844252412848,75.56124490318592,5411,1.0067006424899968e-05,0.34829536671138833,0.7731694194896562,0.5014177908601772,1.546338838979319,0.9640159225483521,1.4654337134085293,1.2147248179784407,1.6341331619676152,0.12385575430496304,1.6341331619676152,1.5102774076626522,-141.3001118330998,163.59130205931197,304.8914138924118,True,8776,,,False,,,,,,,19600,8776,,5886.515608890369,2.0926677318120515,2.0926677318120514e-12,19.41563585898257,False,torch_linalg_lstsq_real_mixed_cuda,20,0.0025571552386009105,normalized_phase_only_real_rows,0,-40.200862214027566,0.001214815365127027,/mnt/home/sswee/yolk/Yolk-Sac-Flow-Data-and-Sim/gnn_clean/outputs_harmonized/ac/02_physics_weight_sweep_q10_k10_delta0p1/H1/q_10__k_10,0.06120423702795453,0.05176936467374403,0.4124428210553681,0.016611326901739165,0.030658452872912138,0.08109832724001262,0.13880664201983767,0.0024833152258264784,0.8491386000310415,1,2.05874950536307e-06,1.5961678869651405e-07,0.000641511996488677,1.8019245107063057e-06,1.3966477336592355e-07,0.0005626709531122682,q_10__k_10,/mnt/home/sswee/yolk/Yolk-Sac-Flow-Data-and-Sim/gnn_clean/outputs_harmonized/ac/02_physics_weight_sweep_q10_k10_delta0p1/H1/q_10__k_10/summary.csv,balanced,0.39945239536271043,0.48589848236293853,0.016972334362924946,0.41143416835246727,0.015941843489115017,0.6999397057710229,0.42106391711276747,0.44267543886282446,0.4642869606128815,0.26141821277030186,0.5*complex_flow_rmse_nl_s + 0.5*kirchhoff_rms_per_internal_node_nl_s,balanced,1,True,True,2,B2
/mnt/home/sswee/yolk/Yolk-Sac-Flow-Data-and-Sim/gnn_clean/datasets_upload/harmonized_scaled_dataset.gpickle,/mnt/home/sswee/yolk/Yolk-Sac-Flow-Data-and-Sim/gnn_clean/outputs_harmonized/dc/02_physics_weight_sweep/gnn/q_10__k_10__delta_0p1,loaded_from_b1_run_dir,taylor_ideal,Taylor-expanded ideal admittance,1,2.7733447429741864,17.425438940799154,17.425438940799154,0.001,0,0.0035,1,all,observed,constrained_least_squares,1.0,1.0,100.0,True,torch,4388,6443,4,4,2,2,2,1.0215429614010159,1,43.911099063797664,4.029301575658415,0.17453945393064746,0.16082784672749728,75.62296202553952,5411,1.0067006424899968e-05,0.3483011573244797,0.09250797694244522,0.48446155268257085,0.18501595388489042,0.9743698139701211,1.458831366652692,1.2166005903114065,1.613069799480618,0.1349761559191378,1.613069799480618,1.4780936435614802,-155.30613319420777,158.29600887011944,313.6021420643272,True,8776,,,False,,,,,,,19600,8776,,1861.4796806226473,2.0926677318120515,2.0926677318120514e-12,6.753418164997129,True,torch_linalg_lstsq_real_mixed_cuda,2,0.00039300910421549836,normalized_phase_only_real_rows,0,-37.434569071041146,0.0012165961574055319,/mnt/home/sswee/yolk/Yolk-Sac-Flow-Data-and-Sim/gnn_clean/outputs_harmonized/ac/02_physics_weight_sweep_q10_k10_delta0p1/H1/q_1__k_1,0.06120423702795453,0.05176936467374403,0.4124428210553681,0.016611326901739165,0.030658452872912138,0.08109832724001262,0.13880664201983767,0.0024833152258264784,0.8491386000310415,1,2.05874950536307e-06,1.5961678869651405e-07,0.000641511996488677,1.8019245107063057e-06,1.3966477336592355e-07,0.0005626709531122682,q_1__k_1,/mnt/home/sswee/yolk/Yolk-Sac-Flow-Data-and-Sim/gnn_clean/outputs_harmonized/ac/02_physics_weight_sweep_q10_k10_delta0p1/H1/q_1__k_1/summary.csv,balanced,0.39944832678514547,0.48590694819801006,0.016972334362924946,0.41143416835246727,0.015941843489115017,0.6999397057710229,0.42106298213836163,0.44267763749157774,0.4642922928447939,0.2614203056275636,0.5*complex_flow_rmse_nl_s + 0.5*kirchhoff_rms_per_internal_node_nl_s,balanced,1,True,True,3,B3
/mnt/home/sswee/yolk/Yolk-Sac-Flow-Data-and-Sim/gnn_clean/datasets_upload/harmonized_scaled_dataset.gpickle,/mnt/home/sswee/yolk/Yolk-Sac-Flow-Data-and-Sim/gnn_clean/outputs_harmonized/dc/02_physics_weight_sweep/gnn/q_10__k_10__delta_0p1,loaded_from_b1_run_dir,taylor_ideal,Taylor-expanded ideal admittance,1,2.7733447429741864,17.425438940799154,17.425438940799154,0.001,0,0.0035,1,all,observed,constrained_least_squares,0.1,0.1,100.0,True,torch,4388,6443,4,4,2,2,2,1.0215429614010159,1,43.911099063797664,4.029301575658415,0.17453957026366285,0.16082788876095663,75.62967844201762,5411,1.0067006424899968e-05,0.3483013686246338,0.009358624546358947,0.484343438388277,0.018717249092717894,0.9745801810753894,1.4589236194636663,1.2167519002695277,1.6131936059393586,0.13523741400407352,1.6131936059393586,1.477956191935285,-155.42569763373044,158.2267969221436,313.65249455587406,True,8776,,,False,,,,,,,19600,8776,,588.6515608890368,2.0926677318120515,2.0926677318120514e-12,8.000867277994985,True,torch_linalg_lstsq_real_mixed_cuda,2,3.988375683506222e-05,normalized_phase_only_real_rows,0,-37.41736009294342,0.0012167514593874895,/mnt/home/sswee/yolk/Yolk-Sac-Flow-Data-and-Sim/gnn_clean/outputs_harmonized/ac/02_physics_weight_sweep_q10_k10_delta0p1/H1/q_0p1__k_0p1,0.06120423702795453,0.05176936467374403,0.4124428210553681,0.016611326901739165,0.030658452872912138,0.08109832724001262,0.13880664201983767,0.0024833152258264784,0.8491386000310415,1,2.05874950536307e-06,1.5961678869651405e-07,0.000641511996488677,1.8019245107063057e-06,1.3966477336592355e-07,0.0005626709531122682,q_0p1__k_0p1,/mnt/home/sswee/yolk/Yolk-Sac-Flow-Data-and-Sim/gnn_clean/outputs_harmonized/ac/02_physics_weight_sweep_q10_k10_delta0p1/H1/q_0p1__k_0p1/summary.csv,balanced,0.3994486217009152,0.48590725711732946,0.016972334362924946,0.41143416835246727,0.015941843489115017,0.6999397057710229,0.4210632805550188,0.44267793940912237,0.4642925982632259,0.2614204694441483,0.5*complex_flow_rmse_nl_s + 0.5*kirchhoff_rms_per_internal_node_nl_s,balanced,2,False,True,4,B4
/mnt/home/sswee/yolk/Yolk-Sac-Flow-Data-and-Sim/gnn_clean/datasets_upload/harmonized_scaled_dataset.gpickle,/mnt/home/sswee/yolk/Yolk-Sac-Flow-Data-and-Sim/gnn_clean/outputs_harmonized/dc/02_physics_weight_sweep/gnn/q_10__k_10__delta_0p1,loaded_from_b1_run_dir,taylor_ideal,Taylor-expanded ideal admittance,1,2.7733447429741864,17.425438940799154,17.425438940799154,0.001,0,0.0035,1,all,observed,constrained_least_squares,0.1,1.0,100.0,True,torch,4388,6443,4,4,2,2,2,1.0215429614010159,1,43.911099063797664,4.029301575658415,0.33562660473085243,0.3083562293019922,89.20419084925715,5411,1.0067006424899968e-05,0.09774872600825806,0.001771622517206376,0.6187929024675453,0.003543245034412752,0.1735609941441554,0.7923538966117006,0.482957445377928,1.463448119707758,0.07985160638685984,1.463448119707758,1.383596513320898,-97.36402073892843,72.84941882423357,170.21343956316198,True,8776,,,False,,,,,,,19600,8776,,1017.9040589345809,2.0926677318120515,2.0926677318120514e-12,6.596596718009096,True,torch_linalg_lstsq_real_mixed_cuda,2,1.3138225616905958e-05,normalized_phase_only_real_rows,0,-71.72228422739761,0.0004829569326195609,/mnt/home/sswee/yolk/Yolk-Sac-Flow-Data-and-Sim/gnn_clean/outputs_harmonized/ac/02_physics_weight_sweep_q10_k10_delta0p1/H1/q_0p1__k_1,0.06120423702795453,0.05176936467374403,0.4124428210553681,0.016611326901739165,0.030658452872912138,0.08109832724001262,0.13880664201983767,0.0024833152258264784,0.8491386000310415,1,2.05874950536307e-06,1.5961678869651405e-07,0.000641511996488677,1.8019245107063057e-06,1.3966477336592355e-07,0.0005626709531122682,q_0p1__k_1,/mnt/home/sswee/yolk/Yolk-Sac-Flow-Data-and-Sim/gnn_clean/outputs_harmonized/ac/02_physics_weight_sweep_q10_k10_delta0p1/H1/q_0p1__k_1/summary.csv,conservation_prioritized,0.807820283004554,0.11960107922885077,0.016972334362924946,0.41143416835246727,0.015941843489115017,0.6999397057710229,0.6357654820606282,0.4637106811167024,0.29165588017277655,0.15721819568890666,0.25*complex_flow_rmse_nl_s + 0.75*kirchhoff_rms_per_internal_node_nl_s,conservation_prioritized,1,True,True,1,K1
/mnt/home/sswee/yolk/Yolk-Sac-Flow-Data-and-Sim/gnn_clean/datasets_upload/harmonized_scaled_dataset.gpickle,/mnt/home/sswee/yolk/Yolk-Sac-Flow-Data-and-Sim/gnn_clean/outputs_harmonized/dc/02_physics_weight_sweep/gnn/q_10__k_10__delta_0p1,loaded_from_b1_run_dir,taylor_ideal,Taylor-expanded ideal admittance,1,2.7733447429741864,17.425438940799154,17.425438940799154,0.001,0,0.0035,1,all,observed,constrained_least_squares,1.0,10.0,100.0,True,torch,4388,6443,4,4,2,2,2,1.0215429614010159,1,43.911099063797664,4.029301575658415,0.335626628671206,0.30835625054615196,89.20347907355071,5411,1.0067006424899968e-05,0.09774870961474652,0.017589406142489477,0.6188120978913043,0.035178812284978954,0.17355363027840506,0.7923657281697094,0.48295967922405725,1.4634716510804457,0.07988013754426283,1.4634716510804457,1.383591513536183,-97.34466245576058,72.78184717002608,170.12650962578667,True,8776,,,False,,,,,,,19600,8776,,3218.8952657635423,2.0926677318120515,2.0926677318120514e-12,6.691205755982082,True,torch_linalg_lstsq_real_mixed_cuda,2,0.00013008099255489762,normalized_phase_only_real_rows,0,-71.73426148529185,0.000482954587789739,/mnt/home/sswee/yolk/Yolk-Sac-Flow-Data-and-Sim/gnn_clean/outputs_harmonized/ac/02_physics_weight_sweep_q10_k10_delta0p1/H1/q_1__k_10,0.06120423702795453,0.05176936467374403,0.4124428210553681,0.016611326901739165,0.030658452872912138,0.08109832724001262,0.13880664201983767,0.0024833152258264784,0.8491386000310415,1,2.05874950536307e-06,1.5961678869651405e-07,0.000641511996488677,1.8019245107063057e-06,1.3966477336592355e-07,0.0005626709531122682,q_1__k_10,/mnt/home/sswee/yolk/Yolk-Sac-Flow-Data-and-Sim/gnn_clean/outputs_harmonized/ac/02_physics_weight_sweep_q10_k10_delta0p1/H1/q_1__k_10/summary.csv,conservation_prioritized,0.8078203436957325,0.11960105526165377,0.016972334362924946,0.41143416835246727,0.015941843489115017,0.6999397057710229,0.6357655215872128,0.46371069947869314,0.29165587737017346,0.1572181893788614,0.25*complex_flow_rmse_nl_s + 0.75*kirchhoff_rms_per_internal_node_nl_s,conservation_prioritized,1,True,True,2,K2
/mnt/home/sswee/yolk/Yolk-Sac-Flow-Data-and-Sim/gnn_clean/datasets_upload/harmonized_scaled_dataset.gpickle,/mnt/home/sswee/yolk/Yolk-Sac-Flow-Data-and-Sim/gnn_clean/outputs_harmonized/dc/02_physics_weight_sweep/gnn/q_10__k_10__delta_0p1,loaded_from_b1_run_dir,taylor_ideal,Taylor-expanded ideal admittance,1,2.7733447429741864,17.425438940799154,17.425438940799154,0.001,0,0.0035,1,all,observed,constrained_least_squares,10.0,100.0,100.0,True,torch,4388,6443,4,4,2,2,2,1.0215429614010159,1,43.911099063797664,4.029301575658415,0.33562685287693494,0.30835644913816934,89.19698839202972,5411,1.0067006424899968e-05,0.09774855841067025,0.16412291314903382,0.6189998209771996,0.32824582629806764,0.17348454444233835,0.792484365419538,0.4829844549309382,1.4636885937542778,0.08014740266570157,1.4636885937542778,1.3835411910885762,-97.16501223815143,72.14737041038315,169.3123826485346,True,8776,,,False,,,,,,,19600,8776,,10179.040589345806,2.0926677318120515,2.0926677318120514e-12,7.375245015980909,True,torch_linalg_lstsq_real_mixed_cuda,2,0.0011813345794990419,normalized_phase_only_real_rows,0,-71.84699136775514,0.00048293710671742,/mnt/home/sswee/yolk/Yolk-Sac-Flow-Data-and-Sim/gnn_clean/outputs_harmonized/ac/02_physics_weight_sweep_q10_k10_delta0p1/H1/q_10__k_100,0.06120423702795453,0.05176936467374403,0.4124428210553681,0.016611326901739165,0.030658452872912138,0.08109832724001262,0.13880664201983767,0.0024833152258264784,0.8491386000310415,1,2.05874950536307e-06,1.5961678869651405e-07,0.000641511996488677,1.8019245107063057e-06,1.3966477336592355e-07,0.0005626709531122682,q_10__k_100,/mnt/home/sswee/yolk/Yolk-Sac-Flow-Data-and-Sim/gnn_clean/outputs_harmonized/ac/02_physics_weight_sweep_q10_k10_delta0p1/H1/q_10__k_100/summary.csv,conservation_prioritized,0.807820912079565,0.11960083420237182,0.016972334362924946,0.41143416835246727,0.015941843489115017,0.6999397057710229,0.6357658926102666,0.46371087314096837,0.29165585367167013,0.15721813202723642,0.25*complex_flow_rmse_nl_s + 0.75*kirchhoff_rms_per_internal_node_nl_s,conservation_prioritized,1,True,True,3,K3
/mnt/home/sswee/yolk/Yolk-Sac-Flow-Data-and-Sim/gnn_clean/datasets_upload/harmonized_scaled_dataset.gpickle,/mnt/home/sswee/yolk/Yolk-Sac-Flow-Data-and-Sim/gnn_clean/outputs_harmonized/dc/02_physics_weight_sweep/gnn/q_10__k_10__delta_0p1,loaded_from_b1_run_dir,taylor_ideal,Taylor-expanded ideal admittance,1,2.7733447429741864,17.425438940799154,17.425438940799154,0.001,0,0.0035,1,all,observed,constrained_least_squares,1.0,100.0,100.0,True,torch,4388,6443,4,4,2,2,2,1.0215429614010159,1,43.911099063797664,4.029301575658415,0.4055754323548146,0.3927087744914502,98.30221762187263,5411,1.0067006424899968e-05,0.019927342796794624,89.25624398653183,0.16836469824378847,178.51248797306366,0.018755656004900374,0.18712035424868884,0.1029380051267946,1.1851634153323078,0.018755656004900374,1.1851634153323078,1.1664077593274074,-167.73845727628094,56.94707938340511,224.68553665968605,True,8776,,,False,,,,,,,19600,8776,,8927.04531829784,2.0926677318120515,2.0926677318120514e-12,18.811240768060088,False,torch_linalg_lstsq_real_mixed_cuda,20,0.3988815448610571,normalized_phase_only_real_rows,0,-134.715525760061,0.0003105113141395093,/mnt/home/sswee/yolk/Yolk-Sac-Flow-Data-and-Sim/gnn_clean/outputs_harmonized/ac/02_physics_weight_sweep_q10_k10_delta0p1/H1/q_1__k_100,0.06120423702795453,0.05176936467374403,0.4124428210553681,0.016611326901739165,0.030658452872912138,0.08109832724001262,0.13880664201983767,0.0024833152258264784,0.8491386000310415,1,2.05874950536307e-06,1.5961678869651405e-07,0.000641511996488677,1.8019245107063057e-06,1.3966477336592355e-07,0.0005626709531122682,q_1__k_100,/mnt/home/sswee/yolk/Yolk-Sac-Flow-Data-and-Sim/gnn_clean/outputs_harmonized/ac/02_physics_weight_sweep_q10_k10_delta0p1/H1/q_1__k_100/summary.csv,conservation_prioritized,0.9851475212737362,0.005826771584319651,0.016972334362924946,0.41143416835246727,0.015941843489115017,0.6999397057710229,0.740317333851382,0.4954871464290279,0.2506569590066738,0.11633936518629961,0.25*complex_flow_rmse_nl_s + 0.75*kirchhoff_rms_per_internal_node_nl_s,conservation_prioritized,1,True,True,4,K4
