tile_id,boundary_node,is_pin,P_dc_Pa,P_h1_real_Pa,P_h1_imag_Pa,amp_P_h1_Pa,phase_P_h1_rad,P_h2_real_Pa,P_h2_imag_Pa,amp_P_h2_Pa,phase_P_h2_rad
4,16589,False,-0.7689937532818445,0.017654858122682977,0.012207474516961277,0.021464306404221964,0.6049655071584795,0.0017231453013527064,0.003189476197464205,0.0036251880149537944,1.0754620536652237
4,16614,False,-0.7278721996422138,0.01669362637118113,0.006907627035364977,0.01806633534174264,0.392336030633377,0.0019440014287041938,0.0019378493814708687,0.002744886478539864,0.78381334152161
4,16627,False,-0.7472347378109303,0.017204128494397012,0.009245055589966363,0.01953082410225671,0.4930980858921064,0.0018723588526808096,0.0024920446933604143,0.0031170522015067374,0.9264417621467299
4,17983,False,-0.7400913330299608,0.0167069318848954,0.012673740629035894,0.020970104304428475,0.6489771877174944,0.0016149940222009054,0.003328881779217753,0.0036999539985995244,1.1191022923508622
4,18012,False,-0.7309157244445494,0.016492872138115455,0.012281345709195332,0.020563226492770915,0.6400655168877372,0.0016380512986597033,0.003247888585916388,0.003637580559048376,1.1036800070450605
4,18117,False,-0.7219646413247481,0.01577065594053121,0.015347030510387352,0.02200556598411803,0.7717853498828371,0.0012908883585877051,0.004012351484871051,0.004214897055977072,1.2595261065926595
4,18139,False,-0.7206261944852792,0.015728535477666266,0.015323350773755483,0.0219588685320478,0.772350269737428,0.0012868867713881937,0.004009665793911287,0.004211115925884273,1.260235360648204
4,18451,False,-0.7420763880310409,0.015392960257926462,0.01891810004705239,0.024389295498074295,0.8877795634891033,0.0007303193416162047,0.004821688503555083,0.004876683951831817,1.4204734604066689
4,18465,False,-0.7415771199477441,0.015370191227889527,0.018979433638425306,0.02442256496802255,0.8900877234766391,0.0007202252555132396,0.004843090574958816,0.004896350757036716,1.423166361155477
4,18486,False,-0.6319350485332945,0.013498445559120538,0.01502356170268682,0.020196916565331922,0.838818845783044,0.0010443485392869457,0.004530312883172932,0.004649128809890453,1.344229758429836
4,18583,False,-0.5794895277721642,0.012328359824502236,0.014620618584603166,0.01912461617285022,0.8702531209254531,0.0008563647076668745,0.004895323205881252,0.004969662946576646,1.3976134634378503
4,18614,False,-0.5683060017397724,0.011934830104899295,0.014962312930973228,0.019139252281036977,0.8974841876365762,0.0006897681283598157,0.005100253840241879,0.005146685273630303,1.4363700152886254
4,19117,False,-0.7256309908632749,0.016624947818410535,0.006642775189646633,0.017902942556603872,0.3801327687858107,0.0019475505035433532,0.0018746450324443817,0.002703191994942343,0.7663262371465555
4,19200,False,-0.693671549071078,0.015585447311437555,0.004473536322267992,0.01621476780975439,0.2795183409771054,0.0019209978420515325,0.0013605826269832465,0.002354021621399276,0.6162538910083167
4,19358,False,-0.6697128474362629,0.014726592039859598,0.0029238535773665375,0.0150140411898441,0.19599367179544455,0.0018600528116707565,0.00099152432109921,0.002107822796521457,0.4897464123039686
4,19432,False,-0.6225649574258455,0.012883637526512464,-0.0005296776012604486,0.012894521095249611,-0.041089286818961304,0.001675517396528464,0.00016795945705460987,0.001683914761881848,0.09990957560138035
4,19438,False,-0.6180937239305934,0.01271678950163182,-0.0007229627284213484,0.01273732351538186,-0.056789911759428637,0.001657381516175273,0.000122841677885375,0.0016619276662915088,0.07398264853111186
4,19601,False,-0.7064199203103606,0.015910472047053162,0.011964087467640005,0.019906845799709222,0.6447562926979852,0.00166869413918979,0.003216584525142783,0.003623666118388169,1.0922392088349169
4,19791,False,-0.5827829402013355,0.011375338216964327,-0.002316397306192654,0.011608790463716094,-0.2008866342320369,0.001502091849614369,-0.00024775851630782955,0.0015223876664900346,-0.16347046817264668
4,19795,False,-0.5793290695990119,0.011232585919080815,-0.0025368795988879762,0.011515500185783794,-0.2221233430114331,0.0014826722132022909,-0.0002994317995233933,0.00151260579609097,-0.19927383761918258
4,19881,False,-0.5677566225264961,0.01081040551376294,-0.0029424811503565816,0.011203707542246895,-0.265751634799975,0.001433851698926176,-0.0003908884753097035,0.001486177813938637,-0.26614689336586045
4,19912,True,-0.5183120311241752,0.009176437148483478,-0.0037620676341144437,0.009917668658697922,-0.38907189290053534,0.0012739449461620445,-0.0005568595359105187,0.0013903338694667166,-0.41208664915510274
4,23502,False,-0.4969227707260015,0.010982814802729963,0.012586926897644271,0.016704878021635033,0.8533514857811942,0.0006386802960665615,0.005197843990497726,0.005236935618292151,1.4485350909895576
4,23530,False,-0.46922303833582546,0.01058823923069171,0.011736674001570642,0.015806970823832856,0.836794706082874,0.0005524142866929745,0.005265392499241803,0.005294291238231455,1.4662645634152909
4,23731,False,-0.3321976997524093,0.008897912199158923,0.002579687625903526,0.009264320253055857,0.28218413665414804,0.0012755695502906907,0.0036645304289136546,0.0038801882611624516,1.2358281791523855
4,23780,False,-0.3502158053062209,0.00871370393822806,0.0017753393364528494,0.008892719836059609,0.2009901379365651,0.0015582768222183196,0.0029298682772445216,0.0033184868203243786,1.0819875378190251
4,23790,False,-0.31269150628316084,0.007731553883660057,-0.0007597796480096296,0.007768795953651283,-0.0979554699476797,0.001655471879569104,0.0022982531688291678,0.00283241147647678,0.9465642315050768
4,26314,False,-0.2912749727538796,0.006887051930901471,-0.0023105391251054177,0.0072643014356217755,-0.32369056747206515,0.0016561533775427224,0.001793778878108448,0.002441410795727374,0.8252692549751603
4,26354,False,-0.29103595794483206,0.00559715835706987,-0.003624273732982762,0.0066680988119332705,-0.5746300557202837,0.0015468833092981344,0.0008339662099012878,0.0017573695148836133,0.49445693662922485
4,26382,False,-0.2836777292494417,0.004922602587274843,-0.004208390556360472,0.006476308154119057,-0.707338658010511,0.0014701009931683516,0.0004790839516888168,0.0015461948010779064,0.31503219801924254
4,26559,False,-0.26284951651467886,0.00382261081496756,-0.0048888194130433365,0.006205876948188415,-0.9071843750277767,0.0013133427263424668,0.0001168411036031342,0.0013185298480989582,0.08873106943072946
4,26569,False,-0.24880399901462447,0.003986823858886009,-0.005113844775508306,0.006484302034126443,-0.9086102043958595,0.0013853913814005753,0.00034493547374099954,0.001427686856668479,0.24401892750418425
4,26615,False,-0.23628238695215747,0.002600378155165752,-0.005360173399577736,0.005957635892147487,-1.1191157450912876,0.0011152397914884823,-0.00019022925545343194,0.0011313474100158804,-0.1689465379851914
4,27314,False,-0.2306840631151767,0.00239267544537556,-0.005412843578246243,0.0059180884911823285,-1.1545843939258635,0.0010820854471492447,-0.00022814250897878048,0.001105874278268246,-0.20779269739444245
4,27374,False,-0.18805882705946053,0.001093254052347102,-0.0055479514553417215,0.005654641436360195,-1.3762336647706463,0.0009032827556949166,-0.0003668488098532114,0.000974934759882178,-0.38577831885796776
4,27554,False,-0.14750737506434922,-3.6388634853937044e-05,-0.005537881977442087,0.005538001528423806,-1.577367090005165,0.0007486456658724859,-0.00045801998098589396,0.000877640379661269,-0.5490494246765449
4,27612,False,-0.03368623851469881,-0.0025997533743785752,-0.0056693834686788284,0.006237036677984311,-2.0007460367338408,0.0005661115998778647,-0.00041541158133558256,0.0007021745690524579,-0.6330509604452007
8,30,False,0.011601373039863114,0.010247172963619917,0.0151750082508221,0.018310800887969422,0.9768636788367582,0.0026006667166324827,0.0020706760175835037,0.003324329487399746,0.6724254952937679
8,162,False,0.011760418214593905,0.01024289443360953,0.015170179761367268,0.01830440494444619,0.9769097701913351,0.0025999654025536246,0.002070222444793448,0.003323498317346105,0.672450168775895
8,483,False,0.029783797587030172,0.010147748750035447,0.014258017306371116,0.01750051034120503,0.9522463012053498,0.002568539140483105,0.001836441442471652,0.0031575165063418196,0.6207058000468235
8,512,False,0.035780435633930734,0.01015195321495396,0.013925122663639744,0.01723285220954521,0.9408459738408765,0.0025658590204516787,0.0017439333507723992,0.00310240810416191,0.5969498874345174
8,807,False,-0.012006054963946964,0.008964325309924146,0.01748383162187251,0.01964798962856342,1.0970238904704246,0.0023693623130551823,0.0029486498658540176,0.0037826464019158758,0.8938997068228871
8,823,False,0.0062736464295184615,0.009633788281150142,0.015982354945209228,0.018661338275715374,1.0283377688930568,0.002503588551065266,0.002415127061140988,0.003478619604739872,0.7674154294540448
8,859,False,-0.01644122106136254,0.008765408321873067,0.017857063249308587,0.019892387763638858,1.1144833438535482,0.002319614956859054,0.003083217897774567,0.003858347593626273,0.9258020324283643
8,876,False,-0.04662953821561164,0.006886297032180912,0.020640786217144748,0.021759208222665093,1.2487826531903539,0.0017945249936709739,0.004128356469590368,0.004501516088266092,1.160753043435876
8,1513,False,-0.09095132239754239,0.006365843192461678,0.023225040197866982,0.02408166214661164,1.3032726508955377,0.001598240390619271,0.0048776084862424745,0.0051327806198269805,1.254152436041947
8,1718,False,-0.14592029812691226,0.002092455419484381,0.027540413121445978,0.02761978864116167,1.4949643850194931,-0.00010772182543908938,0.006352951710198145,0.00635386492017146,1.5877508871871222
8,1761,False,-0.14127498084246226,0.0015316798679542798,0.027498567361611964,0.027541191879782677,1.5151534722833047,-0.00031857894365193776,0.006393074569963724,0.006401007342634067,1.6205870233053632
8,1776,False,-0.15944277102342597,0.0010948806520389074,0.028410869942855833,0.02843195903472144,1.5322780018262254,-0.0005610743432150437,0.006595465956436011,0.00661928814912303,1.6556617058993213
8,5692,False,-0.18077653156288995,-0.0017833788503696301,0.030019154964194012,0.030072081818328437,1.63013461428012,-0.0018408615997289267,0.007059710093462391,0.007295771243199124,1.8258723633257328
8,5707,True,-0.1846148579267891,-0.001804881726776555,0.030166696827461363,0.030220641878153737,1.6305553626903742,-0.0018661097448334477,0.0070719174105402455,0.007313985332311285,1.8287915804785448
8,5930,False,-0.18854349642180804,-0.0016485499087615966,0.030230233097093273,0.03027515003936845,1.6252755173810942,-0.0018221523081604954,0.007028695601861371,0.007261046818314836,1.824456810654997
10,970,False,-0.13928139659543473,0.00630252760644085,0.02580044470737589,0.026559081334419487,1.3312085800808564,0.0015463461593018038,0.005570281765676379,0.0057809363768695984,1.300008536358199
10,1242,False,-0.15467160121781665,0.0054289286504709345,0.027040560945122777,0.027580159581097486,1.37266066166629,0.0012489307625036068,0.006006153197430489,0.006134631552141687,1.3657761408100486
10,1262,False,-0.16174917634884123,0.004125108802494863,0.02778564845602888,0.028090190151624832,1.4234110197137613,0.0007121389946851929,0.00628355240746547,0.006323778364642165,1.4579440424066454
10,1293,False,-0.16170940443247606,0.003864625698937821,0.027836615295486766,0.028103602667661997,1.4328456673729626,0.000598580160886185,0.006305727527502761,0.0063340743491146845,1.4761534998587322
10,1597,True,-0.1568683340835758,0.00419174740422477,0.027466009593198535,0.027784031911774417,1.4193491130368279,0.0007259924868012726,0.0061815038305301365,0.006223990255274396,1.453885966601833
10,1654,False,-0.16459457340061623,0.0031282500686586234,0.028194880886427978,0.02836789129794325,1.4602972725614658,0.00029623901602924933,0.006443547157569681,0.00645035328694811,1.524854152833265
10,1737,False,-0.15996645351919034,0.002133944392963172,0.028201427144581674,0.028282047515401126,1.495272290931181,-0.00011978963206333169,0.006498062922681092,0.006499166969933347,1.5892289068738759
10,1776,False,-0.15944277102342597,0.0010948806520389074,0.028410869942855833,0.02843195903472144,1.5322780018262254,-0.0005610743432150437,0.006595465956436011,0.00661928814912303,1.6556617058993213
10,1933,False,0.13212769647608322,0.009139357154080503,0.00934953836229429,0.013074468126002489,0.7967656436653693,0.0021818451959472233,0.0006246783513239225,0.002269509088259122,0.278847892678819
10,2319,False,0.1503184688760001,0.008717893372903586,0.00868750251410614,0.01230749222197263,0.7836521055593881,0.0020764590925308303,0.0005142627690144076,0.002139193436449431,0.24277823602924667
10,2392,False,0.17336059909267837,0.00823392847573061,0.007834414551979467,0.011365545720101391,0.7605398672759943,0.0019460766921004314,0.00035932892606980733,0.001978972402194391,0.18258630348239785
10,2443,False,0.16408368157298855,0.008215907410365991,0.008353877533374068,0.011717013459850545,0.7937245801257473,0.001977579293506616,0.0005141495041359991,0.002043323169425096,0.254358058745533
10,2463,False,0.1577776399519632,0.008075571100663113,0.008829578691536673,0.01196563029981721,0.8299708645311814,0.001977969492801274,0.0006781636055174492,0.002090997176062406,0.3302985475809444
10,2639,False,0.13646795407714066,0.007438851269354677,0.010557030585331705,0.012914619738389853,0.9569665182319295,0.0019315452700450074,0.0012925295571560563,0.002324112687964005,0.5897327520843062
10,2644,False,0.13713151455635905,0.0074549741377342655,0.010507965993886197,0.012883865441821234,0.9537500147238288,0.001933506523626674,0.0012756830816427812,0.0023164228460487366,0.5832176365839353
10,2706,False,0.11057609669527073,0.006514496639948727,0.01263832788217599,0.014218508998108427,1.0948608419058732,0.0017571798852203612,0.002039402000175872,0.0026919958520295662,0.8595975364715329
10,3120,False,-0.12077082167918392,-0.004447693126511864,0.02807462669375961,0.02842475396800438,1.727914497558478,-0.0027344928519339473,0.006887751729789829,0.007410706784679896,1.9487207746948896
10,3250,False,-0.14940850013624343,-0.009828518359404572,0.030520323475024543,0.03206384128829992,1.882341361030172,-0.005122344747093088,0.007640380136969987,0.009198577300076229,2.161400215248944
10,3372,False,0.03311365197138747,0.0003479090210300414,0.019932868875438922,0.019935904852610924,1.5533440623835035,-0.00017899288221171625,0.004874622009825773,0.004877907152720347,1.607499172867181
10,3391,False,0.09647284607346972,0.0059599724491162685,0.013773251767898318,0.015007456008802395,1.1624043145344274,0.0016307853210619876,0.002448034321046083,0.002941484795203063,0.9831437885890254
10,3396,False,0.07193709296674819,0.005366814855564656,0.015423307702513184,0.016330374220461453,1.2359330530301293,0.0014614143123435736,0.0029916548652553234,0.0033295240838787286,1.1163934230948742
10,3530,False,0.021759193338678713,-0.000933885898140028,0.02095174158019578,0.020972544388176882,1.6153400301870733,-0.0006864830016118936,0.0052603042525767784,0.00530490902289374,1.7005654752146306
10,3575,False,-0.09907111226017029,-0.011817836477508899,0.029353297580026468,0.031642966640799144,1.95354790187135,-0.005600093908534684,0.007858020451319338,0.009649328328840317,2.1899682496857786
10,3578,False,-0.09368352120980554,-0.010571590174821628,0.0287479605198812,0.030630111865238646,1.9231812602917817,-0.005079575793613382,0.0076225844282298925,0.009160015480803285,2.158603893127716
10,3622,False,0.03104048499246338,-0.00015691227453714583,0.020245515049463075,0.020246123112337738,1.5785466424757169,-0.00036092775863673344,0.0050156785172378515,0.0050286479132303375,1.6426324098074634
10,3690,False,0.011568079487041215,-0.00239627229910936,0.02192797561252212,0.02205851843154575,1.6796436453404868,-0.0012794843122406784,0.005637731731526766,0.00578109844077523,1.7939662151559692
10,3700,False,-0.08154761136455423,-0.012880589954919532,0.029154544789810482,0.031873140408309936,1.9868134592861535,-0.005855121770393841,0.008065878043365855,0.009966987486527275,2.1987023813841446
12,2732,False,0.10289448860502368,0.006078999310284506,0.013361047251321598,0.014678958282742271,1.1438093737479644,0.0016641025281152544,0.0023162176391704767,0.002852034602890371,0.9477902894912084
12,2914,False,0.05647150281200569,0.00688960956559664,0.015217040189089683,0.01670404238748008,1.1456526931429232,0.0018361417463118325,0.0026790363249884815,0.003247868861754867,0.9699540881341595
12,2930,False,0.05062866741348242,0.005311128114075323,0.016541980545383635,0.017373692820122383,1.2601233801305052,0.0014217226866017896,0.0032951817584358947,0.0035888045668059,1.1634709549138138
12,2992,False,0.017326458498252845,0.003199384042252655,0.019312168467295505,0.01957539039608211,1.4066207059595142,0.0007102974700217842,0.004314918658392634,0.004372990455565188,1.40764517375168
12,3164,False,-0.011561235750061263,0.002454274335046259,0.021040965131266257,0.021183618108501417,1.4546783752200705,0.00038530730488997946,0.004826169243629389,0.004841525718960486,1.491128217877513
12,3236,False,-0.07254340539134801,-0.003393151293539324,0.025752956965226583,0.02597553210530364,1.701799464302844,-0.002092823556656099,0.006397254183976624,0.006730881928373213,1.8869662097952167
12,3250,False,-0.14940850013624343,-0.009828518359404572,0.030520323475024543,0.03206384128829992,1.882341361030172,-0.005122344747093088,0.007640380136969987,0.009198577300076229,2.161400215248944
12,3492,False,0.08631231913450248,0.006773489389822485,0.013731466169324002,0.015311215551788415,1.1125372950671402,0.0018146267975973195,0.0022946710235735215,0.0029254718458714066,0.9016901147166843
12,6038,False,-0.2862423659476572,-0.0296002786588999,0.039701017711502445,0.049521180357636425,2.21146252965884,-0.014247209856911162,0.009741860641384985,0.017259398525528994,2.5418403603566295
12,6319,True,-0.35399169091380994,-0.04162410225310027,0.043928974398493296,0.06051711063889308,2.329260160698941,-0.01979503941439631,0.010321623771893752,0.022324414946556285,2.660952506874778
12,6916,False,-0.45322407231423273,-0.0617643127647542,0.0496678237116645,0.0792573217031421,2.4643258339055536,-0.029046029762441576,0.010549451950635782,0.030902472092365282,2.7932091147101143
12,6974,False,-0.4525983714228487,-0.0620905749273326,0.04984857894192822,0.07962487247924704,2.4651245387128613,-0.02916859494098701,0.010694312330957925,0.031067269707257053,2.7901732192535262
12,7069,False,-0.44841957704614704,-0.0625075150888522,0.04987747403159487,0.07996844289065222,2.4681068486252364,-0.029300211064766553,0.010825089071206336,0.031235955593505046,2.7876928060581125
12,7684,False,0.17524262782399982,0.004903265477842776,0.010598395824907406,0.011677671275028232,1.1374789975886292,0.0015402430385532359,0.0018089227257807182,0.002375826181701357,0.8654495971458905
12,8023,False,0.1902399261966055,0.0046000422485023545,0.010102838930329235,0.011100799211776716,1.1435256580611626,0.0015365791300183899,0.0017520876595008739,0.002330426267742303,0.8508352696271034
12,8200,False,0.12494917717842938,0.004525276541491031,0.013355484547020645,0.014101315373491803,1.2441044237857581,0.0013642184928743311,0.002604946301689833,0.0029405505149525746,1.0883665340703301
12,8325,False,0.15506367568172694,0.004680180518549841,0.011773379766424372,0.012669513045522478,1.1924277567435169,0.001464736496820846,0.002164157769254099,0.002613241637381029,0.9758001705824395
12,8818,False,0.20494267812091943,0.004119776697107497,0.009758383632283398,0.010592384582748424,1.171318207226603,0.0015126705252188092,0.0017813976429773065,0.0023369958665498004,0.8667970092999144
12,9492,False,0.2269472285858135,0.004241754994095877,0.008534706719335584,0.009530671760952071,1.1095510559303576,0.0015531180801725713,0.0014281352931753359,0.0021099161562896135,0.7434997977919858
12,9522,False,0.2519376437357238,0.0039996953780994295,0.007460988592165522,0.00846545414552663,1.078702134757596,0.0015776467556975857,0.001217921625023943,0.0019930635640802025,0.6574244696429123
12,10283,False,0.25875695066424936,0.0035342884135096536,0.007517607754519687,0.008306962196897439,1.131325100757604,0.001584559686662982,0.0013848212871569313,0.002104414264815858,0.7182333356674417
12,10299,False,0.2568383949220125,0.0031727695955667285,0.007913401035652797,0.008525748228608644,1.1894830700160435,0.0015611951473802873,0.0016027101888647006,0.0022374115038799815,0.7985188654206732
12,10347,False,0.2561466591321077,0.002380383314107412,0.008565761967327222,0.008890360105360777,1.2997405578401584,0.0014843327794715438,0.002020149164619573,0.002506839932569863,0.9371178121110642
12,10368,False,0.26942277663680114,0.0018360575086622038,0.008318294626294052,0.008518517046114737,1.3535543762421516,0.0014722075387933234,0.0021564286324074725,0.0026110494985631077,0.971771368747405
12,10559,False,0.3042419285268771,-5.4864540820290605e-05,0.00794404968251589,0.007944239137646865,1.577702586288406,0.0013308755445031535,0.0027612123993098424,0.0030652118408127983,1.1216606059664023
12,10577,False,0.2825980847346471,-0.0023541922702081863,0.010503342561387578,0.010763941016512667,1.7912896167224732,0.0007686554610330587,0.004053420875879127,0.004125657767530973,1.3833902601787984
12,10600,False,0.26127666527000126,-0.003374232530118617,0.012172368803949146,0.012631389767823058,1.8412106668921981,0.0004364603052618202,0.004728815896482171,0.004748915389948712,1.4787590766915915
12,10618,False,0.2551119667222574,-0.004291711878690236,0.012952427292081166,0.01364493179192699,1.8907556094464313,0.00014124829785005616,0.0051745632559397035,0.0051764907004037825,1.5435064426423601
12,11447,False,-0.4214811925791631,-0.063174599214274,0.04950123878127747,0.08025834926514,2.476955328886151,-0.029361803776091294,0.011396094747802095,0.031495817126827676,2.7713637530102204
12,11568,False,-0.3111791018845942,-0.05812761359274167,0.045657441233801874,0.07391496061018471,2.4757750647277175,-0.026412852529073633,0.012299185796710889,0.029136038680380116,2.7057993967962712
12,11598,False,-0.25831035024435683,-0.05304843510452506,0.0435798040882122,0.0686537383643889,2.453872956232195,-0.023750516781306793,0.012548287269054253,0.026861618729440796,2.6555329281096114
12,11961,False,-0.05992750299726963,-0.03478125741344773,0.03463230696388611,0.04908291508153674,2.3583403275697754,-0.014192590173534973,0.012431675169786025,0.01886733058386893,2.4222377793710135
12,11969,False,-0.20774080902437453,-0.04883740562137571,0.041516612621717935,0.06409930819758172,2.4370413203296764,-0.021517143638646558,0.012736005232205246,0.025003865693946355,2.6071500520181434
12,12050,False,0.04066846441876854,-0.031678180314279894,0.030305328575030467,0.04383970857641036,2.37833953069942,-0.012392735806286442,0.012872051188772693,0.017868116928507004,2.337225088661004
12,12082,False,0.16513101866852697,-0.025683955418334715,0.023989555621143795,0.03514490496261097,2.3902920011535738,-0.009255807913401757,0.012465058153095909,0.015525709481046377,2.2095061024868388
12,13076,False,0.2737040806248843,-0.006869897683297787,0.013307632663129409,0.014976267267773003,2.047349314545582,-0.0005941436368312214,0.006226222320076179,0.006254506458562644,1.6659342687557375
12,13140,False,0.3481374534691724,-0.010098884870725747,0.011251549053063001,0.01511902218153199,2.3022589938424076,-0.0015391795553632193,0.007790979496909669,0.007941563777047626,1.7658438507761576
12,13160,False,0.3268888703113949,-0.008724269523799837,0.011677507347997156,0.01457659276327737,2.2124390585455824,-0.0010409391588347232,0.007107625733394393,0.007183446101865436,1.7162163666581491
12,13213,False,0.3006322766194971,-0.01928120366289935,0.016532869376528186,0.02539883037684111,2.432783333011997,-0.005952367182295434,0.011438651174707212,0.012894704950850886,2.0506093167336292
12,13433,False,0.3692084888280619,-0.015681463075183026,0.012310847040845604,0.019936530265856837,2.4760297586951916,-0.00412379014993838,0.010398377346171498,0.011186236929106294,1.9483510936910347
15,17305,True,-1.2339050256817348,-0.0077358834338009256,0.07825119421972447,0.07863264773180664,1.669335764534076,-0.016626913195628732,0.011482722313707254,0.020206611644426765,2.5371961432951795
15,17381,False,-1.1320948888918814,-0.0013513024315198545,0.06829953164438275,0.06831289805815204,1.590578690167486,-0.012780868782068196,0.011557931403758267,0.017231842187021878,2.406398680254922
15,17621,False,-0.9817276922005214,0.004863296582292074,0.05468874039836976,0.05490455336315572,1.4821027966212128,-0.008381051520026474,0.010971739064527454,0.01380655940781105,2.223119282765296
15,18309,False,-0.8414420580700916,0.009772147548806008,0.04158516006014454,0.04271791667372691,1.3399926857152569,-0.0044643421400050965,0.009934665607759222,0.010891645030986788,1.9931263428286443
15,18380,False,-0.6728673325388352,0.011944080537006373,0.02625267033399393,0.028842048462962185,1.1438200982012625,-0.0011647609495890913,0.007643411321292528,0.007731649545611239,1.722020493564178
15,18617,False,-0.5274437670793455,0.011520821983980882,0.012631879875972927,0.017096599907220938,0.8313671476715505,0.000915037599491423,0.0048021077207964094,0.004888510240412258,1.3825044062230227
15,21189,False,-0.5109658842968142,0.011372080038474874,0.010947483890520953,0.01578517050698834,0.7663769611505946,0.001132030364556572,0.004400354523759115,0.004543634303181253,1.3189975123364124
15,21213,False,-0.47059632543341895,0.010717139589389878,0.007706656909187344,0.013200365210644473,0.6234277231983226,0.0014245819529488807,0.003668659677309072,0.003935542855640267,1.2004068616198231
15,21284,False,-0.37303211989100465,0.008654080172934108,0.0012750137794371261,0.008747500430255822,0.1462786048839253,0.0017169776606311097,0.002303265889337314,0.002872811522549136,0.9302113219314595
15,21290,False,-0.43125056511079174,0.009995477387033705,0.004833490530886654,0.011102801399055694,0.4504156052517864,0.001614271480238312,0.0030473004884143656,0.003448465264230049,1.0836421557789486
15,21425,False,-0.36839716709380166,0.008319242996237219,0.00042565534997693864,0.008330125239599103,0.05112057614984086,0.0017401746889308687,0.001960988144588333,0.0026217708616909367,0.8449880915187292
15,21485,False,-0.36881891803508193,0.00688641253687246,-0.0019249752493691063,0.007150399103454145,-0.27257502162554026,0.0015946146698174043,0.0006432408724131243,0.001719463510848563,0.3834195782162165
15,21518,False,-0.30953441000211135,0.005610104944055049,-0.003443801582141787,0.006582784123793911,-0.5505461353093126,0.0015254072136818523,0.0005921642496504842,0.0016363146598734465,0.370293424339497
15,22511,False,-1.2216855657828265,-0.007189733189469379,0.0773841139721785,0.07771739418299399,1.6634400433834928,-0.016384468870780163,0.011544273164851855,0.02004298039419993,2.5277952276896145
15,22538,False,-1.167582193382632,-0.005203599764619731,0.07360376645945735,0.07378747785043671,1.6413763595161603,-0.015577451628220985,0.011650042350735692,0.01945200467827159,2.4994506388806466
15,22965,False,-1.0428796881705982,0.0001417078335206263,0.06439199017397204,0.06439214610241682,1.5685956244347161,-0.013649659060994268,0.011862859767891648,0.018084264827579948,2.426116492672158
15,23090,False,-0.9033685670256545,0.0052889236628537355,0.05400813917595323,0.054266488837593205,1.4731793095795769,-0.011734097543483622,0.011721365966409198,0.01658551974701077,2.356737288070489
15,23141,False,-0.8316623961718295,0.007769356566820363,0.048735886752891866,0.049351287308976,1.412709009541147,-0.01089423345849466,0.011561370845906745,0.015885515996805613,2.326494055383969
15,24471,False,-0.7351808864117937,0.01068646816898769,0.041786050300322584,0.043130900774594035,1.320420321023396,-0.010071474060264856,0.011121816042876138,0.015004312108129612,2.306674887963099
15,24486,False,-0.7240063678995382,0.011005380987228492,0.04098686252539551,0.042438677057016296,1.3084738052485212,-0.009987710432022383,0.0110610505531451,0.014903060055343005,2.305245589252834
15,24603,False,-0.3369088061447523,0.021661528635909984,0.01349445286995429,0.025521012540723493,0.5571372228063669,-0.007411835918297639,0.008715356944764647,0.01144083731002344,2.2755422997951555
15,24614,False,-0.24454973597029864,0.024234974879880408,0.007011625097827303,0.025228890065575937,0.2816286189703871,-0.006870610213185401,0.008120960796350087,0.010637447483178592,2.2729835037135877
15,24938,False,-0.15868129469456516,0.026814155853085435,0.001177016650647485,0.02683997619800467,0.04386718607620895,-0.006508018781117614,0.007512008790542353,0.009939043441124763,2.284705396427525
15,24995,False,-0.09638257721899514,0.026792710244666753,-0.003923831576175198,0.02707851134188991,-0.14541770083584105,-0.005537964243624074,0.007103505961246197,0.009007155206008111,2.232980094368899
15,25146,False,-0.11913923976638342,0.024386309847350737,-0.0030290867967738807,0.024573715119887457,-0.1235796271976097,-0.004925498106954808,0.007191643216236481,0.008716665862086007,2.1713104907789234
15,25189,False,0.08550779540562785,0.027181529024972253,-0.01753963790286988,0.032349256836891924,-0.5730484227870766,-0.003494698063292451,0.005490727953061289,0.006508533475992008,2.1376031186223035
15,25227,False,0.1986847077137187,0.0253699805143686,-0.02555718676105689,0.03601118862852189,-0.7890741071714862,-0.0021456122833428317,0.004079917445100975,0.004609704809342015,2.054945473686279
15,25910,False,0.18394453836974534,0.014789291693425176,-0.02417113039097967,0.02833666693827903,-1.021703537767493,-0.0003869170055793805,0.0026746799798271366,0.002702520631502118,1.7144589279549423
15,25924,False,0.14434870754761825,0.009832134520732744,-0.02138229362196377,0.023534514011758496,-1.1398012083305562,0.0002688161831889381,0.0023732733617008767,0.0023884489924851336,1.4580089212097107
15,26150,False,0.1071072658580899,0.006633309679813076,-0.018895833006609613,0.02002631524574551,-1.233189817539078,0.0006898184034934018,0.002046374525012011,0.002159513400378965,1.2456659519728202
15,26378,False,-0.2992074083423653,0.005423746956303789,-0.003684465159678033,0.006556852488724746,-0.5967122003773369,0.0015164508826161808,0.0006058712545813867,0.0016330043651244222,0.38010320524811775
15,26422,False,-0.23303234478978863,0.004492622133546756,-0.005348377205935205,0.006984897448910863,-0.8721381156613195,0.0014694566905953952,0.0007636641981678883,0.0016560452811137062,0.47927644931449426
15,26503,False,-0.19541215995653677,0.004049137362669838,-0.006477747152344143,0.0076391571231040605,-1.012136469186072,0.0014420979944145965,0.0008318012265676488,0.0016647942533580679,0.523185508842449
15,26526,False,-0.12441406113023784,0.0031775775966110574,-0.008680677507877209,0.009243979737009907,-1.2198936415983406,0.001362171903343143,0.0009102382335560587,0.0016383058127482596,0.5890811374816838
15,26535,False,-0.10756786332674059,0.0029958833349710617,-0.009201308567907351,0.009676745130393927,-1.256028008484945,0.0013403458522644005,0.0009366010315958305,0.0016351600827040622,0.609903773957501
15,26852,False,-0.07254187509995144,0.0032173782961770463,-0.010571914243634987,0.01105065128738951,-1.2753694122406767,0.001305914883172712,0.0011586957413465254,0.001745849221183368,0.725735830219173
15,26885,False,-0.04082720558146769,0.002889060924403321,-0.011641750486060936,0.01199487504747816,-1.327546606456595,0.001251996757467096,0.0011597345354317596,0.0017065989784894521,0.7471612115926619
15,27005,False,0.0121948910004532,0.003251200136218127,-0.013733905524093377,0.014113485156773551,-1.3383474220498548,0.0011542864639866451,0.0014223928688029473,0.0018318238764041348,0.8890762093223546
15,28332,False,0.05529923461084556,0.004368591424812618,-0.015961975234844807,0.016548995269645383,-1.3036508431457152,0.001013449523786355,0.0017097825382735344,0.001987570442889479,1.035735183726011
15,28370,False,0.0731208530917564,0.00317937316954252,-0.01593603066110709,0.016250091906907856,-1.3738734320946246,0.0009874925945648006,0.0014664024195140603,0.00176790205618892,0.9781385876251855
15,28421,False,0.11146731968822168,0.005925444421626051,-0.018753484594144026,0.019667335254593507,-1.2647578702592057,0.0007255445612727284,0.0019283316384461023,0.0020603101267102158,1.2109257728909182
15,28490,False,0.11710951791016448,0.003936059991970563,-0.01799709305342646,0.018422484268797255,-1.3554812672996506,0.0008248405454399152,0.0015923544154724243,0.0017933082584642673,1.0928521561920748
15,59738,False,-0.10585078135020987,0.027647708785715923,-0.0027898477157325464,0.027788109892123495,-0.10056660449430713,-0.006035694141251912,0.007178022730130527,0.009378358815966319,2.2699586861754897
22,9021,False,0.15837273916646755,-0.003052120068798877,0.016427947032497812,0.016709065821191756,1.7544901820258945,-0.0002804366888131063,0.005104126258986734,0.005111824488781903,1.625684273407683
22,9115,False,0.17615906144721905,-0.00346620665791609,0.01594774661186526,0.016320086108585385,1.7848154099622267,-0.00022525605745182743,0.005191833816682209,0.005196718067344398,1.614155741661409
22,9148,False,0.19540541930813443,-0.004070557935552886,0.015453231713567618,0.01598035707673344,1.8283571458947767,-0.00023242822368776145,0.005324812087018493,0.005329882422833067,1.6144186690082813
22,10479,False,0.2317044826069976,-0.003682243103049144,0.013690986958191195,0.014177518758912449,1.8335327997815305,0.0001612814603787618,0.005016392688389362,0.005018984689515216,1.5386565136405457
22,10596,False,0.2512636748566438,-0.0033382765799202965,0.012621167752465584,0.013055189234933422,1.8293731573418326,0.0003870696601606451,0.004765876752892133,0.004781569213717871,1.4897573129950814
22,10946,False,0.31646065425564196,-0.003148747132404129,0.009383222766428702,0.009897448054334467,1.8945603551886616,0.0007746305600518166,0.004280269583978736,0.004349800020242274,1.3917571635328998
22,11094,False,0.46081992170465896,-0.002808325384593302,0.0019214375458681807,0.0034027362090563317,2.5415541412965053,0.0013737468765070771,0.0030985794018411924,0.0033894505144975154,1.1534885248348363
22,11268,False,0.03760903579337814,-0.01147678268027854,0.024867146007611265,0.027387798218443893,2.003192113588864,-0.0040607589267213145,0.007958168428945544,0.008934327495923374,2.042620588991712
22,11303,False,-0.02492028344763307,-0.02130422832538647,0.03010802779419757,0.03688310564738784,2.1866000763840825,-0.008349390874742095,0.009866544416156343,0.01292520896137515,2.2730991120513004
22,11513,False,-0.05444591637358878,-0.02634054184746057,0.032440777687990134,0.04178789539830188,2.2527861874433412,-0.010620657613354246,0.010694054768282002,0.015071867021942388,2.3527510064845116
22,11542,False,-0.19782845492806533,-0.04305450704356924,0.040495008856151746,0.05910614451158662,2.386819418860138,-0.01886629690368708,0.012215731243598574,0.022475792503800687,2.5669842304273236
22,12220,False,-0.3186144882387777,-0.059399969527963455,0.04589119356409823,0.07506236091850907,2.483796635005168,-0.027048126651049102,0.012206789510757458,0.029675020901275384,2.7176590953706623
22,12226,False,-0.3121304183093697,-0.05848425473433304,0.04568395605294109,0.07421207376483566,2.4784625886195,-0.026583748785616347,0.012282696915444872,0.0292841312490816,2.7087733030474945
22,12309,False,-0.3479508271664713,-0.06749070300222659,0.046199337249947965,0.08178859183326968,2.541325612147601,-0.031146662163050128,0.011365796999243038,0.033155631577865934,2.7916952788229157
22,12422,True,-0.3697284639568542,-0.07058841397238558,0.04648298452487046,0.08451858989285273,2.559260148118419,-0.03268070995362679,0.010688335250321871,0.03438414334393623,2.825504703700059
22,14209,False,0.30380952602177036,-0.0294976039022483,0.017316184666241723,0.03420466177832079,2.6107593078424833,-0.01466902744198145,0.01431436405669961,0.02049588701279695,2.3684306594688134
22,14259,False,0.37986785127069744,-0.025633989610526042,0.013263018654413953,0.028861896804955312,2.6641223715554028,-0.01355205739646933,0.014065536700028199,0.019531963094810496,2.33760416159486
22,14291,False,0.49049502197257233,-0.020123334853367453,0.007139862735035344,0.021352429498675312,2.8006435117928232,-0.012318314629582447,0.013467957762323806,0.018251760506896943,2.3116404611925554
22,14592,False,1.2052370966586166,0.011434924679875457,-0.03520360812966311,0.037014207107289324,-1.256724961339781,-0.006426614267819259,0.007310763265195964,0.009733890818530728,2.291922309257931
22,14594,False,1.2240509964396407,0.01195494549799004,-0.03642812907888571,0.03833965714567451,-1.2536918597620037,-0.006176244829842914,0.007098162861636363,0.009409033755305326,2.2868550465912745
22,14642,False,1.0710518757235215,0.010123816566697582,-0.02569614878906592,0.027618539506388717,-1.1954887408871158,-0.009394796820140904,0.008887400770493208,0.012932443688146989,2.3839409266737386
22,33890,False,0.5317828609178363,-0.0028360941796735347,-0.001705725053825212,0.003309520834686665,-2.6001189976720838,0.001508938282708663,0.002688714708187174,0.003083193396958064,1.0593860175487366
22,33921,False,0.5702625948144401,-0.0030534746797989797,-0.003544436928135984,0.004678326704892203,-2.2819196127224544,0.0014998313189253556,0.002643820231648565,0.003039618298817081,1.054770315268977
22,34023,False,0.6045758810029164,-0.0031684828430950766,-0.005237439144472215,0.006121278650660964,-2.1148607295001525,0.001472066431156395,0.0025969315989394183,0.0029851353917883807,1.055109795490288
22,34079,False,0.6728200058137759,-0.003531756980031723,-0.00838015517760683,0.009093970978993355,-1.9696502328328576,0.0011901868386051185,0.0032978109809484292,0.0035060094091221273,1.2244423933694688
22,34189,False,0.7811575831602752,-0.0032936514704344183,-0.01378134869141904,0.014169464060548378,-1.8053893189163057,0.0006228803007165564,0.004212245074665854,0.004258049839781997,1.4239865276303287
22,34246,False,0.89519574132023,-0.001971590953306219,-0.019789144729734233,0.01988711693588407,-1.6700985523867413,-0.00022667379406811664,0.00515657420915174,0.005161553892327981,1.6147262600163639
22,34270,False,0.7381952166390968,-0.003499646399548543,-0.011608116277697296,0.012124186093854466,-1.8636128535974676,0.0008898323813554766,0.003813406299070187,0.003915848473664034,1.3415550481006637
22,34975,False,0.9956293097585246,0.0002730133914805075,-0.02559223898457613,0.02559369517196737,-1.5601289117309858,-0.0006461485884765176,0.005169101987102697,0.005209330412966646,1.695153386171363
22,34985,False,1.133622457496144,0.003915001066089883,-0.033655311623993184,0.03388225544227503,-1.4549904156615407,-0.0012210112481939846,0.005027891495138878,0.005174027575796838,1.809032048330048
22,35043,False,1.3019872830591561,0.009170163938269905,-0.04354081810695082,0.04449600822632657,-1.3632192601513706,-0.0018882765060580992,0.004581153720647939,0.004955053740933335,1.9617614982083065
22,35076,False,1.3160593499139794,0.009701709657183661,-0.044383860674895845,0.045431819891798925,-1.3555947327237856,-0.0019033584578454703,0.0044811078927095875,0.0048685830962566555,1.9724566927363063
22,35215,False,1.295627296439919,0.009568993838933091,-0.04265008149619537,0.043710354548111896,-1.3500906479306782,-0.0029550785495503894,0.005377423529401671,0.006135892196622718,2.0732819063048766
22,35266,False,1.3456022950019324,0.01182485325903268,-0.045602134255028313,0.047110315252726576,-1.3170795389822116,-0.0029135005758776336,0.0049687520202662165,0.005759946375144383,2.1011295046238296
22,35278,False,1.4951580329044998,0.019378223822384313,-0.05419646910661016,0.05755669224455287,-1.2274068268516811,-0.0029142557600165355,0.003707644800367605,0.0047158791969772185,2.236950022577861
23,7586,False,0.2029238469790033,0.006076581405947186,0.00817082223360152,0.010182690094283534,0.9313440820705425,0.0016844109525463048,0.00088937990981351,0.0019047931333973874,0.48580095825882763
23,7614,False,0.20874336199905896,0.005924621972171617,0.007993417425810709,0.009949666710819665,0.9329590438038287,0.001661440131329332,0.0008713899999583287,0.0018760873759020406,0.4830382702371558
23,7635,False,0.18721650901311612,0.005615570886156368,0.009387232025681699,0.010938681889580259,1.0316913110294907,0.001632707164817959,0.0013231496586834758,0.0021015369864273376,0.6810517075531334
23,7653,False,0.17689284991751889,0.005132242775528396,0.010318951685608655,0.011524785455568754,1.1092622507613161,0.0015651347800750258,0.0016810049943136638,0.0022968292645967354,0.8210777857031949
23,7684,False,0.17524262782399982,0.004903265477842776,0.010598395824907406,0.011677671275028232,1.1374789975886292,0.0015402430385532359,0.0018089227257807182,0.002375826181701357,0.8654495971458905
23,7988,False,0.22339426635807744,0.005651032755003447,0.007445774782708967,0.009347391791989176,0.9215864999546801,0.0016044531985222401,0.0007718071844998427,0.0017804371362937308,0.44836540092850063
23,8082,False,0.23631721489424376,0.005597369111692412,0.006800569907605327,0.008807853997470408,0.882143645701822,0.0015736841079419459,0.0005976888101998904,0.0016833637709738197,0.36297422573740257
23,8119,False,0.23945349845707115,0.005292918405643618,0.006920869112779098,0.008712830454279523,0.9179051053863827,0.001567901430799639,0.0007063229186100681,0.0017196531516725693,0.42326080723203824
23,8336,False,0.15939326464581322,0.003990903520167247,0.012080669971491417,0.012722810140349409,1.2517291264647787,0.0013599017358722153,0.002394903303666924,0.0027540687291974053,1.054365989220579
23,8388,False,0.14695692362766677,0.0030432060275724262,0.013332131258947966,0.013675043942601085,1.346380164247969,0.001127527163883431,0.0029078308706137986,0.003118781473170189,1.200889987911862
23,8407,False,0.14193453629351305,0.0027037427209965752,0.013765551304915238,0.014028564695990661,1.3768515085453636,0.0010188461461217815,0.0030782172990126847,0.0032424480272485717,1.251160058493896
23,8409,False,0.14482681406366948,0.002851943335773379,0.013546595411588237,0.01384354824586983,1.3632980849308414,0.0010707458187350636,0.0029977093599254556,0.003183199336347522,1.2277323484157343
23,8594,False,0.10430154158925854,-5.5946631677360324e-05,0.01702181337774832,0.017021905319102432,1.5740830759195084,8.828113989918558e-05,0.004370228161332319,0.004371119735464125,1.5505984946728295
23,8599,False,0.08517380125964256,-0.0010302068358866024,0.018356852150739397,0.018385737597627492,1.6268586240951233,-0.0003105133911023552,0.004831163246361829,0.004841131776666614,1.6349810485728253
23,8651,False,0.05684327309528817,-0.0042339148919088195,0.020998955363990456,0.021421534998472703,1.7697539208879074,-0.0015326374984523515,0.005903835955913896,0.0060995292192106134,1.8247899439779436
23,8665,False,0.04692801937919035,-0.0065962858363508145,0.022415261802259265,0.02336567885807441,1.856994010608556,-0.0023871753437289516,0.0065718714881996335,0.0069920026443872785,1.9192183883069962
23,9457,True,0.2489095316756542,0.00505101366345287,0.006641687918681169,0.008344145099262295,0.9206080625463485,0.0015455885147543005,0.000684369039081385,0.0016903268437179783,0.4168407996091579
23,9592,False,0.2794524325411206,0.004627547528207088,0.005374643264130343,0.007092318826905429,0.8599529300401944,0.001435623016932263,0.00041724181615858906,0.001495026481336371,0.2828427538570397
23,9930,False,0.3030874366562097,0.004283059578874817,0.004402913116701539,0.0061424948733730155,0.7991958042868449,0.0013406966483825399,0.00021508980757145547,0.0013578406122609905,0.1590758418986929
23,10045,False,0.3135159022378022,0.0040909967649852205,0.004012711199670371,0.005730454231828361,0.7757380015960369,0.0012996348333097281,0.0001484059745102105,0.0013080806677045304,0.11369803695824952
23,11248,False,0.02590009632629396,-0.010893835600055222,0.025012394878186513,0.027281780580148383,1.9815583576098392,-0.004000185259664526,0.007774147323067755,0.008742931356953393,2.0460158380353217
23,11261,False,0.028004503420833143,-0.011369428194127658,0.025142184814497436,0.02759335707571245,1.995482633858603,-0.004132840152976273,0.007909223572729534,0.008923910872116187,2.0523083877169674
23,11296,False,0.09178174249126268,-0.011925126183243094,0.02305793542757549,0.02595914137001667,2.048094075677733,-0.00367126352832908,0.008063930401604082,0.008860313166945842,1.998023923272211
23,11322,False,0.05853108989089428,-0.013576970881570543,0.024822277149831547,0.028292747855626604,2.071308093899485,-0.004601842528175403,0.008422008088231906,0.009597248297942876,2.0708766614324507
23,11726,False,0.10743323039248014,-0.011056294820650151,0.022150856273627242,0.02475685942958086,2.033752678504277,-0.0032184064774368757,0.00784627042981825,0.008480689825235203,1.9600501834064405
23,11793,False,0.14946226220989475,-0.010958521622920539,0.020463005671742533,0.02321257842812349,2.0624610926780327,-0.0028359070312180715,0.007894656286860126,0.008388561651282787,1.915659946885319
23,11827,False,0.17730743407894958,-0.010498712133617607,0.019160532079372163,0.02184831677794011,2.072052180331117,-0.0024536321450769043,0.007782401371910198,0.008160029523038776,1.8762114632435736
23,12986,False,0.19930292747276537,-0.009825774531189246,0.017964226609904464,0.020475821908528286,2.071305188811427,-0.00205696190918807,0.007553705462791727,0.007828764814098084,1.836661475331716
23,13160,False,0.3268888703113949,-0.008724269523799837,0.011677507347997156,0.01457659276327737,2.2124390585455824,-0.0010409391588347232,0.007107625733394393,0.007183446101865436,1.7162163666581491
23,13488,False,0.4529690044789403,-0.0070572089595598644,0.004781035327958342,0.008524230000772959,2.5461492322237587,-5.4834940235509205e-05,0.006091738562052769,0.006091985356111041,1.579797609220859
23,13588,False,0.5320384575890853,-0.005735777108737467,0.00011970229426107713,0.005737026030999694,3.120726270803607,0.0004861464872057397,0.0052093256534476865,0.005231960643075466,1.4777434912626155
23,30407,False,0.3404019145254859,0.003568279592646154,0.0030295030336526226,0.004680866146580721,0.7039187078681619,0.001185333404945069,-6.415782675094046e-06,0.0011853507679779876,-0.005412586868591604
23,30456,False,0.36854655584769336,0.002716909449707364,0.002270241256738101,0.0035405638423427646,0.6960726963215711,0.0012028271079070434,7.128885586783255e-05,0.0012049378210044562,0.05919849957390161
23,30495,False,0.3703006387329535,0.002659815761430026,0.002225522591764003,0.0034680788184820073,0.696733980944271,0.0012091505569923212,8.219939913086871e-05,0.0012119413396251143,0.06787667782086193
23,30507,False,0.3692108361908282,0.0022653260058320157,0.002657245213895794,0.0034917981097811104,0.8648473420696048,0.0013935395184777673,0.00043105836202553006,0.0014586856073298936,0.2999908792507978
23,31121,False,0.39364773590601165,0.0015342740194930074,0.001981642618898776,0.0025061732254429716,0.9119590271521011,0.0014365173651471293,0.0005981011260809195,0.0015560549789093298,0.3945254917100138
23,31129,False,0.38923349462761175,0.0017131472724893609,0.002059618538787663,0.0026789740764993535,0.8769761141017365,0.001415438052191241,0.0005231250713554129,0.0015090144863027458,0.3540150900380451
23,31178,False,0.416711507523379,0.0007117028456429364,0.001468190079172683,0.0016315952467071428,1.1194242439587105,0.001520641811698998,0.0009395488548840328,0.0017874852643311799,0.5534508793299698
23,31339,False,0.4341517432754318,-0.0001205136712593933,0.0012594755538430985,0.0012652281279234969,1.666191494426098,0.0015979526152969325,0.0014432959251922959,0.0021532662836748714,0.7345889056547014
23,31358,False,0.47444800507467505,-0.0010546058683597783,-0.00012721316810309423,0.0010622507838160009,-3.021546397501635,0.0015851756219616025,0.0016600447131450572,0.0022953279073156863,0.8084646441403823
23,31415,False,0.5213457237265864,-0.0024626605767146823,-0.0014644375954677735,0.002865183168162923,-2.605111318532892,0.0015441020919164114,0.002374647437773252,0.002832525679315848,0.9942490507367255
23,33921,False,0.5702625948144401,-0.0030534746797989797,-0.003544436928135984,0.004678326704892203,-2.2819196127224544,0.0014998313189253556,0.002643820231648565,0.003039618298817081,1.054770315268977
23,33960,False,0.6142080481396796,-0.004117041709997734,-0.004995092046130542,0.006473096399033284,-2.26013052427576,0.0010510721624831746,0.003927223771920971,0.0040654445323344696,1.3092878197404674
23,33982,False,0.6028854817623235,-0.0034080009008251528,-0.004940005007039888,0.006001509777514672,-2.1746966674680945,0.0013744849685008663,0.003025100329583732,0.00332271589707613,1.144322438161036
26,9512,False,0.2528987034156546,0.00448316109260548,0.006965990927364579,0.008283946099678413,0.9989486869621013,0.0015675209478996006,0.0009397360135708678,0.0018276284352422756,0.5400551534670199
26,9522,False,0.2519376437357238,0.0039996953780994295,0.007460988592165522,0.00846545414552663,1.078702134757596,0.0015776467556975857,0.001217921625023943,0.0019930635640802025,0.6574244696429123
26,9538,False,0.2503442237230316,0.004977796694999382,0.006634426805350612,0.008294219612013026,0.9271045704334641,0.0015447877662756503,0.0007015774751231673,0.001696637909642217,0.42630620399582003
26,9568,False,0.2712682514765494,0.004679060054755786,0.005776420284059286,0.007433749679273763,0.889970812011399,0.0014785500918940142,0.0005280927525463973,0.00157002940403415,0.34304742252454606
26,10006,False,0.30895160448945264,0.004114067615641404,0.0042431869459817195,0.005910176630577043,0.8008469040331864,0.0013311040108879928,0.00021700196822323564,0.0013486762925234727,0.16160243097722124
26,10045,False,0.3135159022378022,0.0040909967649852205,0.004012711199670371,0.005730454231828361,0.7757380015960369,0.0012996348333097281,0.0001484059745102105,0.0013080806677045304,0.11369803695824952
26,10182,True,0.2514036970541728,0.003627319774004944,0.007820578192584068,0.008620840562799475,1.1365114958844622,0.0015803113802296458,0.0014332779264447043,0.002133464242240061,0.7366466796288929
26,10201,False,0.25135006674891114,0.00332128541595816,0.00807543927910271,0.008731761355232475,1.1806018058285195,0.0015614274202506826,0.0015940388339865806,0.0022313707430563837,0.7957326908831374
26,10271,False,0.24263751835429237,0.0017458826684366257,0.009691745897659245,0.009847743134177607,1.3925666299992376,0.0013393729542534563,0.0024764954131533392,0.002815483873502947,1.0750175671255517
26,10344,False,0.24526511933242715,0.002299280581847789,0.009170961591855955,0.009454799189478294,1.3251465853411935,0.0014391806230462474,0.002186904796619167,0.0026179750677246152,0.9887548003471904
26,10438,False,0.24058049914486113,0.0006433845693459904,0.010550196243263569,0.010569795857794285,1.5098885713317372,0.001137946214945622,0.003014319092248073,0.003221962317905086,1.2098238444377192
26,10462,False,0.24462452548284946,-0.002855678752975957,0.012643968011294854,0.01296243913045866,1.7929225669473048,0.0004622672381896156,0.004592298877506924,0.004615506470567971,1.470472864938461
26,10502,False,0.2467291115742511,-0.0031473984044617,0.012722384347154279,0.01310592156977617,1.8133175881453918,0.0004079914387194729,0.004704953281575987,0.0047226097018365845,1.484297403821442
26,10510,False,0.23621591645172527,-0.003880924577253955,0.013595586216759317,0.014138654113870587,1.8488560152991464,0.00013636379233758023,0.0050799130302366345,0.005081742956764799,1.5439590459692114
26,10520,False,0.23537322901327726,-0.004318829864170958,0.013855122648128772,0.014512639835341665,1.8729645798686196,-1.088709580824644e-07,0.00526684274726531,0.0052668427483905465,1.570816997804701
26,12980,False,0.21996176124034933,-0.009125566829737211,0.016755415510120285,0.019079306037714773,2.069510336882669,-0.0016828090254580284,0.007271357994262396,0.007463544285182922,1.7982222666097136
26,13140,False,0.3481374534691724,-0.010098884870725747,0.011251549053063001,0.01511902218153199,2.3022589938424076,-0.0015391795553632193,0.007790979496909669,0.007941563777047626,1.7658438507761576
26,13488,False,0.4529690044789403,-0.0070572089595598644,0.004781035327958342,0.008524230000772959,2.5461492322237587,-5.4834940235509205e-05,0.006091738562052769,0.006091985356111041,1.579797609220859
26,13656,False,0.5953837878526511,-0.0056543834775742464,-0.0031209024273241128,0.006458489333609073,-2.637258235805973,0.00044865538072348253,0.005229561539979969,0.005248771813585518,1.4852137272406711
26,30419,False,0.36209891193549104,0.002871928571949334,0.0024814715255925108,0.0037954808199627834,0.7125908130417095,0.0012139095163721746,8.140024737220071e-05,0.00121663565384678,0.06695603568283942
26,30456,False,0.36854655584769336,0.002716909449707364,0.002270241256738101,0.0035405638423427646,0.6960726963215711,0.0012028271079070434,7.128885586783255e-05,0.0012049378210044562,0.05919849957390161
26,30562,False,0.38832692312475126,0.0026046117587542827,0.0013263812374744261,0.002922890624187855,0.47101492187129457,0.0009018267269542487,-0.00029250360747053297,0.0009480768986913924,-0.3136399797308682
26,30863,False,0.397951879195211,0.002347549094901441,0.001022791354709941,0.002560681336723094,0.41088581188775714,0.0008972105293524656,-0.0002967058822300085,0.0009449979441939645,-0.3193770375453787
26,30877,False,0.3989270664660084,0.0023428535261072977,0.0009812288209475179,0.0025400339847827733,0.3966226595382898,0.0008747022309949555,-0.00031992057427658225,0.0009313716587662579,-0.35063474189219274
26,30967,False,0.407878196443368,0.002117513681624675,0.0007312799021668454,0.0022402309004164807,0.33252483454646525,0.0008266422385375078,-0.0003483882600864262,0.0008970572837340709,-0.3988598127236584
26,30968,False,0.4080981652886347,0.002122554258138704,0.000730639869842614,0.0022447875619190285,0.33152234731670793,0.0008075013482892372,-0.00036220939349322764,0.0008850164248327076,-0.4216522589587693
26,31060,False,0.4330447650449379,0.0014244665670632545,5.741986988394931e-05,0.0014256233872024066,0.04028792353848687,0.000758176453410426,-0.00036346593522007233,0.0008407966582779774,-0.44702807868092803
26,31946,False,0.5980400694244398,-0.0022472934837861466,-0.005702960958137151,0.006129770933102173,-1.9461692252276315,0.0012076311790151647,0.0005276052505974877,0.0013178544551609615,0.4119005970865727
26,31962,False,0.6357458332864967,-0.002699475890573216,-0.007336105336064945,0.007817007840959777,-1.923390615908532,0.0012977184495954336,0.0008680679971161092,0.0015612863997478328,0.5895600082962328
26,32006,False,0.6496275191253724,-0.002833200299635275,-0.007956793123187221,0.008446157750305926,-1.9128712361836082,0.0013235764021266366,0.000994869470223473,0.0016557837283441416,0.6445578502012953
26,32030,False,0.5225410910666415,-0.0008637332374564928,-0.0028830967173043955,0.0030096979560777287,-1.8618725690080322,0.0011181660111338639,0.00015469198088121082,0.0011288156791097335,0.1374717777032433
26,32094,False,0.4165246043451226,0.0019123601470369283,0.0005239182552370288,0.001982829208516385,0.26740299932059197,0.0007380594106978185,-0.0004002934710527722,0.0008396228657481214,-0.49695820027794396
26,32323,False,0.457668524715588,0.0007060700511238695,-0.0007143343775460229,0.001004394603748013,-0.791216388827595,0.0008941178906427929,-0.00022162697868788726,0.0009211760526901677,-0.2429750379904643
26,33012,False,0.5499655304359072,-0.0014086421035023548,-0.003862920493503034,0.004111742612917942,-1.920468725203606,0.0011326261565814176,0.00025259815016971795,0.0011604515655733148,0.21942893883577952
26,34142,False,0.6864211276201779,-0.00425574698257074,-0.008517052980044883,0.009521112006722291,-2.0341828247963907,0.0007606210052010753,0.004380244478012466,0.0044457941923476164,1.398862716999977
26,34183,False,0.7484384573476845,-0.0035440542321912476,-0.012049540105575185,0.012559925842001518,-1.8568532564970885,0.0007690501258795068,0.004065526314648706,0.00413762520187805,1.3838416355196457
26,34288,False,0.758679857604722,-0.0031091117796184916,-0.013002057385059414,0.013368622677843087,-1.8055134206947432,0.0010615494750530192,0.003030120533999186,0.0032106880475295096,1.23382539101798
26,34290,False,0.76836329709437,-0.003109605498150945,-0.013423720842418474,0.01377918457708259,-1.7984312892118433,0.0009645080181189798,0.003337750193683034,0.0034743131799604555,1.2894897209583325
26,34551,False,0.7889220531831569,-0.0036813960874906267,-0.014317382543611824,0.014783102517844888,-1.8224721105162438,0.0010921930047655382,0.001288781719913429,0.0016893323773733192,0.8677777878993269
26,34647,False,0.8268862447396437,-0.0025593303538860405,-0.016835221633681376,0.01702864819401399,-1.721663556757763,0.0010411910512016938,0.002173381211017073,0.002409909685756818,1.124036476389029
26,34666,False,0.8525563510624423,-0.002384168671730763,-0.01818402192207541,0.018339654127539635,-1.7011660563404036,0.0009634462971992463,0.002136389411467125,0.002343584537629438,1.1471365213834168
26,34758,False,0.8261280662208057,-0.0029256135551852126,-0.01661376994450727,0.01686939733491676,-1.7451049426408947,0.0010568976640682297,0.0018231539386207364,0.002107349747009543,1.0454307543393113
26,35777,False,0.765317278184317,-0.003637769772528974,-0.013195635513935657,0.013687883895422456,-1.8397944051968982,0.0011575743356033595,0.001273469838712832,0.0017209601310195556,0.8330352340079884
26,35842,False,0.8493864717202625,-0.0034210569607551005,-0.017401939091284326,0.017735025087817057,-1.7649114403867587,0.0009261477120492652,0.0014412935473057699,0.0017132065473956543,0.9996543322191999
26,35888,False,0.7551956685344222,-0.0035970128198407267,-0.012724029018977607,0.013222685646338371,-1.8463018722359656,0.0011872101391178082,0.0012851319924839623,0.0017495805647439972,0.8249843908282062
32,49275,False,0.30851962297855373,-0.0011423832172738932,-0.018223831581544826,0.018259602321179385,-1.633400635595166,0.0004934135039477655,0.0008766606376345457,0.0010059775143887758,1.0581539693934479
32,49325,False,0.2630405935891747,-0.0011944075858418093,-0.017338767083032874,0.017379857693340897,-1.6395742073273438,0.0005654365971808291,0.0008299467609637079,0.0010042560288420405,0.9727363016978562
32,49373,False,0.3282596923329945,-0.002002959541149852,-0.017464837964855012,0.017579317735968145,-1.6849827138765114,0.0004996296110499028,0.0007942847730517061,0.0009383592323517031,1.0093036858278823
32,49466,False,0.25073728673750595,-0.0013393319272576227,-0.016940286666657752,0.01699314927727977,-1.6496941486284773,0.0005837488934680019,0.0007971751166045906,0.0009880541165131892,0.9387381154468101
32,49536,False,0.23981655456704934,-0.003336580890269846,-0.013639311160912356,0.014041494969607129,-1.8107142585589366,0.0005651175203061894,0.00047465985045571084,0.0007380106946323028,0.6986194996339518
32,50172,False,0.21627695509635447,-0.004211067758953198,-0.011458778528081909,0.012208058691951237,-1.9229729326719667,0.0005252536664980714,0.00026856354302740406,0.0005899303270837155,0.4726487166058485
32,50238,False,0.20137078398690947,-0.005095094051608861,-0.00890568018760161,0.010260171684654203,-2.0904615118298246,0.00044437708740456577,4.7238221421020554e-05,0.0004468807954848658,0.10590439221499914
32,50242,False,0.1872072345768014,-0.005450665445945676,-0.007283714946526281,0.009097376392448347,-2.2132315664214075,0.0003843456189450701,-8.708878975652472e-05,0.00039408883783168127,-0.22282710295414843
32,50406,False,0.17977336844857592,-0.005575310022659233,-0.006532719501751212,0.008588393676196097,-2.277286394335862,0.0003553808643888844,-0.0001488403351210332,0.00038529080463038835,-0.3966238421997464
32,50450,False,0.17735200290333164,-0.005658718823198442,-0.005918642021490525,0.008188493274014079,-2.333747272400611,0.00032966152764254286,-0.00019174499438973902,0.00038136972307871545,-0.5268116013747822
32,50487,False,0.17048438376373704,-0.005665891779149226,-0.004872486063541985,0.007472847522359977,-2.431339996580938,0.00029069411446382745,-0.00026192960071079235,0.00039129296430222705,-0.7333942808262935
32,50652,False,0.32362193341399437,-0.0027378569024322156,-0.016299539690635908,0.016527881126896182,-1.7372142292038346,0.0005185996250121194,0.0006922953738561877,0.0008649962171740345,0.9278703931544873
32,50685,False,0.32268456942348733,-0.0036184440156814372,-0.01460240400569866,0.015044046657740232,-1.8137012871731026,0.0005215129822871144,0.000558147650291257,0.0007638747215477493,0.8193168011100623
32,50797,False,0.34237857918136805,-0.004138488596283699,-0.012897122716322694,0.013544846334361167,-1.88130153365123,0.0004749997122579084,0.0004592176567681461,0.0006606856914847805,0.768506426047068
32,51119,False,0.34664733527672537,-0.004982895320983811,-0.01050803623247407,0.011629620425571516,-2.0135905314768237,0.0004421297440236666,0.00029971598713985617,0.0005341426621209463,0.5957334233744025
32,51239,False,0.36328807894010945,-0.005162936822041944,-0.009068119050018999,0.010434878999476422,-2.0883743848985357,0.0003961919217970453,0.0002349524606850397,0.00046061990586511914,0.5352764319908719
32,56452,False,0.3710847843048902,-0.00536916230745527,-0.007092159208147816,0.008895314840831338,-2.2187980583255924,0.00034010302825104746,0.00013977115227760842,0.000367703746016468,0.3899248682086526
32,57128,False,0.37139743972044975,-0.005445899662450519,-0.005367890850935303,0.007646703559118374,-2.3634081918343677,0.0002818231463317851,5.863610584440304e-05,0.00028785843520199786,0.205133350347395
32,57232,False,0.3722245076753447,-0.005413252600646531,-0.00440723354408639,0.0069804735677836864,-2.458279248187467,0.00024542352459053696,1.8977290558680785e-05,0.00024615613739939636,0.07717109966572311
32,57542,True,0.3268107777487303,-0.005277500413547933,-0.00141773972866404,0.005464613120178865,-2.879150255668083,0.00010750972673213262,-0.00015859704625733315,0.00019160209921493163,-0.9750709383375106
32,57582,False,0.360596203061103,-0.005482749828338985,-0.0032110969368629562,0.0063538719862837835,-2.611774542442091,0.0001972511915774473,-4.800403872619775e-05,0.00020300842424084058,-0.23872428637366955
32,57633,False,0.34819354398636215,-0.0055698562880784055,-0.0027160091465427702,0.00619677373751459,-2.6878928084801066,0.00017478113328811914,-8.702924551146612e-05,0.00019524992734383875,-0.4619924196871113
32,57805,False,0.34449870240146496,-0.005265899928183513,-0.001455708646233991,0.005463404590213278,-2.871887602732264,0.00011236869917405354,-0.000131848276696756,0.00017323594494784642,-0.8649930541428329
37,30202,True,0.3670170894641065,0.0033899220118284246,0.0019117500368341532,0.0038918324025597837,0.5134910489323768,0.0007518358501244311,-0.0004427593173774653,0.0008725210362259955,-0.5322208998191514
37,30214,False,0.3646032498115897,0.0033906142318831703,0.0019934321535488384,0.003933196743140503,0.5314946665182613,0.0008104185880853793,-0.00039442873996313097,0.0009013058963654918,-0.45294912729177955
37,30273,False,0.3581327362971076,0.0034014818715632604,0.0022710693914275455,0.004089967616406343,0.588697302010068,0.0009487720034216141,-0.0002640448546720549,0.0009848289190288078,-0.2714331699254574
37,30522,False,0.3771052399031078,0.0028254655468223583,0.00173566041680662,0.0033159874304269457,0.5508619787022617,0.0009653766393484542,-0.00022404970806787255,0.0009910349779321689,-0.22804799504303833
37,30572,False,0.3764072797449027,0.0024883084072301106,0.002045607192419698,0.0032212090145116706,0.6880645681486224,0.0012167433660554825,9.940165839640973e-05,0.0012207969153516004,0.08151382235990606
37,31127,False,0.40560905495303484,0.0012375655206178639,0.0015934197742214268,0.0020175616458244904,0.910442121296063,0.0014459288443789374,0.0006459811660804391,0.0015836672282830296,0.42015511953448237
37,31178,False,0.416711507523379,0.0007117028456429364,0.001468190079172683,0.0016315952467071428,1.1194242439587105,0.001520641811698998,0.0009395488548840328,0.0017874852643311799,0.5534508793299698
37,31194,False,0.39581844627577856,0.0017421358747369718,0.0016626167707785963,0.002408180211803054,0.7620470837432564,0.0013449065619722518,0.00036006189016134324,0.001392270887860039,0.2615879681988169
37,31195,False,0.3814394125547144,0.002070505190926732,0.002157130254353882,0.002990017170503104,0.8058854888733189,0.0013539736742163736,0.0003542876901437945,0.001399558672531599,0.2559271146289807
37,31450,False,0.5249065136589014,-0.0015036877142696025,-0.0024564776118267736,0.002880166488148126,-2.120088441990264,0.0015620711786249694,0.001449248697107871,0.0021308186579715466,0.7479495559570107
37,31554,False,0.4689467931376032,-0.0006369131498222172,-0.00018720666483627738,0.0006638559299844962,-2.8557156868969957,0.0015713398381536027,0.0013568497957050143,0.002076090136548346,0.7122787008420106
37,31811,False,0.5497297335628011,-0.001551015465193943,-0.0037629745313625907,0.004070089224692045,-1.9617567315659574,0.0014881781314853497,0.001074101472049779,0.001835311451304854,0.6251785604609144
37,31847,False,0.5852739755259508,-0.0020627838190201402,-0.005229266554656024,0.0056214149271918545,-1.9465255702563955,0.0014443241795878527,0.0010305851316093355,0.0017743105842090768,0.6197564715054424
37,31963,False,0.6074083967975873,-0.0023634814480326333,-0.00611574670488543,0.006556554149361646,-1.9395746479294314,0.0012493383621368787,0.0006439474643726796,0.0014055300352460855,0.475915901319247
37,32613,False,0.42469351246571463,0.0016840098238919236,0.0010221217225125344,0.001969929415638159,0.5455193192025238,0.0004350075304681897,-0.0004368001670836167,0.0006164624380514262,-0.7874543898955596
37,32671,False,0.4577866875279225,0.0006843000473003577,0.0004201158697023006,0.0008029719165145144,0.550602991918407,0.00031513290168150385,-0.00041222915020154696,0.0005188849756912354,-0.9181045522775624
37,32863,False,0.4773016190709482,0.00011272144058183732,-0.0001481974255939845,0.00018619505933168383,-0.920535067111202,0.00032261570724021214,-0.00039393582758577973,0.0005091820212986662,-0.8846038606168629
37,32928,False,0.5318691761710016,-0.0014224283579884916,-0.0018530525725524844,0.002336045006041882,-2.225475168263775,0.00042005167478915127,-0.0002944418198673831,0.0005129711441981775,-0.611373796961766
37,33192,False,0.6332347005940121,-0.002833553166237414,-0.006995244995878615,0.007547348945044139,-1.9556644210575826,0.0011070120968641164,0.000477798039883515,0.0012057225010424317,0.40745644638154116
37,33214,False,0.6367085527081953,-0.002886775339850341,-0.00712221635486268,0.007685013836567992,-1.955880312914664,0.001093367449402301,0.0004696672910207974,0.001189974681943825,0.40572694494566014
37,33326,False,0.6460998242925728,-0.003324188628501929,-0.006997979892296867,0.007747383597760782,-2.0142619396735357,0.0009225861351124625,0.00030877952323989447,0.0009728874398788421,0.3229702477121684
37,33577,False,0.5585726194149145,-0.0021501076359991527,-0.0025111464929689527,0.0033058765184943214,-2.2788935238794363,0.00042278022727661256,-0.0002256168860599522,0.00047921404387961505,-0.49020423455168366
37,33700,False,0.6358222501279149,-0.003570094713383336,-0.00580768839133235,0.006817244363622606,-2.1219681696801302,0.0007061735298762143,0.00011150518696035877,0.0007149226958328412,0.15660754624324505
37,33794,False,0.6192526782746125,-0.0035244481294926604,-0.004644404750797549,0.005830285593923779,-2.219943098642285,0.0005588907216206049,-2.559668875589139e-05,0.000559476567149033,-0.04576711227865758
37,37958,False,0.568557360366932,-0.0023875050567954935,-0.0028434767102940867,0.003712888390217101,-2.2692467508514587,0.00044236839252677655,-0.00019436845338390303,0.000483186186037613,-0.41398851083862814
38,32541,False,0.42819540797655387,0.0016146473748876824,0.0005582266696732554,0.0017084212478092684,0.3328627882825215,0.0005108275031826295,-0.00046518708644773524,0.0006909006899732639,-0.7386701803331657
38,32586,False,0.4164134105023232,0.0019396465791875768,0.00111821161118005,0.002238889470146294,0.5229629123187334,0.0004776309147856985,-0.00044665836826733173,0.0006539380618240985,-0.7519011165868326
38,32697,False,0.4505886958701719,0.000958371641743783,-0.00012323681974636325,0.0009662626544785179,-0.12788799325619346,0.0005299489372147546,-0.00044061132234607603,0.0006891909847310872,-0.6936093459750835
38,32772,False,0.5011373457481938,-0.0004664354060153408,-0.00162477401181997,0.0016904001234826788,-1.8503554890023093,0.0006200219742089814,-0.0003146862792121647,0.0006953090700015348,-0.4696618173244358
38,32777,False,0.5124475368663731,-0.0007739088518778218,-0.0019179490989432323,0.002068203001920267,-1.954323648305108,0.0006193801024984471,-0.00028657056493242104,0.0006824620136364175,-0.43334282678680647
38,33153,False,0.5621688915225633,-0.0018918819701871203,-0.0036972055083077725,0.0041531368818978785,-2.043764762255311,0.0007714077519365419,-6.726575798437351e-05,0.0007743349417048166,-0.08697870066976945
38,33326,False,0.6460998242925728,-0.003324188628501929,-0.006997979892296867,0.007747383597760782,-2.0142619396735357,0.0009225861351124625,0.00030877952323989447,0.0009728874398788421,0.3229702477121684
38,33397,False,0.5372527938315996,-0.0013351699645690936,-0.0028866811604148757,0.0031805041984222576,-2.004019304409652,0.0007412271901129168,-0.00016275209790705248,0.0007588847031900413,-0.21614120517908686
38,33503,False,0.5989532100945578,-0.002815741970168689,-0.004567456818029009,0.005365637392438025,-2.1232448230407526,0.0006794545081199264,-1.4062992543278529e-05,0.0006796000267537983,-0.0206945200363641
38,33651,False,0.6514014200198845,-0.0034047974417020506,-0.007193107386077818,0.007958230926950291,-2.0128907430612166,0.000916294831234171,0.0003230522756080132,0.0009715755197214336,0.33895689121828054
38,33731,False,0.6981217324378054,-0.0038384127392795263,-0.00932488174801479,0.01008398889187819,-1.9612892572510203,0.0009516118638337969,0.000541560200508562,0.0010949212712172993,0.5173872930831523
38,33842,False,0.6928522738902164,-0.004490130978492924,-0.00792734880074034,0.009110660525594241,-2.0861511603414895,0.000714572742488618,0.00031409953043709516,0.0007805592349902143,0.41414045239706815
38,33872,False,0.6619436762315115,-0.004336862084400727,-0.006183346829905309,0.007552625421534729,-2.1824463786298,0.0006034711212002839,0.00012400418531751252,0.0006160798910035838,0.20266386828084762
38,38651,False,0.6786848444405353,-0.0049002032407909814,-0.006384881744738993,0.008048522019312594,-2.225384610821164,0.0005563105620474667,0.00012912561110748477,0.0005710996978544549,0.22807207626204692
38,38696,False,0.6471341840020652,-0.004489324904365626,-0.004796367978454267,0.006569564968983785,-2.3231402801626295,0.0004475534265263476,-4.082340721646162e-06,0.0004475720445930939,-0.009121207138683243
38,38805,False,0.6311572935494897,-0.004229913322214314,-0.004009766835110651,0.005828412887347587,-2.382905979227131,0.00038357939817019077,-6.241050057885797e-05,0.0003886235006829996,-0.16129216907571123
38,38807,False,0.6313991003385376,-0.004232141440561688,-0.004025390144190148,0.005840786504047442,-2.3812271657068544,0.0003850152104911077,-6.138412070547974e-05,0.00038987783033188344,-0.15810234254254382
38,39239,False,0.6046690674864823,-0.003745576511540283,-0.002641523401317761,0.0045833382248653244,-2.5273598053499424,0.0002560202513232837,-0.0001355906695679501,0.00028970881719671976,-0.48705339888637433
38,39264,False,0.5858285858306617,-0.003276545392074313,-0.0018859973873514887,0.003780573481817283,-2.6193034805051667,0.0001881382217604737,-0.0001702053377902766,0.00025370425203274645,-0.7353960476450478
38,39656,True,0.49669631121047736,-0.0006278440585539475,0.0005200397797785492,0.0008152481428458544,2.449835494573618,5.397324822749084e-05,-0.0002896562770042485,0.0002946419358003682,-1.386573561185988
38,39687,False,0.5028960902574833,-0.0008466164143919331,0.0005392339523860727,0.0010037592383254855,2.5744616322016998,1.624782851328541e-05,-0.00026764231386918613,0.00026813504079968564,-1.5101634898388216
38,39700,False,0.518421668529378,-0.0013109025931435443,0.00011507060634117122,0.0013159433320451886,3.0540373952919273,4.031191781801885e-05,-0.00025607600210898626,0.00025922956925144213,-1.4146560206752015
38,39835,False,0.5755388462202093,-0.0030487416838043393,-0.001370767270997224,0.0033427277432963778,-2.719056953893555,0.00013714939683442265,-0.00018556688272039764,0.00023074883534833225,-0.9343185491733697
38,39855,False,0.5808277707000313,-0.0031686207872951132,-0.0016309625411746833,0.003563733506365716,-2.6662360033041193,0.0001627296036949331,-0.0001783664675878236,0.00024144465344767547,-0.8312090799143184
38,39863,False,0.5665361961173201,-0.0027924615839452823,-0.0010754392266389932,0.0029923922249605033,-2.773977303935595,0.0001119795907939299,-0.00019725165541849832,0.00022682073167969895,-1.0544661632029868
38,39904,False,0.5612184138242468,-0.0026283796956071055,-0.0009453763880497961,0.002793226868580814,-2.7963201255378927,0.00010336797529774183,-0.00020522997612442366,0.0002297918219110203,-1.1042178335852464
38,39934,False,0.5222738957994695,-0.0014347569011016743,4.136295822632736e-05,0.0014353530086958096,3.1127713915086113,4.201317758969438e-05,-0.0002490285992183705,0.0002525477188965424,-1.4036619101878782
39,33700,False,0.6358222501279149,-0.003570094713383336,-0.00580768839133235,0.006817244363622606,-2.1219681696801302,0.0007061735298762143,0.00011150518696035877,0.0007149226958328412,0.15660754624324505
39,33737,False,0.6823704406525626,-0.0042478276804263325,-0.007733006374827265,0.008822892246634052,-2.0731106212045196,0.000769456836813687,0.0003089319233826045,0.0008291578601232701,0.381793219132894
39,33794,False,0.6192526782746125,-0.0035244481294926604,-0.004644404750797549,0.005830285593923779,-2.219943098642285,0.0005588907216206049,-2.559668875589139e-05,0.000559476567149033,-0.04576711227865758
39,33878,False,0.6289221277333407,-0.003812622848901314,-0.004753902127411397,0.006093905022641146,-2.246754739774849,0.0005218991826988887,-1.1653942152140294e-05,0.0005220292820038484,-0.022326162106360792
39,36241,False,0.7489502756947966,-0.004267391885909336,-0.011523707618374431,0.012288469016997428,-1.9254525311780897,0.0009198128194704273,0.0007539766399684646,0.0011893428422789926,0.6866421887252826
39,36312,False,0.7838959025949197,-0.004441215880060038,-0.013216062685931115,0.01394233522089317,-1.8949870307764245,0.0009252787897903055,0.0009161218650363474,0.0013020829890730806,0.7804254002721531
39,36338,False,0.7773819090354918,-0.005084618542221291,-0.011782682700367414,0.012832963700464446,-1.9781875973813394,0.0007063455456915359,0.000674187522251319,0.0009764491000956714,0.7621084576348709
39,36479,False,0.7910509417290654,-0.0050061294282798124,-0.012572212348419723,0.013532252406249543,-1.9497413991381791,0.0007065141943487424,0.0007535415818947691,0.0010329507357375392,0.8175963408474458
39,36511,False,0.7912754950604286,-0.005169858320727206,-0.012380981176338604,0.013417008979099745,-1.9663522276320518,0.0006776670428366877,0.0007220546299282007,0.0009902502257246762,0.817099263489347
39,36580,False,0.8492539641906213,-0.005137433524849638,-0.015200462820394264,0.01604516416794909,-1.896721919456469,0.0005046214589805475,0.0009059028870219917,0.0010369681082745196,1.0625664598473554
39,37234,False,0.8881352871344772,-0.004945865440922199,-0.01726363038007332,0.017958132387848658,-1.8498134353914075,0.0003728789963764195,0.0010529621782674585,0.0011170354044525343,1.2304524535812424
39,37364,False,0.871523371909958,-0.005218563440093652,-0.016207131358605614,0.017026582488960593,-1.8823050128406669,0.00039014890492073204,0.0009662036479772924,0.0010420007952854325,1.1870220597238372
39,37400,False,0.7873714813201861,-0.006162121517485078,-0.011015510318137196,0.01262193365397076,-2.080830886453058,0.00043454628366681645,0.0005522521002847667,0.0007027181902566471,0.9041177548525543
39,38730,False,0.5952256099825719,-0.0033315162177177996,-0.0027937966262790138,0.004347907530976793,-2.4437564893145676,0.0003053062474793961,-0.00014900015021517487,0.0003397248143926124,-0.45402991526269915
39,39073,False,0.5868440535738851,-0.003154439742047112,-0.0023997515843310613,0.003963495648124984,-2.4912446508724275,0.00026628617705132663,-0.00017036453601269606,0.00031612086805434355,-0.5691570113583772
39,39183,False,0.580729346846147,-0.003025125579327797,-0.0020952949811398674,0.003679897529645799,-2.5358296399586853,0.0002348282492430985,-0.0001834534210445522,0.0002979923897275374,-0.6631867328712492
39,39774,False,0.5577534732285633,-0.0024936955252197624,-0.0009735841560816662,0.0026770101758256948,-2.769373628667499,0.00011513436537626573,-0.00021600562980773381,0.00024477408808783494,-1.0810864214412825
39,39885,False,0.5379634457965815,-0.0019080900577517705,-0.00038829823024706287,0.0019471988044635184,-2.940833027521486,7.069460297152083e-05,-0.00023521173851251336,0.00024560596251593716,-1.2788283344958393
39,39930,False,0.5468989324945793,-0.002216943467870422,-0.0004396614387210206,0.0022601195810026445,-2.945814209801366,5.5131176070900384e-05,-0.00021297533803056243,0.00021999532082340512,-1.3174947075460697
39,40531,False,0.5776946253700607,-0.003203354794723965,-0.0011254067331170662,0.0033952941339192165,-2.8037412253039706,0.00010485353073165591,-0.00016805033597491444,0.0001980787175043698,-1.0129587475983866
39,40557,False,0.5663137886401433,-0.002836410738322199,-0.0008770109779163947,0.0029689011657270357,-2.841719333118066,8.607064504274428e-05,-0.0001861817469691276,0.0002051141117586753,-1.1377661350376391
39,40820,False,0.5832107528621163,-0.003397806797788689,-0.0012003439642108917,0.0036035977394149508,-2.8020074713089724,0.00010990531506954921,-0.00015506342999714386,0.00019006274122777462,-0.9542043487129614
39,41969,False,0.6105214947399618,-0.004256167298677261,-0.0019259146173972233,0.0046716278948385846,-2.716661883206905,0.0001706281528345183,-9.905420178177491e-05,0.00019729597418686554,-0.5259778364081183
39,41971,False,0.6054347315968973,-0.004184796578274025,-0.001632705644758394,0.004492020717222919,-2.769604883711207,0.00014949108976736593,-9.771676893950449e-05,0.000178594940722886,-0.5789458375727872
39,41996,False,0.6077182740179836,-0.004291908065999541,-0.001657052250200414,0.004600684406355883,-2.773137003403255,0.00015396846247832903,-8.955907352267418e-05,0.00017812106862519206,-0.5268336684734923
39,42145,False,0.6517309217058439,-0.005558630238686711,-0.003379412190868858,0.006505289915617545,-2.5953424219672163,0.0002760220833279424,1.64308631661924e-05,0.0002765106937336849,0.059457187299355896
39,42209,False,0.6135810330569036,-0.004578173592403307,-0.0017604279986497857,0.004904975043831424,-2.7744964559547296,0.00016857886636413374,-6.629045943990335e-05,0.00018114430489907745,-0.37465756601623357
39,42220,False,0.6100309950128739,-0.004442064176310797,-0.0016520836834982735,0.004739336941360567,-2.785526733052309,0.0001584891669594163,-7.61232666745992e-05,0.00017582254625815734,-0.4477684853702668
39,42318,False,0.7472729260261717,-0.0062537820592590354,-0.008642633974151234,0.010667938510127593,-2.197184134094534,0.00042818589712868214,0.00036410122865085604,0.0005620612664158217,0.7046882102868526
39,42402,True,0.6981499073302528,-0.006112471403088587,-0.005809325714379311,0.008432708456321993,-2.381616863641466,0.0003852859884067052,0.00015022028124152143,0.0004135352775263721,0.37176313208508543
39,42428,False,0.6830503164492205,-0.00601668365489616,-0.005021935068342997,0.007837111332228718,-2.4460670501429695,0.00035161787900558797,0.00010950785442205925,0.0003682758517965999,0.3019188370236448
39,42509,False,0.6744352045278774,-0.005933375966151562,-0.00457447268005939,0.007492045825828531,-2.4848033860634935,0.0003324790892349881,8.533139301425931e-05,0.0003432547034088261,0.2512294185904277
39,42878,False,0.63907809987001,-0.005324287009911706,-0.002792548537240774,0.006012184253394112,-2.658543589223918,0.00024307166773804626,-8.332136144836437e-06,0.0002432144324453038,-0.03426509989772915
39,42910,False,0.6000472621935914,-0.004421994360933805,-0.0011440193453784106,0.004567582992210477,-2.888432193062939,0.00013701093899827997,-6.62567952468055e-05,0.0001521905395271582,-0.45043171561739426
48,37786,False,0.497999106819449,-0.000533669022107785,-0.0004032791944077719,0.0006689071189632092,-2.494470791653392,0.0002567208097361514,-0.00035013032972456247,0.00043416220695106114,-0.9381244469518025
48,37789,False,0.45541930070909603,0.0007206066002614865,0.0007240669908939566,0.0010215414233611122,0.7877934338833645,0.0002771595385910847,-0.00038791481676118906,0.00047675498413219536,-0.9504145170673503
48,37797,False,0.46660050479646825,0.00038385107521609794,0.0005161443672582732,0.0006432314169853629,0.9313462752735476,0.00024030647057091744,-0.0003784714571033215,0.0004483166778518981,-1.0050814266955148
48,38023,False,0.5329148487128598,-0.0015624966820808213,-0.0012214369823719696,0.001983255955094934,-2.478097040982615,0.00025574676263989086,-0.0002844470310191502,0.00038251342467473485,-0.8384778355067108
48,38044,False,0.5207504062411425,-0.0012343981680865228,-0.0007860039228618665,0.0014634004934157999,-2.574587971572431,0.00021926519032890662,-0.00030560731059138714,0.00037612903633842495,-0.9484390965114035
48,38093,False,0.5660335969506596,-0.0025122790233757164,-0.002049289494680735,0.0032420878032993596,-2.457345970027089,0.0002800649052196224,-0.00021477630691884198,0.0003529379735157053,-0.654217367956068
48,38696,False,0.6471341840020652,-0.004489324904365626,-0.004796367978454267,0.006569564968983785,-2.3231402801626295,0.0004475534265263476,-4.082340721646162e-06,0.0004475720445930939,-0.009121207138683243
48,38713,False,0.6387329413442778,-0.004278512794390018,-0.004559964111158868,0.006252914874425843,-2.3243613764039246,0.00044543019724614696,-2.3844133059812176e-05,0.00044606793574534744,-0.05347952830384239
48,38720,False,0.5997554568780705,-0.0034148755367237387,-0.003015069189638291,0.004555438195126825,-2.418293359088633,0.0003267265788551191,-0.00013372647680469994,0.00035303403225322104,-0.388490710787944
48,38787,False,0.6681194285763247,-0.004939820389298806,-0.005530202649462548,0.007415184881218727,-2.2998662735107844,0.0004742536728239981,5.857521434994677e-05,0.000477857302887791,0.1228879470396953
48,38873,False,0.7020404238930835,-0.005484271085008867,-0.006975909444068759,0.008873586755405732,-2.2370490718973297,0.0005359805618202456,0.00018550565518177806,0.0005671750265602029,0.3332008522376927
48,39315,False,0.6717099112598817,-0.0052764985011412935,-0.005149024654796842,0.007372509160947313,-2.368420974416094,0.00041079204540673484,4.619553129791586e-05,0.0004133813392998596,0.11198431266740311
48,39347,False,0.6526759888716334,-0.004975138587148278,-0.004183460712020049,0.006500257494157217,-2.4424210874665007,0.00034240014549693197,-1.614777668099106e-05,0.00034278070296920064,-0.04712562576202109
48,39468,False,0.6328875128667801,-0.00461115954398638,-0.003219873744219704,0.00562408919459961,-2.5320229675322183,0.0002710798912953711,-6.999649000122563e-05,0.00027997109864627437,-0.25269396081779344
48,40342,True,0.5072308657167155,-0.00104888061204908,0.0006762287178840655,0.0012479726828835554,2.5689419326395773,-3.1057245468251104e-05,-0.00023714176668304679,0.00023916682462589122,-1.7010200682244103
48,40514,False,0.6102930135820743,-0.004091432211213779,-0.002281508225150867,0.004684559458517816,-2.632909819455268,0.00020022012525857492,-0.00012018794542058223,0.0002335235336812551,-0.5406246545732405
48,40546,False,0.5832058918693022,-0.003366331425224215,-0.0012890298036927156,0.003604689320768182,-2.775898074598907,0.00011823547957509701,-0.00016022326231611146,0.00019912589589897805,-0.9350570876569189
48,40656,False,0.5636166139562144,-0.00282433069493048,-0.0005847445139415639,0.0028842278032276234,-2.9374387861232045,5.7683107636739416e-05,-0.00017417515315028433,0.00018347840440105387,-1.2509861588230233
48,40678,False,0.6085745581466684,-0.004046381432852416,-0.002219812720515136,0.004615275854625981,-2.6398310382921557,0.00019545438879039836,-0.0001235182664868488,0.00023121241370943816,-0.5635846289464134
48,40698,False,0.5919575741989002,-0.0036078146928017435,-0.0015969078209367915,0.0039454329858920716,-2.7248889476326363,0.00014402258534504015,-0.00014878406547647798,0.00020707294180838368,-0.8016582465648076
48,40798,False,0.577455642888325,-0.0032426487715591147,-0.0009861617442100282,0.003389289902241648,-2.8463582529576072,9.18305134019787e-05,-0.00015945280689438866,0.0001840055456179791,-1.0482782036114366
48,40904,False,0.5441656689384322,-0.0022326206964105454,-4.17377850689443e-05,0.002233010796378551,-3.1229003052173114,1.203345633285918e-05,-0.00019106501644687338,0.0001914435806736774,-1.507898452136184
48,40950,False,0.5156044914266006,-0.0013188660488728174,0.0005516519961019418,0.0014295900040475428,2.7454297733593145,-3.0535974969861496e-05,-0.0002235833953986668,0.00022565899154555438,-1.7065318593713221
48,40996,False,0.5451308486264905,-0.002306138687281687,3.5097985942315644e-05,0.002306405756495268,3.1263744550465837,5.40264332116948e-06,-0.000180057952242201,0.0001801389872307228,-1.540800301664214
